store_id,item_id,wm_yr_wk,sell_price
CA_1,HOBBIES_1_001,11325,9.58
CA_1,HOBBIES_1_001,11326,9.58
CA_1,HOBBIES_1_001,11327,8.26
CA_1,HOBBIES_1_001,11328,8.26
CA_1,HOBBIES_1_001,11329,8.26
CA_1,HOBBIES_1_001,11330,8.26
CA_1,HOBBIES_1_001,11331,8.26
CA_1,HOBBIES_1_001,11332,8.26
CA_1,HOBBIES_1_001,11333,8.26
CA_1,HOBBIES_1_001,11334,8.26
CA_1,HOBBIES_1_001,11335,8.26
CA_1,HOBBIES_1_001,11336,8.26
CA_1,HOBBIES_1_001,11337,8.26
CA_1,HOBBIES_1_001,11338,8.26
CA_1,HOBBIES_1_001,11339,8.26
CA_1,HOBBIES_1_001,11340,8.26
CA_1,HOBBIES_1_001,11341,8.26
CA_1,HOBBIES_1_001,11342,8.26
CA_1,HOBBIES_1_001,11343,8.26
CA_1,HOBBIES_1_001,11344,8.26
CA_1,HOBBIES_1_001,11345,8.26
CA_1,HOBBIES_1_001,11346,8.26
CA_1,HOBBIES_1_001,11347,8.26
CA_1,HOBBIES_1_001,11348,8.26
CA_1,HOBBIES_1_001,11349,8.26
CA_1,HOBBIES_1_001,11350,8.26
CA_1,HOBBIES_1_001,11351,8.26
CA_1,HOBBIES_1_001,11352,8.26
CA_1,HOBBIES_1_001,11353,8.26
CA_1,HOBBIES_1_001,11401,8.26
CA_1,HOBBIES_1_001,11402,8.26
CA_1,HOBBIES_1_001,11403,8.26
CA_1,HOBBIES_1_001,11404,8.26
CA_1,HOBBIES_1_001,11405,8.26
CA_1,HOBBIES_1_001,11406,8.26
CA_1,HOBBIES_1_001,11407,8.26
CA_1,HOBBIES_1_001,11408,8.26
CA_1,HOBBIES_1_001,11409,8.26
CA_1,HOBBIES_1_001,11410,8.26
CA_1,HOBBIES_1_001,11411,8.26
CA_1,HOBBIES_1_001,11412,8.26
CA_1,HOBBIES_1_001,11413,8.26
CA_1,HOBBIES_1_001,11414,8.26
CA_1,HOBBIES_1_001,11415,8.26
CA_1,HOBBIES_1_001,11416,8.26
CA_1,HOBBIES_1_001,11417,8.26
CA_1,HOBBIES_1_001,11418,8.26
CA_1,HOBBIES_1_001,11419,8.26
CA_1,HOBBIES_1_001,11420,8.26
CA_1,HOBBIES_1_001,11421,8.26
CA_1,HOBBIES_1_001,11422,8.26
CA_1,HOBBIES_1_001,11423,8.26
CA_1,HOBBIES_1_001,11424,8.26
CA_1,HOBBIES_1_001,11425,8.26
CA_1,HOBBIES_1_001,11426,8.26
CA_1,HOBBIES_1_001,11427,8.26
CA_1,HOBBIES_1_001,11428,8.26
CA_1,HOBBIES_1_001,11429,8.26
CA_1,HOBBIES_1_001,11430,8.26
CA_1,HOBBIES_1_001,11431,8.26
CA_1,HOBBIES_1_001,11432,8.26
CA_1,HOBBIES_1_001,11433,8.26
CA_1,HOBBIES_1_001,11434,8.26
CA_1,HOBBIES_1_001,11435,8.26
CA_1,HOBBIES_1_001,11436,8.26
CA_1,HOBBIES_1_001,11437,8.26
CA_1,HOBBIES_1_001,11438,8.26
CA_1,HOBBIES_1_001,11439,8.26
CA_1,HOBBIES_1_001,11440,8.26
CA_1,HOBBIES_1_001,11441,8.26
CA_1,HOBBIES_1_001,11442,8.26
CA_1,HOBBIES_1_001,11443,8.26
CA_1,HOBBIES_1_001,11444,8.26
CA_1,HOBBIES_1_001,11445,8.26
CA_1,HOBBIES_1_001,11446,8.26
CA_1,HOBBIES_1_001,11447,8.26
CA_1,HOBBIES_1_001,11448,8.26
CA_1,HOBBIES_1_001,11449,8.26
CA_1,HOBBIES_1_001,11450,8.26
CA_1,HOBBIES_1_001,11451,8.26
CA_1,HOBBIES_1_001,11452,8.26
CA_1,HOBBIES_1_001,11501,8.26
CA_1,HOBBIES_1_001,11502,8.26
CA_1,HOBBIES_1_001,11503,8.26
CA_1,HOBBIES_1_001,11504,8.26
CA_1,HOBBIES_1_001,11505,8.26
CA_1,HOBBIES_1_001,11506,8.26
CA_1,HOBBIES_1_001,11507,8.26
CA_1,HOBBIES_1_001,11508,8.26
CA_1,HOBBIES_1_001,11509,8.26
CA_1,HOBBIES_1_001,11510,8.26
CA_1,HOBBIES_1_001,11511,8.26
CA_1,HOBBIES_1_001,11512,8.26
CA_1,HOBBIES_1_001,11513,8.26
CA_1,HOBBIES_1_001,11514,8.26
CA_1,HOBBIES_1_001,11515,8.26
CA_1,HOBBIES_1_001,11516,8.26
CA_1,HOBBIES_1_001,11517,8.26
CA_1,HOBBIES_1_001,11518,8.26
CA_1,HOBBIES_1_001,11519,8.26
CA_1,HOBBIES_1_001,11520,8.26
CA_1,HOBBIES_1_001,11521,8.26
CA_1,HOBBIES_1_001,11522,8.26
CA_1,HOBBIES_1_001,11523,8.26
CA_1,HOBBIES_1_001,11524,8.26
CA_1,HOBBIES_1_001,11525,8.26
CA_1,HOBBIES_1_001,11526,8.26
CA_1,HOBBIES_1_001,11527,8.26
CA_1,HOBBIES_1_001,11528,8.26
CA_1,HOBBIES_1_001,11529,8.26
CA_1,HOBBIES_1_001,11530,8.26
CA_1,HOBBIES_1_001,11531,8.26
CA_1,HOBBIES_1_001,11532,8.26
CA_1,HOBBIES_1_001,11533,8.26
CA_1,HOBBIES_1_001,11534,8.26
CA_1,HOBBIES_1_001,11535,8.26
CA_1,HOBBIES_1_001,11536,8.26
CA_1,HOBBIES_1_001,11537,8.26
CA_1,HOBBIES_1_001,11538,8.26
CA_1,HOBBIES_1_001,11539,8.26
CA_1,HOBBIES_1_001,11540,8.26
CA_1,HOBBIES_1_001,11541,8.26
CA_1,HOBBIES_1_001,11542,8.26
CA_1,HOBBIES_1_001,11543,8.26
CA_1,HOBBIES_1_001,11544,8.26
CA_1,HOBBIES_1_001,11545,8.26
CA_1,HOBBIES_1_001,11546,8.26
CA_1,HOBBIES_1_001,11547,8.26
CA_1,HOBBIES_1_001,11548,8.26
CA_1,HOBBIES_1_001,11549,8.26
CA_1,HOBBIES_1_001,11550,8.26
CA_1,HOBBIES_1_001,11551,8.26
CA_1,HOBBIES_1_001,11552,8.26
CA_1,HOBBIES_1_001,11601,8.26
CA_1,HOBBIES_1_001,11602,8.26
CA_1,HOBBIES_1_001,11603,8.26
CA_1,HOBBIES_1_001,11604,8.26
CA_1,HOBBIES_1_001,11605,8.26
CA_1,HOBBIES_1_001,11606,8.26
CA_1,HOBBIES_1_001,11607,8.26
CA_1,HOBBIES_1_001,11608,8.26
CA_1,HOBBIES_1_001,11609,8.26
CA_1,HOBBIES_1_001,11610,8.26
CA_1,HOBBIES_1_001,11611,8.38
CA_1,HOBBIES_1_001,11612,8.38
CA_1,HOBBIES_1_001,11613,8.38
CA_1,HOBBIES_1_001,11614,8.38
CA_1,HOBBIES_1_001,11615,8.38
CA_1,HOBBIES_1_001,11616,8.38
CA_1,HOBBIES_1_001,11617,8.38
CA_1,HOBBIES_1_001,11618,8.38
CA_1,HOBBIES_1_001,11619,8.38
CA_1,HOBBIES_1_001,11620,8.38
CA_1,HOBBIES_1_001,11621,8.38
CA_1,HOBBIES_1_002,11121,3.97
CA_1,HOBBIES_1_002,11122,3.97
CA_1,HOBBIES_1_002,11123,3.97
CA_1,HOBBIES_1_002,11124,3.97
CA_1,HOBBIES_1_002,11125,3.97
CA_1,HOBBIES_1_002,11126,3.97
CA_1,HOBBIES_1_002,11127,3.97
CA_1,HOBBIES_1_002,11128,3.97
CA_1,HOBBIES_1_002,11129,3.97
CA_1,HOBBIES_1_002,11130,3.97
CA_1,HOBBIES_1_002,11131,3.97
CA_1,HOBBIES_1_002,11132,3.97
CA_1,HOBBIES_1_002,11133,3.97
CA_1,HOBBIES_1_002,11134,3.97
CA_1,HOBBIES_1_002,11135,3.97
CA_1,HOBBIES_1_002,11136,3.97
CA_1,HOBBIES_1_002,11137,3.97
CA_1,HOBBIES_1_002,11138,3.97
CA_1,HOBBIES_1_002,11139,3.97
CA_1,HOBBIES_1_002,11140,3.97
CA_1,HOBBIES_1_002,11141,3.97
CA_1,HOBBIES_1_002,11142,3.97
CA_1,HOBBIES_1_002,11143,3.97
CA_1,HOBBIES_1_002,11144,3.97
CA_1,HOBBIES_1_002,11145,3.97
CA_1,HOBBIES_1_002,11146,3.97
CA_1,HOBBIES_1_002,11147,3.97
CA_1,HOBBIES_1_002,11148,3.97
CA_1,HOBBIES_1_002,11149,3.97
CA_1,HOBBIES_1_002,11150,3.97
CA_1,HOBBIES_1_002,11151,3.97
CA_1,HOBBIES_1_002,11152,3.97
CA_1,HOBBIES_1_002,11201,3.97
CA_1,HOBBIES_1_002,11202,3.97
CA_1,HOBBIES_1_002,11203,3.97
CA_1,HOBBIES_1_002,11204,3.97
CA_1,HOBBIES_1_002,11205,3.97
CA_1,HOBBIES_1_002,11206,3.97
CA_1,HOBBIES_1_002,11207,3.97
CA_1,HOBBIES_1_002,11208,3.97
CA_1,HOBBIES_1_002,11209,3.97
CA_1,HOBBIES_1_002,11210,3.97
CA_1,HOBBIES_1_002,11211,3.97
CA_1,HOBBIES_1_002,11212,3.97
CA_1,HOBBIES_1_002,11213,3.97
CA_1,HOBBIES_1_002,11214,3.97
CA_1,HOBBIES_1_002,11215,3.97
CA_1,HOBBIES_1_002,11216,3.97
CA_1,HOBBIES_1_002,11217,3.97
CA_1,HOBBIES_1_002,11218,3.97
CA_1,HOBBIES_1_002,11219,3.97
CA_1,HOBBIES_1_002,11220,3.97
CA_1,HOBBIES_1_002,11221,3.97
CA_1,HOBBIES_1_002,11222,3.97
CA_1,HOBBIES_1_002,11223,3.97
CA_1,HOBBIES_1_002,11224,3.97
CA_1,HOBBIES_1_002,11225,3.97
CA_1,HOBBIES_1_002,11226,3.97
CA_1,HOBBIES_1_002,11227,3.97
CA_1,HOBBIES_1_002,11228,3.97
CA_1,HOBBIES_1_002,11229,3.97
CA_1,HOBBIES_1_002,11230,3.97
CA_1,HOBBIES_1_002,11231,3.97
CA_1,HOBBIES_1_002,11232,3.97
CA_1,HOBBIES_1_002,11233,3.97
CA_1,HOBBIES_1_002,11234,3.97
CA_1,HOBBIES_1_002,11235,3.97
CA_1,HOBBIES_1_002,11236,3.97
CA_1,HOBBIES_1_002,11237,3.97
CA_1,HOBBIES_1_002,11238,3.97
CA_1,HOBBIES_1_002,11239,3.97
CA_1,HOBBIES_1_002,11240,3.97
CA_1,HOBBIES_1_002,11241,3.97
CA_1,HOBBIES_1_002,11242,3.97
CA_1,HOBBIES_1_002,11243,3.97
CA_1,HOBBIES_1_002,11244,3.97
CA_1,HOBBIES_1_002,11245,3.97
CA_1,HOBBIES_1_002,11246,3.97
CA_1,HOBBIES_1_002,11247,3.97
CA_1,HOBBIES_1_002,11248,3.97
CA_1,HOBBIES_1_002,11249,3.97
CA_1,HOBBIES_1_002,11250,3.97
CA_1,HOBBIES_1_002,11251,3.97
CA_1,HOBBIES_1_002,11252,3.97
CA_1,HOBBIES_1_002,11301,3.97
CA_1,HOBBIES_1_002,11302,3.97
CA_1,HOBBIES_1_002,11303,3.97
CA_1,HOBBIES_1_002,11304,3.97
CA_1,HOBBIES_1_002,11305,3.97
CA_1,HOBBIES_1_002,11306,3.97
CA_1,HOBBIES_1_002,11307,3.97
CA_1,HOBBIES_1_002,11308,3.97
CA_1,HOBBIES_1_002,11309,3.97
CA_1,HOBBIES_1_002,11310,3.97
CA_1,HOBBIES_1_002,11311,3.97
CA_1,HOBBIES_1_002,11312,3.97
CA_1,HOBBIES_1_002,11313,3.97
CA_1,HOBBIES_1_002,11314,3.97
CA_1,HOBBIES_1_002,11315,3.97
CA_1,HOBBIES_1_002,11316,3.97
CA_1,HOBBIES_1_002,11317,3.97
CA_1,HOBBIES_1_002,11318,3.97
CA_1,HOBBIES_1_002,11319,3.97
CA_1,HOBBIES_1_002,11320,3.97
CA_1,HOBBIES_1_002,11321,3.97
CA_1,HOBBIES_1_002,11322,3.97
CA_1,HOBBIES_1_002,11323,3.97
CA_1,HOBBIES_1_002,11324,3.97
CA_1,HOBBIES_1_002,11325,3.97
CA_1,HOBBIES_1_002,11326,3.97
CA_1,HOBBIES_1_002,11327,3.97
CA_1,HOBBIES_1_002,11328,3.97
CA_1,HOBBIES_1_002,11329,3.97
CA_1,HOBBIES_1_002,11330,3.97
CA_1,HOBBIES_1_002,11331,3.97
CA_1,HOBBIES_1_002,11332,3.97
CA_1,HOBBIES_1_002,11333,3.97
CA_1,HOBBIES_1_002,11334,3.97
CA_1,HOBBIES_1_002,11335,3.97
CA_1,HOBBIES_1_002,11336,3.97
CA_1,HOBBIES_1_002,11337,3.97
CA_1,HOBBIES_1_002,11338,3.97
CA_1,HOBBIES_1_002,11339,3.97
CA_1,HOBBIES_1_002,11340,3.97
CA_1,HOBBIES_1_002,11341,3.97
CA_1,HOBBIES_1_002,11342,3.97
CA_1,HOBBIES_1_002,11343,3.97
CA_1,HOBBIES_1_002,11344,3.97
CA_1,HOBBIES_1_002,11345,3.97
CA_1,HOBBIES_1_002,11346,3.97
CA_1,HOBBIES_1_002,11347,3.97
CA_1,HOBBIES_1_002,11348,3.97
CA_1,HOBBIES_1_002,11349,3.97
CA_1,HOBBIES_1_002,11350,3.97
CA_1,HOBBIES_1_002,11351,3.97
CA_1,HOBBIES_1_002,11352,3.97
CA_1,HOBBIES_1_002,11353,3.97
CA_1,HOBBIES_1_002,11401,3.97
CA_1,HOBBIES_1_002,11402,3.97
CA_1,HOBBIES_1_002,11403,3.97
CA_1,HOBBIES_1_002,11404,3.97
CA_1,HOBBIES_1_002,11405,3.97
CA_1,HOBBIES_1_002,11406,3.97
CA_1,HOBBIES_1_002,11407,3.97
CA_1,HOBBIES_1_002,11408,3.97
CA_1,HOBBIES_1_002,11409,3.97
CA_1,HOBBIES_1_002,11410,3.97
CA_1,HOBBIES_1_002,11411,3.97
CA_1,HOBBIES_1_002,11412,3.97
CA_1,HOBBIES_1_002,11413,3.97
CA_1,HOBBIES_1_002,11414,3.97
CA_1,HOBBIES_1_002,11415,3.97
CA_1,HOBBIES_1_002,11416,3.97
CA_1,HOBBIES_1_002,11417,3.97
CA_1,HOBBIES_1_002,11418,3.97
CA_1,HOBBIES_1_002,11419,3.97
CA_1,HOBBIES_1_002,11420,3.97
CA_1,HOBBIES_1_002,11421,3.97
CA_1,HOBBIES_1_002,11422,3.97
CA_1,HOBBIES_1_002,11423,3.97
CA_1,HOBBIES_1_002,11424,3.97
CA_1,HOBBIES_1_002,11425,3.97
CA_1,HOBBIES_1_002,11426,3.97
CA_1,HOBBIES_1_002,11427,3.97
CA_1,HOBBIES_1_002,11428,3.97
CA_1,HOBBIES_1_002,11429,3.97
CA_1,HOBBIES_1_002,11430,3.97
CA_1,HOBBIES_1_002,11431,3.97
CA_1,HOBBIES_1_002,11432,3.97
CA_1,HOBBIES_1_002,11433,3.97
CA_1,HOBBIES_1_002,11434,3.97
CA_1,HOBBIES_1_002,11435,3.97
CA_1,HOBBIES_1_002,11436,3.97
CA_1,HOBBIES_1_002,11437,3.97
CA_1,HOBBIES_1_002,11438,3.97
CA_1,HOBBIES_1_002,11439,3.97
CA_1,HOBBIES_1_002,11440,3.97
CA_1,HOBBIES_1_002,11441,3.97
CA_1,HOBBIES_1_002,11442,3.97
CA_1,HOBBIES_1_002,11443,3.97
CA_1,HOBBIES_1_002,11444,3.97
CA_1,HOBBIES_1_002,11445,3.97
CA_1,HOBBIES_1_002,11446,3.97
CA_1,HOBBIES_1_002,11447,3.97
CA_1,HOBBIES_1_002,11448,3.97
CA_1,HOBBIES_1_002,11449,3.97
CA_1,HOBBIES_1_002,11450,3.97
CA_1,HOBBIES_1_002,11451,3.97
CA_1,HOBBIES_1_002,11452,3.97
CA_1,HOBBIES_1_002,11501,3.97
CA_1,HOBBIES_1_002,11502,3.97
CA_1,HOBBIES_1_002,11503,3.97
CA_1,HOBBIES_1_002,11504,3.97
CA_1,HOBBIES_1_002,11505,3.97
CA_1,HOBBIES_1_002,11506,3.97
CA_1,HOBBIES_1_002,11507,3.97
CA_1,HOBBIES_1_002,11508,3.97
CA_1,HOBBIES_1_002,11509,3.97
CA_1,HOBBIES_1_002,11510,3.97
CA_1,HOBBIES_1_002,11511,3.97
CA_1,HOBBIES_1_002,11512,3.97
CA_1,HOBBIES_1_002,11513,3.97
CA_1,HOBBIES_1_002,11514,3.97
CA_1,HOBBIES_1_002,11515,3.97
CA_1,HOBBIES_1_002,11516,3.97
CA_1,HOBBIES_1_002,11517,3.97
CA_1,HOBBIES_1_002,11518,3.97
CA_1,HOBBIES_1_002,11519,3.97
CA_1,HOBBIES_1_002,11520,3.97
CA_1,HOBBIES_1_002,11521,3.97
CA_1,HOBBIES_1_002,11522,3.97
CA_1,HOBBIES_1_002,11523,3.97
CA_1,HOBBIES_1_002,11524,3.97
CA_1,HOBBIES_1_002,11525,3.97
CA_1,HOBBIES_1_002,11526,3.97
CA_1,HOBBIES_1_002,11527,3.97
CA_1,HOBBIES_1_002,11528,3.97
CA_1,HOBBIES_1_002,11529,3.97
CA_1,HOBBIES_1_002,11530,3.97
CA_1,HOBBIES_1_002,11531,3.97
CA_1,HOBBIES_1_002,11532,3.97
CA_1,HOBBIES_1_002,11533,3.97
CA_1,HOBBIES_1_002,11534,3.97
CA_1,HOBBIES_1_002,11535,3.97
CA_1,HOBBIES_1_002,11536,3.97
CA_1,HOBBIES_1_002,11537,3.97
CA_1,HOBBIES_1_002,11538,3.97
CA_1,HOBBIES_1_002,11539,3.97
CA_1,HOBBIES_1_002,11540,3.97
CA_1,HOBBIES_1_002,11541,3.97
CA_1,HOBBIES_1_002,11542,3.97
CA_1,HOBBIES_1_002,11543,3.97
CA_1,HOBBIES_1_002,11544,3.97
CA_1,HOBBIES_1_002,11545,3.97
CA_1,HOBBIES_1_002,11546,3.97
CA_1,HOBBIES_1_002,11547,3.97
CA_1,HOBBIES_1_002,11548,3.97
CA_1,HOBBIES_1_002,11549,3.97
CA_1,HOBBIES_1_002,11550,3.97
CA_1,HOBBIES_1_002,11551,3.97
CA_1,HOBBIES_1_002,11552,3.97
CA_1,HOBBIES_1_002,11601,3.97
CA_1,HOBBIES_1_002,11602,3.97
CA_1,HOBBIES_1_002,11603,3.97
CA_1,HOBBIES_1_002,11604,3.97
CA_1,HOBBIES_1_002,11605,3.97
CA_1,HOBBIES_1_002,11606,3.97
CA_1,HOBBIES_1_002,11607,3.97
CA_1,HOBBIES_1_002,11608,3.97
CA_1,HOBBIES_1_002,11609,3.97
CA_1,HOBBIES_1_002,11610,3.97
CA_1,HOBBIES_1_002,11611,3.97
CA_1,HOBBIES_1_002,11612,3.97
CA_1,HOBBIES_1_002,11613,3.97
CA_1,HOBBIES_1_002,11614,3.97
CA_1,HOBBIES_1_002,11615,3.97
CA_1,HOBBIES_1_002,11616,3.97
CA_1,HOBBIES_1_002,11617,3.97
CA_1,HOBBIES_1_002,11618,3.97
CA_1,HOBBIES_1_002,11619,3.97
CA_1,HOBBIES_1_002,11620,3.97
CA_1,HOBBIES_1_002,11621,3.97
CA_1,HOBBIES_1_003,11401,2.97
CA_1,HOBBIES_1_003,11402,2.97
CA_1,HOBBIES_1_003,11403,2.97
CA_1,HOBBIES_1_003,11404,2.97
CA_1,HOBBIES_1_003,11405,2.97
CA_1,HOBBIES_1_003,11406,2.97
CA_1,HOBBIES_1_003,11407,2.97
CA_1,HOBBIES_1_003,11408,2.97
CA_1,HOBBIES_1_003,11409,2.97
CA_1,HOBBIES_1_003,11410,2.97
CA_1,HOBBIES_1_003,11411,2.97
CA_1,HOBBIES_1_003,11412,2.97
CA_1,HOBBIES_1_003,11413,2.97
CA_1,HOBBIES_1_003,11414,2.97
CA_1,HOBBIES_1_003,11415,2.97
CA_1,HOBBIES_1_003,11416,2.97
CA_1,HOBBIES_1_003,11417,2.97
CA_1,HOBBIES_1_003,11418,2.97
CA_1,HOBBIES_1_003,11419,2.97
CA_1,HOBBIES_1_003,11420,2.97
CA_1,HOBBIES_1_003,11421,2.97
CA_1,HOBBIES_1_003,11422,2.97
CA_1,HOBBIES_1_003,11423,2.97
CA_1,HOBBIES_1_003,11424,2.97
CA_1,HOBBIES_1_003,11425,2.97
CA_1,HOBBIES_1_003,11426,2.97
CA_1,HOBBIES_1_003,11427,2.97
CA_1,HOBBIES_1_003,11428,2.97
CA_1,HOBBIES_1_003,11429,2.97
CA_1,HOBBIES_1_003,11430,2.97
CA_1,HOBBIES_1_003,11431,2.97
CA_1,HOBBIES_1_003,11432,2.97
CA_1,HOBBIES_1_003,11433,2.97
CA_1,HOBBIES_1_003,11434,2.97
CA_1,HOBBIES_1_003,11435,2.97
CA_1,HOBBIES_1_003,11436,2.97
CA_1,HOBBIES_1_003,11437,2.97
CA_1,HOBBIES_1_003,11438,2.97
CA_1,HOBBIES_1_003,11439,2.97
CA_1,HOBBIES_1_003,11440,2.97
CA_1,HOBBIES_1_003,11441,2.97
CA_1,HOBBIES_1_003,11442,2.97
CA_1,HOBBIES_1_003,11443,2.97
CA_1,HOBBIES_1_003,11444,2.97
CA_1,HOBBIES_1_003,11445,2.97
CA_1,HOBBIES_1_003,11446,2.97
CA_1,HOBBIES_1_003,11447,2.97
CA_1,HOBBIES_1_003,11448,2.97
CA_1,HOBBIES_1_003,11449,2.97
CA_1,HOBBIES_1_003,11450,2.97
CA_1,HOBBIES_1_003,11451,2.97
CA_1,HOBBIES_1_003,11452,2.97
CA_1,HOBBIES_1_003,11501,2.97
CA_1,HOBBIES_1_003,11502,2.97
CA_1,HOBBIES_1_003,11503,2.97
CA_1,HOBBIES_1_003,11504,2.97
CA_1,HOBBIES_1_003,11505,2.97
CA_1,HOBBIES_1_003,11506,2.97
CA_1,HOBBIES_1_003,11507,2.97
CA_1,HOBBIES_1_003,11508,2.97
CA_1,HOBBIES_1_003,11509,2.97
CA_1,HOBBIES_1_003,11510,2.97
CA_1,HOBBIES_1_003,11511,2.97
CA_1,HOBBIES_1_003,11512,2.97
CA_1,HOBBIES_1_003,11513,2.97
CA_1,HOBBIES_1_003,11514,2.97
CA_1,HOBBIES_1_003,11515,2.97
CA_1,HOBBIES_1_003,11516,2.97
CA_1,HOBBIES_1_003,11517,2.97
CA_1,HOBBIES_1_003,11518,2.97
CA_1,HOBBIES_1_003,11519,2.97
CA_1,HOBBIES_1_003,11520,2.97
CA_1,HOBBIES_1_003,11521,2.97
CA_1,HOBBIES_1_003,11522,2.97
CA_1,HOBBIES_1_003,11523,2.97
CA_1,HOBBIES_1_003,11524,2.97
CA_1,HOBBIES_1_003,11525,2.97
CA_1,HOBBIES_1_003,11526,2.97
CA_1,HOBBIES_1_003,11527,2.97
CA_1,HOBBIES_1_003,11528,2.97
CA_1,HOBBIES_1_003,11529,2.97
CA_1,HOBBIES_1_003,11530,2.97
CA_1,HOBBIES_1_003,11531,2.97
CA_1,HOBBIES_1_003,11532,2.97
CA_1,HOBBIES_1_003,11533,2.97
CA_1,HOBBIES_1_003,11534,2.97
CA_1,HOBBIES_1_003,11535,2.97
CA_1,HOBBIES_1_003,11536,2.97
CA_1,HOBBIES_1_003,11537,2.97
CA_1,HOBBIES_1_003,11538,2.97
CA_1,HOBBIES_1_003,11539,2.97
CA_1,HOBBIES_1_003,11540,2.97
CA_1,HOBBIES_1_003,11541,2.97
CA_1,HOBBIES_1_003,11542,2.97
CA_1,HOBBIES_1_003,11543,2.97
CA_1,HOBBIES_1_003,11544,2.97
CA_1,HOBBIES_1_003,11545,2.97
CA_1,HOBBIES_1_003,11546,2.97
CA_1,HOBBIES_1_003,11547,2.97
CA_1,HOBBIES_1_003,11548,2.97
CA_1,HOBBIES_1_003,11549,2.97
CA_1,HOBBIES_1_003,11550,2.97
CA_1,HOBBIES_1_003,11551,2.97
CA_1,HOBBIES_1_003,11552,2.97
CA_1,HOBBIES_1_003,11601,2.97
CA_1,HOBBIES_1_003,11602,2.97
CA_1,HOBBIES_1_003,11603,2.97
CA_1,HOBBIES_1_003,11604,2.97
CA_1,HOBBIES_1_003,11605,2.97
CA_1,HOBBIES_1_003,11606,2.97
CA_1,HOBBIES_1_003,11607,2.97
CA_1,HOBBIES_1_003,11608,2.97
CA_1,HOBBIES_1_003,11609,2.97
CA_1,HOBBIES_1_003,11610,2.97
CA_1,HOBBIES_1_003,11611,2.97
CA_1,HOBBIES_1_003,11612,2.97
CA_1,HOBBIES_1_003,11613,2.97
CA_1,HOBBIES_1_003,11614,2.97
CA_1,HOBBIES_1_003,11615,2.97
CA_1,HOBBIES_1_003,11616,2.97
CA_1,HOBBIES_1_003,11617,2.97
CA_1,HOBBIES_1_003,11618,2.97
CA_1,HOBBIES_1_003,11619,2.97
CA_1,HOBBIES_1_003,11620,2.97
CA_1,HOBBIES_1_003,11621,2.97
CA_1,HOBBIES_1_004,11106,4.34
CA_1,HOBBIES_1_004,11107,4.34
CA_1,HOBBIES_1_004,11108,4.34
CA_1,HOBBIES_1_004,11109,4.34
CA_1,HOBBIES_1_004,11110,4.34
CA_1,HOBBIES_1_004,11111,4.34
CA_1,HOBBIES_1_004,11112,4.34
CA_1,HOBBIES_1_004,11113,4.34
CA_1,HOBBIES_1_004,11114,4.34
CA_1,HOBBIES_1_004,11115,4.34
CA_1,HOBBIES_1_004,11116,4.34
CA_1,HOBBIES_1_004,11117,4.34
CA_1,HOBBIES_1_004,11118,4.34
CA_1,HOBBIES_1_004,11119,4.34
CA_1,HOBBIES_1_004,11120,4.34
CA_1,HOBBIES_1_004,11121,4.34
CA_1,HOBBIES_1_004,11122,4.34
CA_1,HOBBIES_1_004,11123,4.34
CA_1,HOBBIES_1_004,11124,4.34
CA_1,HOBBIES_1_004,11125,4.34
CA_1,HOBBIES_1_004,11126,4.34
CA_1,HOBBIES_1_004,11127,4.34
CA_1,HOBBIES_1_004,11128,4.34
CA_1,HOBBIES_1_004,11129,4.34
CA_1,HOBBIES_1_004,11130,4.34
CA_1,HOBBIES_1_004,11131,4.34
CA_1,HOBBIES_1_004,11132,4.34
CA_1,HOBBIES_1_004,11133,4.34
CA_1,HOBBIES_1_004,11134,4.34
CA_1,HOBBIES_1_004,11135,4.34
CA_1,HOBBIES_1_004,11136,4.34
CA_1,HOBBIES_1_004,11137,4.34
CA_1,HOBBIES_1_004,11138,4.34
CA_1,HOBBIES_1_004,11139,4.34
CA_1,HOBBIES_1_004,11140,4.34
CA_1,HOBBIES_1_004,11141,4.34
CA_1,HOBBIES_1_004,11142,4.34
CA_1,HOBBIES_1_004,11143,4.34
CA_1,HOBBIES_1_004,11144,4.34
CA_1,HOBBIES_1_004,11145,4.34
CA_1,HOBBIES_1_004,11146,4.34
CA_1,HOBBIES_1_004,11147,4.34
CA_1,HOBBIES_1_004,11148,4.34
CA_1,HOBBIES_1_004,11149,4.34
CA_1,HOBBIES_1_004,11150,4.34
CA_1,HOBBIES_1_004,11151,4.34
CA_1,HOBBIES_1_004,11152,4.34
CA_1,HOBBIES_1_004,11201,4.34
CA_1,HOBBIES_1_004,11202,4.34
CA_1,HOBBIES_1_004,11203,4.34
CA_1,HOBBIES_1_004,11204,4.34
CA_1,HOBBIES_1_004,11205,4.34
CA_1,HOBBIES_1_004,11206,4.34
CA_1,HOBBIES_1_004,11207,4.34
CA_1,HOBBIES_1_004,11208,4.34
CA_1,HOBBIES_1_004,11209,4.34
CA_1,HOBBIES_1_004,11210,4.34
CA_1,HOBBIES_1_004,11211,4.34
CA_1,HOBBIES_1_004,11212,4.34
CA_1,HOBBIES_1_004,11213,4.34
CA_1,HOBBIES_1_004,11214,4.34
CA_1,HOBBIES_1_004,11215,4.34
CA_1,HOBBIES_1_004,11216,4.34
CA_1,HOBBIES_1_004,11217,4.34
CA_1,HOBBIES_1_004,11218,4.34
CA_1,HOBBIES_1_004,11219,4.34
CA_1,HOBBIES_1_004,11220,4.34
CA_1,HOBBIES_1_004,11221,4.34
CA_1,HOBBIES_1_004,11222,4.34
CA_1,HOBBIES_1_004,11223,4.34
CA_1,HOBBIES_1_004,11224,4.34
CA_1,HOBBIES_1_004,11225,4.34
CA_1,HOBBIES_1_004,11226,4.34
CA_1,HOBBIES_1_004,11227,4.34
CA_1,HOBBIES_1_004,11228,4.34
CA_1,HOBBIES_1_004,11229,4.34
CA_1,HOBBIES_1_004,11230,4.34
CA_1,HOBBIES_1_004,11231,4.34
CA_1,HOBBIES_1_004,11232,4.34
CA_1,HOBBIES_1_004,11233,4.34
CA_1,HOBBIES_1_004,11234,4.34
CA_1,HOBBIES_1_004,11235,4.34
CA_1,HOBBIES_1_004,11236,4.34
CA_1,HOBBIES_1_004,11237,4.34
CA_1,HOBBIES_1_004,11238,4.34
CA_1,HOBBIES_1_004,11239,4.34
CA_1,HOBBIES_1_004,11240,4.34
CA_1,HOBBIES_1_004,11241,4.34
CA_1,HOBBIES_1_004,11242,4.34
CA_1,HOBBIES_1_004,11243,4.34
CA_1,HOBBIES_1_004,11244,4.34
CA_1,HOBBIES_1_004,11245,4.34
CA_1,HOBBIES_1_004,11246,4.34
CA_1,HOBBIES_1_004,11247,4.34
CA_1,HOBBIES_1_004,11248,4.34
CA_1,HOBBIES_1_004,11249,4.34
CA_1,HOBBIES_1_004,11250,4.34
CA_1,HOBBIES_1_004,11251,4.34
CA_1,HOBBIES_1_004,11252,4.34
CA_1,HOBBIES_1_004,11301,4.34
CA_1,HOBBIES_1_004,11302,4.34
CA_1,HOBBIES_1_004,11303,4.34
CA_1,HOBBIES_1_004,11304,4.34
CA_1,HOBBIES_1_004,11305,4.64
CA_1,HOBBIES_1_004,11306,4.64
CA_1,HOBBIES_1_004,11307,4.64
CA_1,HOBBIES_1_004,11308,4.64
CA_1,HOBBIES_1_004,11309,4.64
CA_1,HOBBIES_1_004,11310,4.64
CA_1,HOBBIES_1_004,11311,4.64
CA_1,HOBBIES_1_004,11312,4.64
CA_1,HOBBIES_1_004,11313,4.64
CA_1,HOBBIES_1_004,11314,4.64
CA_1,HOBBIES_1_004,11315,4.64
CA_1,HOBBIES_1_004,11316,4.64
CA_1,HOBBIES_1_004,11317,4.64
CA_1,HOBBIES_1_004,11318,4.64
CA_1,HOBBIES_1_004,11319,4.64
CA_1,HOBBIES_1_004,11320,4.64
CA_1,HOBBIES_1_004,11321,4.64
CA_1,HOBBIES_1_004,11322,4.64
CA_1,HOBBIES_1_004,11323,4.64
CA_1,HOBBIES_1_004,11324,4.64
CA_1,HOBBIES_1_004,11325,4.64
CA_1,HOBBIES_1_004,11326,4.64
CA_1,HOBBIES_1_004,11327,4.64
CA_1,HOBBIES_1_004,11328,4.64
CA_1,HOBBIES_1_004,11329,4.64
CA_1,HOBBIES_1_004,11330,4.64
CA_1,HOBBIES_1_004,11331,4.64
CA_1,HOBBIES_1_004,11332,4.64
CA_1,HOBBIES_1_004,11333,4.64
CA_1,HOBBIES_1_004,11334,4.64
CA_1,HOBBIES_1_004,11335,4.64
CA_1,HOBBIES_1_004,11336,4.64
CA_1,HOBBIES_1_004,11337,4.64
CA_1,HOBBIES_1_004,11338,4.64
CA_1,HOBBIES_1_004,11339,4.64
CA_1,HOBBIES_1_004,11340,4.64
CA_1,HOBBIES_1_004,11341,4.64
CA_1,HOBBIES_1_004,11342,4.64
CA_1,HOBBIES_1_004,11343,4.64
CA_1,HOBBIES_1_004,11344,4.64
CA_1,HOBBIES_1_004,11345,4.64
CA_1,HOBBIES_1_004,11346,4.64
CA_1,HOBBIES_1_004,11347,4.64
CA_1,HOBBIES_1_004,11348,4.64
CA_1,HOBBIES_1_004,11349,4.64
CA_1,HOBBIES_1_004,11350,4.64
CA_1,HOBBIES_1_004,11351,4.64
CA_1,HOBBIES_1_004,11352,4.64
CA_1,HOBBIES_1_004,11353,4.64
CA_1,HOBBIES_1_004,11401,4.64
CA_1,HOBBIES_1_004,11402,4.64
CA_1,HOBBIES_1_004,11403,4.64
CA_1,HOBBIES_1_004,11404,4.64
CA_1,HOBBIES_1_004,11405,4.64
CA_1,HOBBIES_1_004,11406,4.64
CA_1,HOBBIES_1_004,11407,4.64
CA_1,HOBBIES_1_004,11408,4.64
CA_1,HOBBIES_1_004,11409,4.64
CA_1,HOBBIES_1_004,11410,4.64
CA_1,HOBBIES_1_004,11411,4.64
CA_1,HOBBIES_1_004,11412,4.64
CA_1,HOBBIES_1_004,11413,4.64
CA_1,HOBBIES_1_004,11414,4.64
CA_1,HOBBIES_1_004,11415,4.64
CA_1,HOBBIES_1_004,11416,4.64
CA_1,HOBBIES_1_004,11417,4.64
CA_1,HOBBIES_1_004,11418,4.64
CA_1,HOBBIES_1_004,11419,4.64
CA_1,HOBBIES_1_004,11420,4.64
CA_1,HOBBIES_1_004,11421,4.64
CA_1,HOBBIES_1_004,11422,4.64
CA_1,HOBBIES_1_004,11423,4.64
CA_1,HOBBIES_1_004,11424,4.64
CA_1,HOBBIES_1_004,11425,4.64
CA_1,HOBBIES_1_004,11426,4.64
CA_1,HOBBIES_1_004,11427,4.64
CA_1,HOBBIES_1_004,11428,4.64
CA_1,HOBBIES_1_004,11429,4.64
CA_1,HOBBIES_1_004,11430,4.64
CA_1,HOBBIES_1_004,11431,4.64
CA_1,HOBBIES_1_004,11432,4.64
CA_1,HOBBIES_1_004,11433,4.64
CA_1,HOBBIES_1_004,11434,4.64
CA_1,HOBBIES_1_004,11435,4.64
CA_1,HOBBIES_1_004,11436,4.64
CA_1,HOBBIES_1_004,11437,4.64
CA_1,HOBBIES_1_004,11438,4.64
CA_1,HOBBIES_1_004,11439,4.64
CA_1,HOBBIES_1_004,11440,4.64
CA_1,HOBBIES_1_004,11441,4.64
CA_1,HOBBIES_1_004,11442,4.64
CA_1,HOBBIES_1_004,11443,4.64
CA_1,HOBBIES_1_004,11444,4.64
CA_1,HOBBIES_1_004,11445,4.64
CA_1,HOBBIES_1_004,11446,4.64
CA_1,HOBBIES_1_004,11447,4.64
CA_1,HOBBIES_1_004,11448,4.64
CA_1,HOBBIES_1_004,11449,4.64
CA_1,HOBBIES_1_004,11450,4.64
CA_1,HOBBIES_1_004,11451,4.64
CA_1,HOBBIES_1_004,11452,4.64
CA_1,HOBBIES_1_004,11501,4.64
CA_1,HOBBIES_1_004,11502,4.64
CA_1,HOBBIES_1_004,11503,4.64
CA_1,HOBBIES_1_004,11504,4.64
CA_1,HOBBIES_1_004,11505,4.64
CA_1,HOBBIES_1_004,11506,4.64
CA_1,HOBBIES_1_004,11507,4.64
CA_1,HOBBIES_1_004,11508,4.64
CA_1,HOBBIES_1_004,11509,4.64
CA_1,HOBBIES_1_004,11510,4.64
CA_1,HOBBIES_1_004,11511,4.64
CA_1,HOBBIES_1_004,11512,4.64
CA_1,HOBBIES_1_004,11513,4.64
CA_1,HOBBIES_1_004,11514,4.64
CA_1,HOBBIES_1_004,11515,4.64
CA_1,HOBBIES_1_004,11516,4.64
CA_1,HOBBIES_1_004,11517,4.64
CA_1,HOBBIES_1_004,11518,4.64
CA_1,HOBBIES_1_004,11519,4.64
CA_1,HOBBIES_1_004,11520,4.64
CA_1,HOBBIES_1_004,11521,4.64
CA_1,HOBBIES_1_004,11522,4.64
CA_1,HOBBIES_1_004,11523,4.64
CA_1,HOBBIES_1_004,11524,4.64
CA_1,HOBBIES_1_004,11525,4.64
CA_1,HOBBIES_1_004,11526,4.64
CA_1,HOBBIES_1_004,11527,4.64
CA_1,HOBBIES_1_004,11528,4.64
CA_1,HOBBIES_1_004,11529,4.64
CA_1,HOBBIES_1_004,11530,4.64
CA_1,HOBBIES_1_004,11531,4.64
CA_1,HOBBIES_1_004,11532,4.64
CA_1,HOBBIES_1_004,11533,4.64
CA_1,HOBBIES_1_004,11534,4.64
CA_1,HOBBIES_1_004,11535,4.64
CA_1,HOBBIES_1_004,11536,4.64
CA_1,HOBBIES_1_004,11537,4.64
CA_1,HOBBIES_1_004,11538,4.64
CA_1,HOBBIES_1_004,11539,4.64
CA_1,HOBBIES_1_004,11540,4.64
CA_1,HOBBIES_1_004,11541,4.64
CA_1,HOBBIES_1_004,11542,4.64
CA_1,HOBBIES_1_004,11543,4.64
CA_1,HOBBIES_1_004,11544,4.64
CA_1,HOBBIES_1_004,11545,4.64
CA_1,HOBBIES_1_004,11546,4.64
CA_1,HOBBIES_1_004,11547,4.64
CA_1,HOBBIES_1_004,11548,4.64
CA_1,HOBBIES_1_004,11549,4.64
CA_1,HOBBIES_1_004,11550,4.64
CA_1,HOBBIES_1_004,11551,4.64
CA_1,HOBBIES_1_004,11552,4.64
CA_1,HOBBIES_1_004,11601,4.64
CA_1,HOBBIES_1_004,11602,4.64
CA_1,HOBBIES_1_004,11603,4.64
CA_1,HOBBIES_1_004,11604,4.64
CA_1,HOBBIES_1_004,11605,4.64
CA_1,HOBBIES_1_004,11606,4.64
CA_1,HOBBIES_1_004,11607,4.64
CA_1,HOBBIES_1_004,11608,4.64
CA_1,HOBBIES_1_004,11609,4.64
CA_1,HOBBIES_1_004,11610,4.64
CA_1,HOBBIES_1_004,11611,4.64
CA_1,HOBBIES_1_004,11612,4.64
CA_1,HOBBIES_1_004,11613,4.64
CA_1,HOBBIES_1_004,11614,4.64
CA_1,HOBBIES_1_004,11615,4.64
CA_1,HOBBIES_1_004,11616,4.64
CA_1,HOBBIES_1_004,11617,4.64
CA_1,HOBBIES_1_004,11618,4.64
CA_1,HOBBIES_1_004,11619,4.64
CA_1,HOBBIES_1_004,11620,4.64
CA_1,HOBBIES_1_004,11621,4.64
CA_1,HOBBIES_1_005,11117,2.98
CA_1,HOBBIES_1_005,11118,2.98
CA_1,HOBBIES_1_005,11119,2.98
CA_1,HOBBIES_1_005,11120,2.98
CA_1,HOBBIES_1_005,11121,2.98
CA_1,HOBBIES_1_005,11122,2.98
CA_1,HOBBIES_1_005,11123,2.98
CA_1,HOBBIES_1_005,11124,2.98
CA_1,HOBBIES_1_005,11125,2.98
CA_1,HOBBIES_1_005,11126,2.98
CA_1,HOBBIES_1_005,11127,2.98
CA_1,HOBBIES_1_005,11128,2.98
CA_1,HOBBIES_1_005,11129,2.98
CA_1,HOBBIES_1_005,11130,2.98
CA_1,HOBBIES_1_005,11131,2.98
CA_1,HOBBIES_1_005,11132,2.98
CA_1,HOBBIES_1_005,11133,2.98
CA_1,HOBBIES_1_005,11134,2.98
CA_1,HOBBIES_1_005,11135,2.48
CA_1,HOBBIES_1_005,11136,2.48
CA_1,HOBBIES_1_005,11137,2.48
CA_1,HOBBIES_1_005,11138,2.48
CA_1,HOBBIES_1_005,11139,2.48
CA_1,HOBBIES_1_005,11140,2.48
CA_1,HOBBIES_1_005,11141,2.48
CA_1,HOBBIES_1_005,11142,2.48
CA_1,HOBBIES_1_005,11143,2.48
CA_1,HOBBIES_1_005,11144,2.48
CA_1,HOBBIES_1_005,11145,2.48
CA_1,HOBBIES_1_005,11146,2.48
CA_1,HOBBIES_1_005,11147,2.48
CA_1,HOBBIES_1_005,11148,2.48
CA_1,HOBBIES_1_005,11149,2.48
CA_1,HOBBIES_1_005,11150,2.48
CA_1,HOBBIES_1_005,11151,2.48
CA_1,HOBBIES_1_005,11152,2.48
CA_1,HOBBIES_1_005,11201,2.98
CA_1,HOBBIES_1_005,11202,2.98
CA_1,HOBBIES_1_005,11203,2.98
CA_1,HOBBIES_1_005,11204,2.98
CA_1,HOBBIES_1_005,11205,2.98
CA_1,HOBBIES_1_005,11206,2.98
CA_1,HOBBIES_1_005,11207,2.98
CA_1,HOBBIES_1_005,11208,2.98
CA_1,HOBBIES_1_005,11209,2.98
CA_1,HOBBIES_1_005,11210,2.98
CA_1,HOBBIES_1_005,11211,2.98
CA_1,HOBBIES_1_005,11212,2.98
CA_1,HOBBIES_1_005,11213,2.98
CA_1,HOBBIES_1_005,11214,2.98
CA_1,HOBBIES_1_005,11215,2.98
CA_1,HOBBIES_1_005,11216,2.98
CA_1,HOBBIES_1_005,11217,2.98
CA_1,HOBBIES_1_005,11218,2.98
CA_1,HOBBIES_1_005,11219,2.98
CA_1,HOBBIES_1_005,11220,2.98
CA_1,HOBBIES_1_005,11221,2.98
CA_1,HOBBIES_1_005,11222,2.98
CA_1,HOBBIES_1_005,11223,2.98
CA_1,HOBBIES_1_005,11224,2.98
CA_1,HOBBIES_1_005,11225,2.98
CA_1,HOBBIES_1_005,11226,2.98
CA_1,HOBBIES_1_005,11227,2.98
CA_1,HOBBIES_1_005,11228,2.98
CA_1,HOBBIES_1_005,11229,2.98
CA_1,HOBBIES_1_005,11230,2.98
CA_1,HOBBIES_1_005,11231,2.98
CA_1,HOBBIES_1_005,11232,2.98
CA_1,HOBBIES_1_005,11233,2.98
CA_1,HOBBIES_1_005,11234,2.98
CA_1,HOBBIES_1_005,11235,2.98
CA_1,HOBBIES_1_005,11236,2.98
CA_1,HOBBIES_1_005,11237,2.98
CA_1,HOBBIES_1_005,11238,2.98
CA_1,HOBBIES_1_005,11239,2.98
CA_1,HOBBIES_1_005,11240,2.98
CA_1,HOBBIES_1_005,11241,2.98
CA_1,HOBBIES_1_005,11242,2.98
CA_1,HOBBIES_1_005,11243,3.08
CA_1,HOBBIES_1_005,11244,3.08
CA_1,HOBBIES_1_005,11245,3.08
CA_1,HOBBIES_1_005,11246,3.08
CA_1,HOBBIES_1_005,11247,3.08
CA_1,HOBBIES_1_005,11248,3.08
CA_1,HOBBIES_1_005,11249,3.08
CA_1,HOBBIES_1_005,11250,3.08
CA_1,HOBBIES_1_005,11251,3.08
CA_1,HOBBIES_1_005,11252,3.08
CA_1,HOBBIES_1_005,11301,3.08
CA_1,HOBBIES_1_005,11302,3.08
CA_1,HOBBIES_1_005,11303,3.08
CA_1,HOBBIES_1_005,11304,3.08
CA_1,HOBBIES_1_005,11305,3.08
CA_1,HOBBIES_1_005,11306,3.08
CA_1,HOBBIES_1_005,11307,3.08
CA_1,HOBBIES_1_005,11308,3.08
CA_1,HOBBIES_1_005,11309,3.08
CA_1,HOBBIES_1_005,11310,3.08
CA_1,HOBBIES_1_005,11311,3.08
CA_1,HOBBIES_1_005,11312,3.08
CA_1,HOBBIES_1_005,11313,3.08
CA_1,HOBBIES_1_005,11314,3.08
CA_1,HOBBIES_1_005,11315,3.08
CA_1,HOBBIES_1_005,11316,3.08
CA_1,HOBBIES_1_005,11317,3.08
CA_1,HOBBIES_1_005,11318,3.08
CA_1,HOBBIES_1_005,11319,3.08
CA_1,HOBBIES_1_005,11320,3.08
CA_1,HOBBIES_1_005,11321,3.08
CA_1,HOBBIES_1_005,11322,3.08
CA_1,HOBBIES_1_005,11323,3.08
CA_1,HOBBIES_1_005,11324,3.08
CA_1,HOBBIES_1_005,11325,3.08
CA_1,HOBBIES_1_005,11326,3.08
CA_1,HOBBIES_1_005,11327,3.08
CA_1,HOBBIES_1_005,11328,3.08
CA_1,HOBBIES_1_005,11329,3.08
CA_1,HOBBIES_1_005,11330,3.08
CA_1,HOBBIES_1_005,11331,3.08
CA_1,HOBBIES_1_005,11332,3.08
CA_1,HOBBIES_1_005,11333,3.08
CA_1,HOBBIES_1_005,11334,3.08
CA_1,HOBBIES_1_005,11335,3.08
CA_1,HOBBIES_1_005,11336,3.08
CA_1,HOBBIES_1_005,11337,3.08
CA_1,HOBBIES_1_005,11338,3.08
CA_1,HOBBIES_1_005,11339,3.08
CA_1,HOBBIES_1_005,11340,3.08
CA_1,HOBBIES_1_005,11341,3.08
CA_1,HOBBIES_1_005,11342,3.08
CA_1,HOBBIES_1_005,11343,3.08
CA_1,HOBBIES_1_005,11344,3.08
CA_1,HOBBIES_1_005,11345,3.08
CA_1,HOBBIES_1_005,11346,3.08
CA_1,HOBBIES_1_005,11347,3.08
CA_1,HOBBIES_1_005,11348,3.08
CA_1,HOBBIES_1_005,11349,3.08
CA_1,HOBBIES_1_005,11350,3.08
CA_1,HOBBIES_1_005,11351,3.08
CA_1,HOBBIES_1_005,11352,3.08
CA_1,HOBBIES_1_005,11353,3.08
CA_1,HOBBIES_1_005,11401,3.08
CA_1,HOBBIES_1_005,11402,3.08
CA_1,HOBBIES_1_005,11403,3.08
CA_1,HOBBIES_1_005,11404,3.08
CA_1,HOBBIES_1_005,11405,3.08
CA_1,HOBBIES_1_005,11406,3.08
CA_1,HOBBIES_1_005,11407,3.08
CA_1,HOBBIES_1_005,11408,3.08
CA_1,HOBBIES_1_005,11409,3.08
CA_1,HOBBIES_1_005,11410,3.08
CA_1,HOBBIES_1_005,11411,3.08
CA_1,HOBBIES_1_005,11412,3.08
CA_1,HOBBIES_1_005,11413,3.08
CA_1,HOBBIES_1_005,11414,3.08
CA_1,HOBBIES_1_005,11415,3.08
CA_1,HOBBIES_1_005,11416,3.08
CA_1,HOBBIES_1_005,11417,3.08
CA_1,HOBBIES_1_005,11418,3.08
CA_1,HOBBIES_1_005,11419,3.08
CA_1,HOBBIES_1_005,11420,3.08
CA_1,HOBBIES_1_005,11421,3.08
CA_1,HOBBIES_1_005,11422,3.08
CA_1,HOBBIES_1_005,11423,3.08
CA_1,HOBBIES_1_005,11424,3.08
CA_1,HOBBIES_1_005,11425,2.88
CA_1,HOBBIES_1_005,11426,2.88
CA_1,HOBBIES_1_005,11427,2.88
CA_1,HOBBIES_1_005,11428,2.88
CA_1,HOBBIES_1_005,11429,2.88
CA_1,HOBBIES_1_005,11430,2.88
CA_1,HOBBIES_1_005,11431,2.88
CA_1,HOBBIES_1_005,11432,2.88
CA_1,HOBBIES_1_005,11433,2.88
CA_1,HOBBIES_1_005,11434,2.88
CA_1,HOBBIES_1_005,11435,2.88
CA_1,HOBBIES_1_005,11436,2.88
CA_1,HOBBIES_1_005,11437,2.88
CA_1,HOBBIES_1_005,11438,2.88
CA_1,HOBBIES_1_005,11439,2.88
CA_1,HOBBIES_1_005,11440,2.88
CA_1,HOBBIES_1_005,11441,2.88
CA_1,HOBBIES_1_005,11442,2.88
CA_1,HOBBIES_1_005,11443,2.88
CA_1,HOBBIES_1_005,11444,2.88
CA_1,HOBBIES_1_005,11445,2.88
CA_1,HOBBIES_1_005,11446,2.88
CA_1,HOBBIES_1_005,11447,2.88
CA_1,HOBBIES_1_005,11448,2.88
CA_1,HOBBIES_1_005,11449,2.88
CA_1,HOBBIES_1_005,11450,2.88
CA_1,HOBBIES_1_005,11451,2.88
CA_1,HOBBIES_1_005,11452,2.88
CA_1,HOBBIES_1_005,11501,2.88
CA_1,HOBBIES_1_005,11502,2.88
CA_1,HOBBIES_1_005,11503,2.88
CA_1,HOBBIES_1_005,11504,2.88
CA_1,HOBBIES_1_005,11505,2.88
CA_1,HOBBIES_1_005,11506,2.88
CA_1,HOBBIES_1_005,11507,2.88
CA_1,HOBBIES_1_005,11508,2.88
CA_1,HOBBIES_1_005,11509,2.88
CA_1,HOBBIES_1_005,11510,2.88
CA_1,HOBBIES_1_005,11511,2.88
CA_1,HOBBIES_1_005,11512,2.88
CA_1,HOBBIES_1_005,11513,2.88
CA_1,HOBBIES_1_005,11514,2.88
CA_1,HOBBIES_1_005,11515,2.88
CA_1,HOBBIES_1_005,11516,2.88
CA_1,HOBBIES_1_005,11517,2.88
CA_1,HOBBIES_1_005,11518,2.88
CA_1,HOBBIES_1_005,11519,2.88
CA_1,HOBBIES_1_005,11520,2.88
CA_1,HOBBIES_1_005,11521,2.88
CA_1,HOBBIES_1_005,11522,2.88
CA_1,HOBBIES_1_005,11523,2.88
CA_1,HOBBIES_1_005,11524,2.88
CA_1,HOBBIES_1_005,11525,2.88
CA_1,HOBBIES_1_005,11526,2.88
CA_1,HOBBIES_1_005,11527,2.88
CA_1,HOBBIES_1_005,11528,2.88
CA_1,HOBBIES_1_005,11529,2.88
CA_1,HOBBIES_1_005,11530,2.88
CA_1,HOBBIES_1_005,11531,2.88
CA_1,HOBBIES_1_005,11532,2.88
CA_1,HOBBIES_1_005,11533,2.88
CA_1,HOBBIES_1_005,11534,2.88
CA_1,HOBBIES_1_005,11535,2.88
CA_1,HOBBIES_1_005,11536,2.88
CA_1,HOBBIES_1_005,11537,2.88
CA_1,HOBBIES_1_005,11538,2.88
CA_1,HOBBIES_1_005,11539,2.88
CA_1,HOBBIES_1_005,11540,2.88
CA_1,HOBBIES_1_005,11541,2.88
CA_1,HOBBIES_1_005,11542,2.88
CA_1,HOBBIES_1_005,11543,2.88
CA_1,HOBBIES_1_005,11544,2.88
CA_1,HOBBIES_1_005,11545,2.88
CA_1,HOBBIES_1_005,11546,2.88
CA_1,HOBBIES_1_005,11547,2.88
CA_1,HOBBIES_1_005,11548,2.88
CA_1,HOBBIES_1_005,11549,2.88
CA_1,HOBBIES_1_005,11550,2.88
CA_1,HOBBIES_1_005,11551,2.88
CA_1,HOBBIES_1_005,11552,2.88
CA_1,HOBBIES_1_005,11601,2.88
CA_1,HOBBIES_1_005,11602,2.88
CA_1,HOBBIES_1_005,11603,2.88
CA_1,HOBBIES_1_005,11604,2.88
CA_1,HOBBIES_1_005,11605,2.88
CA_1,HOBBIES_1_005,11606,2.88
CA_1,HOBBIES_1_005,11607,2.88
CA_1,HOBBIES_1_005,11608,2.88
CA_1,HOBBIES_1_005,11609,2.88
CA_1,HOBBIES_1_005,11610,2.88
CA_1,HOBBIES_1_005,11611,2.88
CA_1,HOBBIES_1_005,11612,2.88
CA_1,HOBBIES_1_005,11613,2.88
CA_1,HOBBIES_1_005,11614,2.88
CA_1,HOBBIES_1_005,11615,2.88
CA_1,HOBBIES_1_005,11616,2.88
CA_1,HOBBIES_1_005,11617,2.88
CA_1,HOBBIES_1_005,11618,2.88
CA_1,HOBBIES_1_005,11619,2.88
CA_1,HOBBIES_1_005,11620,2.88
CA_1,HOBBIES_1_005,11621,2.88
CA_1,HOBBIES_1_006,11210,1.0
CA_1,HOBBIES_1_006,11211,1.0
CA_1,HOBBIES_1_006,11212,1.0
CA_1,HOBBIES_1_006,11213,1.0
CA_1,HOBBIES_1_006,11214,1.0
CA_1,HOBBIES_1_006,11215,1.0
CA_1,HOBBIES_1_006,11216,1.0
CA_1,HOBBIES_1_006,11217,1.0
CA_1,HOBBIES_1_006,11218,1.0
CA_1,HOBBIES_1_006,11219,1.0
CA_1,HOBBIES_1_006,11220,1.0
CA_1,HOBBIES_1_006,11221,1.0
CA_1,HOBBIES_1_006,11222,1.0
CA_1,HOBBIES_1_006,11223,1.0
CA_1,HOBBIES_1_006,11224,1.0
CA_1,HOBBIES_1_006,11225,1.0
CA_1,HOBBIES_1_006,11226,1.0
CA_1,HOBBIES_1_006,11227,1.0
CA_1,HOBBIES_1_006,11228,1.0
CA_1,HOBBIES_1_006,11229,1.0
CA_1,HOBBIES_1_006,11230,1.0
CA_1,HOBBIES_1_006,11231,1.0
CA_1,HOBBIES_1_006,11232,1.0
CA_1,HOBBIES_1_006,11233,1.0
CA_1,HOBBIES_1_006,11234,1.0
CA_1,HOBBIES_1_006,11235,1.0
CA_1,HOBBIES_1_006,11236,1.0
CA_1,HOBBIES_1_006,11237,1.0
CA_1,HOBBIES_1_006,11238,1.0
CA_1,HOBBIES_1_006,11239,1.0
CA_1,HOBBIES_1_006,11240,1.0
CA_1,HOBBIES_1_006,11241,1.0
CA_1,HOBBIES_1_006,11242,1.0
CA_1,HOBBIES_1_006,11243,1.0
CA_1,HOBBIES_1_006,11244,1.0
CA_1,HOBBIES_1_006,11245,1.0
CA_1,HOBBIES_1_006,11246,1.0
CA_1,HOBBIES_1_006,11247,1.0
CA_1,HOBBIES_1_006,11248,1.0
CA_1,HOBBIES_1_006,11249,1.0
CA_1,HOBBIES_1_006,11250,1.0
CA_1,HOBBIES_1_006,11251,1.0
CA_1,HOBBIES_1_006,11252,1.0
CA_1,HOBBIES_1_006,11301,1.0
CA_1,HOBBIES_1_006,11302,1.0
CA_1,HOBBIES_1_006,11303,1.0
CA_1,HOBBIES_1_006,11304,1.0
CA_1,HOBBIES_1_006,11305,1.0
CA_1,HOBBIES_1_006,11306,1.0
CA_1,HOBBIES_1_006,11307,1.0
CA_1,HOBBIES_1_006,11308,1.0
CA_1,HOBBIES_1_006,11309,1.0
CA_1,HOBBIES_1_006,11310,1.0
CA_1,HOBBIES_1_006,11311,1.0
CA_1,HOBBIES_1_006,11312,1.0
CA_1,HOBBIES_1_006,11313,1.0
CA_1,HOBBIES_1_006,11314,1.0
CA_1,HOBBIES_1_006,11315,1.0
CA_1,HOBBIES_1_006,11316,1.0
CA_1,HOBBIES_1_006,11317,1.0
CA_1,HOBBIES_1_006,11318,1.0
CA_1,HOBBIES_1_006,11319,1.0
CA_1,HOBBIES_1_006,11320,1.0
CA_1,HOBBIES_1_006,11321,1.0
CA_1,HOBBIES_1_006,11322,1.0
CA_1,HOBBIES_1_006,11323,1.0
CA_1,HOBBIES_1_006,11324,1.0
CA_1,HOBBIES_1_006,11325,1.0
CA_1,HOBBIES_1_006,11326,1.0
CA_1,HOBBIES_1_006,11327,1.0
CA_1,HOBBIES_1_006,11328,1.0
CA_1,HOBBIES_1_006,11329,1.0
CA_1,HOBBIES_1_006,11330,1.0
CA_1,HOBBIES_1_006,11331,1.0
CA_1,HOBBIES_1_006,11332,1.0
CA_1,HOBBIES_1_006,11333,1.0
CA_1,HOBBIES_1_006,11334,1.0
CA_1,HOBBIES_1_006,11335,1.0
CA_1,HOBBIES_1_006,11336,1.0
CA_1,HOBBIES_1_006,11337,1.0
CA_1,HOBBIES_1_006,11338,1.0
CA_1,HOBBIES_1_006,11339,1.0
CA_1,HOBBIES_1_006,11340,1.0
CA_1,HOBBIES_1_006,11341,1.0
CA_1,HOBBIES_1_006,11342,1.0
CA_1,HOBBIES_1_006,11343,1.0
CA_1,HOBBIES_1_006,11344,1.0
CA_1,HOBBIES_1_006,11345,1.0
CA_1,HOBBIES_1_006,11346,1.0
CA_1,HOBBIES_1_006,11347,1.0
CA_1,HOBBIES_1_006,11348,1.0
CA_1,HOBBIES_1_006,11349,1.0
CA_1,HOBBIES_1_006,11350,1.0
CA_1,HOBBIES_1_006,11351,1.0
CA_1,HOBBIES_1_006,11352,1.0
CA_1,HOBBIES_1_006,11353,1.0
CA_1,HOBBIES_1_006,11401,1.0
CA_1,HOBBIES_1_006,11402,1.0
CA_1,HOBBIES_1_006,11403,1.0
CA_1,HOBBIES_1_006,11404,1.0
CA_1,HOBBIES_1_006,11405,1.0
CA_1,HOBBIES_1_006,11406,1.0
CA_1,HOBBIES_1_006,11407,1.0
CA_1,HOBBIES_1_006,11408,1.0
CA_1,HOBBIES_1_006,11409,1.0
CA_1,HOBBIES_1_006,11410,1.0
CA_1,HOBBIES_1_006,11411,1.0
CA_1,HOBBIES_1_006,11412,1.0
CA_1,HOBBIES_1_006,11413,1.0
CA_1,HOBBIES_1_006,11414,1.0
CA_1,HOBBIES_1_006,11415,1.0
CA_1,HOBBIES_1_006,11416,1.0
CA_1,HOBBIES_1_006,11417,1.0
CA_1,HOBBIES_1_006,11418,1.0
CA_1,HOBBIES_1_006,11419,1.0
CA_1,HOBBIES_1_006,11420,1.0
CA_1,HOBBIES_1_006,11421,1.0
CA_1,HOBBIES_1_006,11422,1.0
CA_1,HOBBIES_1_006,11423,1.0
CA_1,HOBBIES_1_006,11424,1.0
CA_1,HOBBIES_1_006,11425,1.0
CA_1,HOBBIES_1_006,11426,1.0
CA_1,HOBBIES_1_006,11427,1.0
CA_1,HOBBIES_1_006,11428,1.0
CA_1,HOBBIES_1_006,11429,1.0
CA_1,HOBBIES_1_006,11430,1.0
CA_1,HOBBIES_1_006,11431,1.0
CA_1,HOBBIES_1_006,11432,1.0
CA_1,HOBBIES_1_006,11433,1.0
CA_1,HOBBIES_1_006,11434,1.0
CA_1,HOBBIES_1_006,11435,1.0
CA_1,HOBBIES_1_006,11436,1.0
CA_1,HOBBIES_1_006,11437,1.0
CA_1,HOBBIES_1_006,11438,1.0
CA_1,HOBBIES_1_006,11439,1.0
CA_1,HOBBIES_1_006,11440,1.0
CA_1,HOBBIES_1_006,11441,1.0
CA_1,HOBBIES_1_006,11442,1.0
CA_1,HOBBIES_1_006,11443,1.0
CA_1,HOBBIES_1_006,11444,1.0
CA_1,HOBBIES_1_006,11445,1.0
CA_1,HOBBIES_1_006,11446,1.0
CA_1,HOBBIES_1_006,11447,1.0
CA_1,HOBBIES_1_006,11448,1.0
CA_1,HOBBIES_1_006,11449,1.0
CA_1,HOBBIES_1_006,11450,1.0
CA_1,HOBBIES_1_006,11451,1.0
CA_1,HOBBIES_1_006,11452,1.0
CA_1,HOBBIES_1_006,11501,1.0
CA_1,HOBBIES_1_006,11502,1.0
CA_1,HOBBIES_1_006,11503,1.0
CA_1,HOBBIES_1_006,11504,1.0
CA_1,HOBBIES_1_006,11505,1.0
CA_1,HOBBIES_1_006,11506,1.0
CA_1,HOBBIES_1_006,11507,1.0
CA_1,HOBBIES_1_006,11508,1.0
CA_1,HOBBIES_1_006,11509,1.0
CA_1,HOBBIES_1_006,11510,1.0
CA_1,HOBBIES_1_006,11511,1.0
CA_1,HOBBIES_1_006,11512,1.0
CA_1,HOBBIES_1_006,11513,1.0
CA_1,HOBBIES_1_006,11514,1.0
CA_1,HOBBIES_1_006,11515,1.0
CA_1,HOBBIES_1_006,11516,1.0
CA_1,HOBBIES_1_006,11517,1.0
CA_1,HOBBIES_1_006,11518,1.0
CA_1,HOBBIES_1_006,11519,0.96
CA_1,HOBBIES_1_006,11520,0.96
CA_1,HOBBIES_1_006,11521,0.96
CA_1,HOBBIES_1_006,11522,0.96
CA_1,HOBBIES_1_006,11523,0.96
CA_1,HOBBIES_1_006,11524,0.96
CA_1,HOBBIES_1_006,11525,0.96
CA_1,HOBBIES_1_006,11526,0.96
CA_1,HOBBIES_1_006,11527,0.96
CA_1,HOBBIES_1_006,11528,0.96
CA_1,HOBBIES_1_006,11529,0.96
CA_1,HOBBIES_1_006,11530,0.96
CA_1,HOBBIES_1_006,11531,0.96
CA_1,HOBBIES_1_006,11532,0.96
CA_1,HOBBIES_1_006,11533,0.96
CA_1,HOBBIES_1_006,11534,0.96
CA_1,HOBBIES_1_006,11535,0.96
CA_1,HOBBIES_1_006,11536,0.96
CA_1,HOBBIES_1_006,11537,0.96
CA_1,HOBBIES_1_006,11538,0.96
CA_1,HOBBIES_1_006,11539,0.96
CA_1,HOBBIES_1_006,11540,0.96
CA_1,HOBBIES_1_006,11541,0.96
CA_1,HOBBIES_1_006,11542,0.96
CA_1,HOBBIES_1_006,11543,0.96
CA_1,HOBBIES_1_006,11544,0.96
CA_1,HOBBIES_1_006,11545,0.96
CA_1,HOBBIES_1_006,11546,0.96
CA_1,HOBBIES_1_006,11547,0.96
CA_1,HOBBIES_1_006,11548,0.96
CA_1,HOBBIES_1_006,11549,0.96
CA_1,HOBBIES_1_006,11550,0.96
CA_1,HOBBIES_1_006,11551,0.96
CA_1,HOBBIES_1_006,11552,0.96
CA_1,HOBBIES_1_006,11601,0.96
CA_1,HOBBIES_1_006,11602,0.96
CA_1,HOBBIES_1_006,11603,0.96
CA_1,HOBBIES_1_006,11604,0.96
CA_1,HOBBIES_1_006,11605,0.96
CA_1,HOBBIES_1_006,11606,0.96
CA_1,HOBBIES_1_006,11607,0.96
CA_1,HOBBIES_1_006,11608,0.96
CA_1,HOBBIES_1_006,11609,0.96
CA_1,HOBBIES_1_006,11610,0.96
CA_1,HOBBIES_1_006,11611,0.96
CA_1,HOBBIES_1_006,11612,0.96
CA_1,HOBBIES_1_006,11613,0.96
CA_1,HOBBIES_1_006,11614,0.96
CA_1,HOBBIES_1_006,11615,0.96
CA_1,HOBBIES_1_006,11616,0.96
CA_1,HOBBIES_1_006,11617,0.96
CA_1,HOBBIES_1_006,11618,0.96
CA_1,HOBBIES_1_006,11619,0.96
CA_1,HOBBIES_1_006,11620,0.96
CA_1,HOBBIES_1_006,11621,0.96
CA_1,HOBBIES_1_007,11224,7.94
CA_1,HOBBIES_1_007,11225,7.94
CA_1,HOBBIES_1_007,11226,7.94
CA_1,HOBBIES_1_007,11227,7.94
CA_1,HOBBIES_1_007,11228,7.94
CA_1,HOBBIES_1_007,11229,7.94
CA_1,HOBBIES_1_007,11230,7.94
CA_1,HOBBIES_1_007,11231,7.94
CA_1,HOBBIES_1_007,11232,7.94
CA_1,HOBBIES_1_007,11233,7.94
CA_1,HOBBIES_1_007,11234,7.94
CA_1,HOBBIES_1_007,11235,7.94
CA_1,HOBBIES_1_007,11236,7.94
CA_1,HOBBIES_1_007,11237,7.94
CA_1,HOBBIES_1_007,11238,7.94
CA_1,HOBBIES_1_007,11239,7.94
CA_1,HOBBIES_1_007,11240,7.94
CA_1,HOBBIES_1_007,11241,7.94
CA_1,HOBBIES_1_007,11242,7.88
CA_1,HOBBIES_1_007,11243,7.88
CA_1,HOBBIES_1_007,11244,7.88
CA_1,HOBBIES_1_007,11245,7.88
CA_1,HOBBIES_1_007,11246,7.88
CA_1,HOBBIES_1_007,11247,7.88
CA_1,HOBBIES_1_007,11248,7.88
CA_1,HOBBIES_1_007,11249,7.88
CA_1,HOBBIES_1_007,11250,7.88
CA_1,HOBBIES_1_007,11251,7.88
CA_1,HOBBIES_1_007,11252,7.88
CA_1,HOBBIES_1_007,11301,7.88
CA_1,HOBBIES_1_007,11302,7.88
CA_1,HOBBIES_1_007,11303,7.88
CA_1,HOBBIES_1_007,11304,7.88
CA_1,HOBBIES_1_007,11305,7.88
CA_1,HOBBIES_1_007,11306,7.88
CA_1,HOBBIES_1_007,11307,7.88
CA_1,HOBBIES_1_007,11308,7.88
CA_1,HOBBIES_1_007,11309,7.88
CA_1,HOBBIES_1_007,11310,7.88
CA_1,HOBBIES_1_007,11311,7.88
CA_1,HOBBIES_1_007,11312,7.88
CA_1,HOBBIES_1_007,11313,7.88
CA_1,HOBBIES_1_007,11314,7.88
CA_1,HOBBIES_1_007,11315,7.88
CA_1,HOBBIES_1_007,11316,7.88
CA_1,HOBBIES_1_007,11317,7.88
CA_1,HOBBIES_1_007,11318,7.88
CA_1,HOBBIES_1_007,11319,7.88
CA_1,HOBBIES_1_007,11320,7.88
CA_1,HOBBIES_1_007,11321,7.88
CA_1,HOBBIES_1_007,11322,7.88
CA_1,HOBBIES_1_007,11323,7.88
CA_1,HOBBIES_1_007,11324,7.88
CA_1,HOBBIES_1_007,11325,7.88
CA_1,HOBBIES_1_007,11326,7.88
CA_1,HOBBIES_1_007,11327,7.88
CA_1,HOBBIES_1_007,11328,7.88
CA_1,HOBBIES_1_007,11329,7.88
CA_1,HOBBIES_1_007,11330,7.88
CA_1,HOBBIES_1_007,11331,7.88
CA_1,HOBBIES_1_007,11332,7.88
CA_1,HOBBIES_1_007,11333,7.88
CA_1,HOBBIES_1_007,11334,7.88
CA_1,HOBBIES_1_007,11335,7.88
CA_1,HOBBIES_1_007,11336,7.88
CA_1,HOBBIES_1_007,11337,7.88
CA_1,HOBBIES_1_007,11338,7.88
CA_1,HOBBIES_1_007,11339,7.88
CA_1,HOBBIES_1_007,11340,7.88
CA_1,HOBBIES_1_007,11341,7.88
CA_1,HOBBIES_1_007,11342,7.88
CA_1,HOBBIES_1_007,11343,7.88
CA_1,HOBBIES_1_007,11344,7.88
CA_1,HOBBIES_1_007,11345,7.88
CA_1,HOBBIES_1_007,11346,7.88
CA_1,HOBBIES_1_007,11347,7.88
CA_1,HOBBIES_1_007,11348,7.88
CA_1,HOBBIES_1_007,11349,7.88
CA_1,HOBBIES_1_007,11350,7.88
CA_1,HOBBIES_1_007,11351,7.88
CA_1,HOBBIES_1_007,11352,7.88
CA_1,HOBBIES_1_007,11353,7.88
CA_1,HOBBIES_1_007,11401,7.88
CA_1,HOBBIES_1_007,11402,7.88
CA_1,HOBBIES_1_007,11403,7.88
CA_1,HOBBIES_1_007,11404,7.88
CA_1,HOBBIES_1_007,11405,7.88
CA_1,HOBBIES_1_007,11406,7.88
CA_1,HOBBIES_1_007,11407,7.88
CA_1,HOBBIES_1_007,11408,7.88
CA_1,HOBBIES_1_007,11409,7.88
CA_1,HOBBIES_1_007,11410,7.88
CA_1,HOBBIES_1_007,11411,7.88
CA_1,HOBBIES_1_007,11412,7.88
CA_1,HOBBIES_1_007,11413,7.88
CA_1,HOBBIES_1_007,11414,7.88
CA_1,HOBBIES_1_007,11415,7.88
CA_1,HOBBIES_1_007,11416,7.88
CA_1,HOBBIES_1_007,11417,7.88
CA_1,HOBBIES_1_007,11418,7.88
CA_1,HOBBIES_1_007,11419,7.88
CA_1,HOBBIES_1_007,11420,7.88
CA_1,HOBBIES_1_007,11421,7.88
CA_1,HOBBIES_1_007,11422,7.88
CA_1,HOBBIES_1_007,11423,7.88
CA_1,HOBBIES_1_007,11424,7.88
CA_1,HOBBIES_1_007,11425,7.88
CA_1,HOBBIES_1_007,11426,7.88
CA_1,HOBBIES_1_007,11427,7.88
CA_1,HOBBIES_1_007,11428,7.88
CA_1,HOBBIES_1_007,11429,7.88
CA_1,HOBBIES_1_007,11430,7.88
CA_1,HOBBIES_1_007,11431,7.88
CA_1,HOBBIES_1_007,11432,7.88
CA_1,HOBBIES_1_007,11433,7.88
CA_1,HOBBIES_1_007,11434,7.88
CA_1,HOBBIES_1_007,11435,7.88
CA_1,HOBBIES_1_007,11436,7.88
CA_1,HOBBIES_1_007,11437,7.88
CA_1,HOBBIES_1_007,11438,7.88
CA_1,HOBBIES_1_007,11439,7.88
CA_1,HOBBIES_1_007,11440,7.88
CA_1,HOBBIES_1_007,11441,7.88
CA_1,HOBBIES_1_007,11442,7.88
CA_1,HOBBIES_1_007,11443,7.88
CA_1,HOBBIES_1_007,11444,7.88
CA_1,HOBBIES_1_007,11445,7.88
CA_1,HOBBIES_1_007,11446,7.88
CA_1,HOBBIES_1_007,11447,7.88
CA_1,HOBBIES_1_007,11448,7.88
CA_1,HOBBIES_1_007,11449,7.88
CA_1,HOBBIES_1_007,11450,7.88
CA_1,HOBBIES_1_007,11451,7.88
CA_1,HOBBIES_1_007,11452,7.88
CA_1,HOBBIES_1_007,11501,7.88
CA_1,HOBBIES_1_007,11502,7.88
CA_1,HOBBIES_1_007,11503,7.88
CA_1,HOBBIES_1_007,11504,7.88
CA_1,HOBBIES_1_007,11505,7.88
CA_1,HOBBIES_1_007,11506,7.88
CA_1,HOBBIES_1_007,11507,7.88
CA_1,HOBBIES_1_007,11508,7.88
CA_1,HOBBIES_1_007,11509,7.88
CA_1,HOBBIES_1_007,11510,7.88
CA_1,HOBBIES_1_007,11511,7.88
CA_1,HOBBIES_1_007,11512,7.88
CA_1,HOBBIES_1_007,11513,7.88
CA_1,HOBBIES_1_007,11514,7.88
CA_1,HOBBIES_1_007,11515,7.88
CA_1,HOBBIES_1_007,11516,7.88
CA_1,HOBBIES_1_007,11517,7.88
CA_1,HOBBIES_1_007,11518,7.88
CA_1,HOBBIES_1_007,11519,7.88
CA_1,HOBBIES_1_007,11520,7.88
CA_1,HOBBIES_1_007,11521,7.88
CA_1,HOBBIES_1_007,11522,7.88
CA_1,HOBBIES_1_007,11523,7.88
CA_1,HOBBIES_1_007,11524,7.88
CA_1,HOBBIES_1_007,11525,7.88
CA_1,HOBBIES_1_007,11526,7.88
CA_1,HOBBIES_1_007,11527,7.88
CA_1,HOBBIES_1_007,11528,7.88
CA_1,HOBBIES_1_007,11529,7.88
CA_1,HOBBIES_1_007,11530,7.88
CA_1,HOBBIES_1_007,11531,7.88
CA_1,HOBBIES_1_007,11532,7.88
CA_1,HOBBIES_1_007,11533,7.88
CA_1,HOBBIES_1_007,11534,7.88
CA_1,HOBBIES_1_007,11535,7.88
CA_1,HOBBIES_1_007,11536,7.88
CA_1,HOBBIES_1_007,11537,7.88
CA_1,HOBBIES_1_007,11538,7.88
CA_1,HOBBIES_1_007,11539,7.88
CA_1,HOBBIES_1_007,11540,7.88
CA_1,HOBBIES_1_007,11541,7.88
CA_1,HOBBIES_1_007,11542,7.88
CA_1,HOBBIES_1_007,11543,7.88
CA_1,HOBBIES_1_007,11544,7.88
CA_1,HOBBIES_1_007,11545,7.88
CA_1,HOBBIES_1_007,11546,7.88
CA_1,HOBBIES_1_007,11547,7.88
CA_1,HOBBIES_1_007,11548,7.88
CA_1,HOBBIES_1_007,11549,7.88
CA_1,HOBBIES_1_007,11550,7.88
CA_1,HOBBIES_1_007,11551,7.88
CA_1,HOBBIES_1_007,11552,7.88
CA_1,HOBBIES_1_007,11601,7.88
CA_1,HOBBIES_1_007,11602,7.88
CA_1,HOBBIES_1_007,11603,7.88
CA_1,HOBBIES_1_007,11604,7.88
CA_1,HOBBIES_1_007,11605,7.88
CA_1,HOBBIES_1_007,11606,7.88
CA_1,HOBBIES_1_007,11607,7.88
CA_1,HOBBIES_1_007,11608,7.88
CA_1,HOBBIES_1_007,11609,7.88
CA_1,HOBBIES_1_007,11610,7.88
CA_1,HOBBIES_1_007,11611,7.88
CA_1,HOBBIES_1_007,11612,7.88
CA_1,HOBBIES_1_007,11613,7.88
CA_1,HOBBIES_1_007,11614,7.88
CA_1,HOBBIES_1_007,11615,7.88
CA_1,HOBBIES_1_007,11616,7.88
CA_1,HOBBIES_1_007,11617,7.88
CA_1,HOBBIES_1_007,11618,7.88
CA_1,HOBBIES_1_007,11619,7.88
CA_1,HOBBIES_1_007,11620,7.88
CA_1,HOBBIES_1_007,11621,7.88
CA_1,HOBBIES_1_008,11101,0.46
CA_1,HOBBIES_1_008,11102,0.46
CA_1,HOBBIES_1_008,11103,0.46
CA_1,HOBBIES_1_008,11104,0.42
CA_1,HOBBIES_1_008,11105,0.42
CA_1,HOBBIES_1_008,11106,0.42
CA_1,HOBBIES_1_008,11107,0.42
CA_1,HOBBIES_1_008,11108,0.42
CA_1,HOBBIES_1_008,11109,0.42
CA_1,HOBBIES_1_008,11110,0.42
CA_1,HOBBIES_1_008,11111,0.42
CA_1,HOBBIES_1_008,11112,0.5
CA_1,HOBBIES_1_008,11113,0.5
CA_1,HOBBIES_1_008,11114,0.5
CA_1,HOBBIES_1_008,11115,0.5
CA_1,HOBBIES_1_008,11116,0.5
CA_1,HOBBIES_1_008,11117,0.5
CA_1,HOBBIES_1_008,11118,0.5
CA_1,HOBBIES_1_008,11119,0.5
CA_1,HOBBIES_1_008,11120,0.5
CA_1,HOBBIES_1_008,11121,0.5
CA_1,HOBBIES_1_008,11122,0.5
CA_1,HOBBIES_1_008,11123,0.5
CA_1,HOBBIES_1_008,11124,0.5
CA_1,HOBBIES_1_008,11125,0.5
CA_1,HOBBIES_1_008,11126,0.5
CA_1,HOBBIES_1_008,11127,0.5
CA_1,HOBBIES_1_008,11128,0.5
CA_1,HOBBIES_1_008,11129,0.5
CA_1,HOBBIES_1_008,11130,0.5
CA_1,HOBBIES_1_008,11131,0.5
CA_1,HOBBIES_1_008,11132,0.5
CA_1,HOBBIES_1_008,11133,0.5
CA_1,HOBBIES_1_008,11134,0.5
CA_1,HOBBIES_1_008,11135,0.5
CA_1,HOBBIES_1_008,11136,0.5
CA_1,HOBBIES_1_008,11137,0.5
CA_1,HOBBIES_1_008,11138,0.5
CA_1,HOBBIES_1_008,11139,0.5
CA_1,HOBBIES_1_008,11140,0.5
CA_1,HOBBIES_1_008,11141,0.5
CA_1,HOBBIES_1_008,11142,0.5
CA_1,HOBBIES_1_008,11143,0.5
CA_1,HOBBIES_1_008,11144,0.5
CA_1,HOBBIES_1_008,11145,0.5
CA_1,HOBBIES_1_008,11146,0.5
CA_1,HOBBIES_1_008,11147,0.5
CA_1,HOBBIES_1_008,11148,0.5
CA_1,HOBBIES_1_008,11149,0.5
CA_1,HOBBIES_1_008,11150,0.5
CA_1,HOBBIES_1_008,11151,0.5
CA_1,HOBBIES_1_008,11152,0.5
CA_1,HOBBIES_1_008,11201,0.5
CA_1,HOBBIES_1_008,11202,0.5
CA_1,HOBBIES_1_008,11203,0.5
CA_1,HOBBIES_1_008,11204,0.5
CA_1,HOBBIES_1_008,11205,0.5
CA_1,HOBBIES_1_008,11206,0.5
CA_1,HOBBIES_1_008,11207,0.5
CA_1,HOBBIES_1_008,11208,0.5
CA_1,HOBBIES_1_008,11209,0.5
CA_1,HOBBIES_1_008,11210,0.5
CA_1,HOBBIES_1_008,11211,0.5
CA_1,HOBBIES_1_008,11212,0.5
CA_1,HOBBIES_1_008,11213,0.5
CA_1,HOBBIES_1_008,11214,0.5
CA_1,HOBBIES_1_008,11215,0.5
CA_1,HOBBIES_1_008,11216,0.5
CA_1,HOBBIES_1_008,11217,0.5
CA_1,HOBBIES_1_008,11218,0.5
CA_1,HOBBIES_1_008,11219,0.5
CA_1,HOBBIES_1_008,11220,0.5
CA_1,HOBBIES_1_008,11221,0.5
CA_1,HOBBIES_1_008,11222,0.5
CA_1,HOBBIES_1_008,11223,0.5
CA_1,HOBBIES_1_008,11224,0.5
CA_1,HOBBIES_1_008,11225,0.5
CA_1,HOBBIES_1_008,11226,0.5
CA_1,HOBBIES_1_008,11227,0.5
CA_1,HOBBIES_1_008,11228,0.5
CA_1,HOBBIES_1_008,11229,0.5
CA_1,HOBBIES_1_008,11230,0.5
CA_1,HOBBIES_1_008,11231,0.5
CA_1,HOBBIES_1_008,11232,0.5
CA_1,HOBBIES_1_008,11233,0.5
CA_1,HOBBIES_1_008,11234,0.5
CA_1,HOBBIES_1_008,11235,0.5
CA_1,HOBBIES_1_008,11236,0.5
CA_1,HOBBIES_1_008,11237,0.5
CA_1,HOBBIES_1_008,11238,0.5
CA_1,HOBBIES_1_008,11239,0.5
CA_1,HOBBIES_1_008,11240,0.5
CA_1,HOBBIES_1_008,11241,0.5
CA_1,HOBBIES_1_008,11242,0.5
CA_1,HOBBIES_1_008,11243,0.5
CA_1,HOBBIES_1_008,11244,0.5
CA_1,HOBBIES_1_008,11245,0.5
CA_1,HOBBIES_1_008,11246,0.5
CA_1,HOBBIES_1_008,11247,0.5
CA_1,HOBBIES_1_008,11248,0.5
CA_1,HOBBIES_1_008,11249,0.5
CA_1,HOBBIES_1_008,11250,0.5
CA_1,HOBBIES_1_008,11251,0.5
CA_1,HOBBIES_1_008,11252,0.46
CA_1,HOBBIES_1_008,11301,0.46
CA_1,HOBBIES_1_008,11302,0.46
CA_1,HOBBIES_1_008,11303,0.46
CA_1,HOBBIES_1_008,11304,0.46
CA_1,HOBBIES_1_008,11305,0.46
CA_1,HOBBIES_1_008,11306,0.46
CA_1,HOBBIES_1_008,11307,0.46
CA_1,HOBBIES_1_008,11308,0.46
CA_1,HOBBIES_1_008,11309,0.46
CA_1,HOBBIES_1_008,11310,0.46
CA_1,HOBBIES_1_008,11311,0.46
CA_1,HOBBIES_1_008,11312,0.46
CA_1,HOBBIES_1_008,11313,0.46
CA_1,HOBBIES_1_008,11314,0.46
CA_1,HOBBIES_1_008,11315,0.46
CA_1,HOBBIES_1_008,11316,0.46
CA_1,HOBBIES_1_008,11317,0.46
CA_1,HOBBIES_1_008,11318,0.46
CA_1,HOBBIES_1_008,11319,0.46
CA_1,HOBBIES_1_008,11320,0.46
CA_1,HOBBIES_1_008,11321,0.46
CA_1,HOBBIES_1_008,11322,0.46
CA_1,HOBBIES_1_008,11323,0.46
CA_1,HOBBIES_1_008,11324,0.46
CA_1,HOBBIES_1_008,11325,0.46
CA_1,HOBBIES_1_008,11326,0.46
CA_1,HOBBIES_1_008,11327,0.46
CA_1,HOBBIES_1_008,11328,0.46
CA_1,HOBBIES_1_008,11329,0.46
CA_1,HOBBIES_1_008,11330,0.46
CA_1,HOBBIES_1_008,11331,0.46
CA_1,HOBBIES_1_008,11332,0.46
CA_1,HOBBIES_1_008,11333,0.46
CA_1,HOBBIES_1_008,11334,0.46
CA_1,HOBBIES_1_008,11335,0.46
CA_1,HOBBIES_1_008,11336,0.46
CA_1,HOBBIES_1_008,11337,0.46
CA_1,HOBBIES_1_008,11338,0.46
CA_1,HOBBIES_1_008,11339,0.46
CA_1,HOBBIES_1_008,11340,0.46
CA_1,HOBBIES_1_008,11341,0.46
CA_1,HOBBIES_1_008,11342,0.46
CA_1,HOBBIES_1_008,11343,0.46
CA_1,HOBBIES_1_008,11344,0.46
CA_1,HOBBIES_1_008,11345,0.46
CA_1,HOBBIES_1_008,11346,0.46
CA_1,HOBBIES_1_008,11347,0.46
CA_1,HOBBIES_1_008,11348,0.46
CA_1,HOBBIES_1_008,11349,0.46
CA_1,HOBBIES_1_008,11350,0.46
CA_1,HOBBIES_1_008,11351,0.46
CA_1,HOBBIES_1_008,11352,0.46
CA_1,HOBBIES_1_008,11353,0.46
CA_1,HOBBIES_1_008,11401,0.46
CA_1,HOBBIES_1_008,11402,0.46
CA_1,HOBBIES_1_008,11403,0.46
CA_1,HOBBIES_1_008,11404,0.46
CA_1,HOBBIES_1_008,11405,0.46
CA_1,HOBBIES_1_008,11406,0.46
CA_1,HOBBIES_1_008,11407,0.46
CA_1,HOBBIES_1_008,11408,0.46
CA_1,HOBBIES_1_008,11409,0.46
CA_1,HOBBIES_1_008,11410,0.46
CA_1,HOBBIES_1_008,11411,0.46
CA_1,HOBBIES_1_008,11412,0.46
CA_1,HOBBIES_1_008,11413,0.46
CA_1,HOBBIES_1_008,11414,0.46
CA_1,HOBBIES_1_008,11415,0.46
CA_1,HOBBIES_1_008,11416,0.46
CA_1,HOBBIES_1_008,11417,0.46
CA_1,HOBBIES_1_008,11418,0.46
CA_1,HOBBIES_1_008,11419,0.46
CA_1,HOBBIES_1_008,11420,0.46
CA_1,HOBBIES_1_008,11421,0.46
CA_1,HOBBIES_1_008,11422,0.46
CA_1,HOBBIES_1_008,11423,0.46
CA_1,HOBBIES_1_008,11424,0.46
CA_1,HOBBIES_1_008,11425,0.46
CA_1,HOBBIES_1_008,11426,0.46
CA_1,HOBBIES_1_008,11427,0.46
CA_1,HOBBIES_1_008,11428,0.46
CA_1,HOBBIES_1_008,11429,0.46
CA_1,HOBBIES_1_008,11430,0.46
CA_1,HOBBIES_1_008,11431,0.46
CA_1,HOBBIES_1_008,11432,0.46
CA_1,HOBBIES_1_008,11433,0.46
CA_1,HOBBIES_1_008,11434,0.46
CA_1,HOBBIES_1_008,11435,0.46
CA_1,HOBBIES_1_008,11436,0.46
CA_1,HOBBIES_1_008,11437,0.46
CA_1,HOBBIES_1_008,11438,0.46
CA_1,HOBBIES_1_008,11439,0.46
CA_1,HOBBIES_1_008,11440,0.46
CA_1,HOBBIES_1_008,11441,0.46
CA_1,HOBBIES_1_008,11442,0.46
CA_1,HOBBIES_1_008,11443,0.46
CA_1,HOBBIES_1_008,11444,0.46
CA_1,HOBBIES_1_008,11445,0.46
CA_1,HOBBIES_1_008,11446,0.46
CA_1,HOBBIES_1_008,11447,0.46
CA_1,HOBBIES_1_008,11448,0.46
CA_1,HOBBIES_1_008,11449,0.46
CA_1,HOBBIES_1_008,11450,0.46
CA_1,HOBBIES_1_008,11451,0.46
CA_1,HOBBIES_1_008,11452,0.46
CA_1,HOBBIES_1_008,11501,0.46
CA_1,HOBBIES_1_008,11502,0.46
CA_1,HOBBIES_1_008,11503,0.46
CA_1,HOBBIES_1_008,11504,0.46
CA_1,HOBBIES_1_008,11505,0.46
CA_1,HOBBIES_1_008,11506,0.46
CA_1,HOBBIES_1_008,11507,0.46
CA_1,HOBBIES_1_008,11508,0.46
CA_1,HOBBIES_1_008,11509,0.46
CA_1,HOBBIES_1_008,11510,0.46
CA_1,HOBBIES_1_008,11511,0.46
CA_1,HOBBIES_1_008,11512,0.48
CA_1,HOBBIES_1_008,11513,0.48
CA_1,HOBBIES_1_008,11514,0.48
CA_1,HOBBIES_1_008,11515,0.48
CA_1,HOBBIES_1_008,11516,0.48
CA_1,HOBBIES_1_008,11517,0.48
CA_1,HOBBIES_1_008,11518,0.48
CA_1,HOBBIES_1_008,11519,0.48
CA_1,HOBBIES_1_008,11520,0.48
CA_1,HOBBIES_1_008,11521,0.48
CA_1,HOBBIES_1_008,11522,0.48
CA_1,HOBBIES_1_008,11523,0.48
CA_1,HOBBIES_1_008,11524,0.48
CA_1,HOBBIES_1_008,11525,0.48
CA_1,HOBBIES_1_008,11526,0.48
CA_1,HOBBIES_1_008,11527,0.48
CA_1,HOBBIES_1_008,11528,0.48
CA_1,HOBBIES_1_008,11529,0.48
CA_1,HOBBIES_1_008,11530,0.48
CA_1,HOBBIES_1_008,11531,0.48
CA_1,HOBBIES_1_008,11532,0.48
CA_1,HOBBIES_1_008,11533,0.48
CA_1,HOBBIES_1_008,11534,0.48
CA_1,HOBBIES_1_008,11535,0.48
CA_1,HOBBIES_1_008,11536,0.48
CA_1,HOBBIES_1_008,11537,0.48
CA_1,HOBBIES_1_008,11538,0.48
CA_1,HOBBIES_1_008,11539,0.48
CA_1,HOBBIES_1_008,11540,0.48
CA_1,HOBBIES_1_008,11541,0.48
CA_1,HOBBIES_1_008,11542,0.48
CA_1,HOBBIES_1_008,11543,0.48
CA_1,HOBBIES_1_008,11544,0.48
CA_1,HOBBIES_1_008,11545,0.48
CA_1,HOBBIES_1_008,11546,0.48
CA_1,HOBBIES_1_008,11547,0.48
CA_1,HOBBIES_1_008,11548,0.48
CA_1,HOBBIES_1_008,11549,0.48
CA_1,HOBBIES_1_008,11550,0.48
CA_1,HOBBIES_1_008,11551,0.48
CA_1,HOBBIES_1_008,11552,0.48
CA_1,HOBBIES_1_008,11601,0.48
CA_1,HOBBIES_1_008,11602,0.48
CA_1,HOBBIES_1_008,11603,0.48
CA_1,HOBBIES_1_008,11604,0.48
CA_1,HOBBIES_1_008,11605,0.48
CA_1,HOBBIES_1_008,11606,0.48
CA_1,HOBBIES_1_008,11607,0.48
CA_1,HOBBIES_1_008,11608,0.48
CA_1,HOBBIES_1_008,11609,0.48
CA_1,HOBBIES_1_008,11610,0.48
CA_1,HOBBIES_1_008,11611,0.48
CA_1,HOBBIES_1_008,11612,0.48
CA_1,HOBBIES_1_008,11613,0.48
CA_1,HOBBIES_1_008,11614,0.48
CA_1,HOBBIES_1_008,11615,0.48
CA_1,HOBBIES_1_008,11616,0.48
CA_1,HOBBIES_1_008,11617,0.48
CA_1,HOBBIES_1_008,11618,0.48
CA_1,HOBBIES_1_008,11619,0.48
CA_1,HOBBIES_1_008,11620,0.48
CA_1,HOBBIES_1_008,11621,0.48
CA_1,HOBBIES_1_009,11101,1.56
CA_1,HOBBIES_1_009,11102,1.56
CA_1,HOBBIES_1_009,11103,1.56
CA_1,HOBBIES_1_009,11104,1.56
CA_1,HOBBIES_1_009,11105,1.56
CA_1,HOBBIES_1_009,11106,1.56
CA_1,HOBBIES_1_009,11107,1.56
CA_1,HOBBIES_1_009,11108,1.77
CA_1,HOBBIES_1_009,11109,1.77
CA_1,HOBBIES_1_009,11110,1.77
CA_1,HOBBIES_1_009,11111,1.77
CA_1,HOBBIES_1_009,11112,1.77
CA_1,HOBBIES_1_009,11113,1.77
CA_1,HOBBIES_1_009,11114,1.77
CA_1,HOBBIES_1_009,11115,1.77
CA_1,HOBBIES_1_009,11116,1.77
CA_1,HOBBIES_1_009,11117,1.77
CA_1,HOBBIES_1_009,11118,1.77
CA_1,HOBBIES_1_009,11119,1.77
CA_1,HOBBIES_1_009,11120,1.77
CA_1,HOBBIES_1_009,11121,1.77
CA_1,HOBBIES_1_009,11122,1.77
CA_1,HOBBIES_1_009,11123,1.77
CA_1,HOBBIES_1_009,11124,1.77
CA_1,HOBBIES_1_009,11125,1.77
CA_1,HOBBIES_1_009,11126,1.77
CA_1,HOBBIES_1_009,11127,1.77
CA_1,HOBBIES_1_009,11128,1.77
CA_1,HOBBIES_1_009,11129,1.77
CA_1,HOBBIES_1_009,11130,1.77
CA_1,HOBBIES_1_009,11131,1.77
CA_1,HOBBIES_1_009,11132,1.77
CA_1,HOBBIES_1_009,11133,1.77
CA_1,HOBBIES_1_009,11134,1.77
CA_1,HOBBIES_1_009,11135,1.77
CA_1,HOBBIES_1_009,11136,1.77
CA_1,HOBBIES_1_009,11137,1.77
CA_1,HOBBIES_1_009,11138,1.77
CA_1,HOBBIES_1_009,11139,1.77
CA_1,HOBBIES_1_009,11140,1.77
CA_1,HOBBIES_1_009,11141,1.77
CA_1,HOBBIES_1_009,11142,1.77
CA_1,HOBBIES_1_009,11143,1.77
CA_1,HOBBIES_1_009,11144,1.77
CA_1,HOBBIES_1_009,11145,1.77
CA_1,HOBBIES_1_009,11146,1.77
CA_1,HOBBIES_1_009,11147,1.77
CA_1,HOBBIES_1_009,11148,1.77
CA_1,HOBBIES_1_009,11149,1.77
CA_1,HOBBIES_1_009,11150,1.77
CA_1,HOBBIES_1_009,11151,1.77
CA_1,HOBBIES_1_009,11152,1.77
CA_1,HOBBIES_1_009,11201,1.77
CA_1,HOBBIES_1_009,11202,1.77
CA_1,HOBBIES_1_009,11203,1.77
CA_1,HOBBIES_1_009,11204,1.77
CA_1,HOBBIES_1_009,11205,1.77
CA_1,HOBBIES_1_009,11206,1.77
CA_1,HOBBIES_1_009,11207,1.77
CA_1,HOBBIES_1_009,11208,1.77
CA_1,HOBBIES_1_009,11209,1.77
CA_1,HOBBIES_1_009,11210,1.77
CA_1,HOBBIES_1_009,11211,1.77
CA_1,HOBBIES_1_009,11212,1.77
CA_1,HOBBIES_1_009,11213,1.77
CA_1,HOBBIES_1_009,11214,1.77
CA_1,HOBBIES_1_009,11215,1.77
CA_1,HOBBIES_1_009,11216,1.77
CA_1,HOBBIES_1_009,11217,1.77
CA_1,HOBBIES_1_009,11218,1.77
CA_1,HOBBIES_1_009,11219,1.77
CA_1,HOBBIES_1_009,11220,1.77
CA_1,HOBBIES_1_009,11221,1.77
CA_1,HOBBIES_1_009,11222,1.77
CA_1,HOBBIES_1_009,11223,1.77
CA_1,HOBBIES_1_009,11224,1.77
CA_1,HOBBIES_1_009,11225,1.77
CA_1,HOBBIES_1_009,11226,1.77
CA_1,HOBBIES_1_009,11227,1.77
CA_1,HOBBIES_1_009,11228,1.77
CA_1,HOBBIES_1_009,11229,1.77
CA_1,HOBBIES_1_009,11230,1.77
CA_1,HOBBIES_1_009,11231,1.77
CA_1,HOBBIES_1_009,11232,1.77
CA_1,HOBBIES_1_009,11233,1.77
CA_1,HOBBIES_1_009,11234,1.77
CA_1,HOBBIES_1_009,11235,1.77
CA_1,HOBBIES_1_009,11236,1.77
CA_1,HOBBIES_1_009,11237,1.77
CA_1,HOBBIES_1_009,11238,1.77
CA_1,HOBBIES_1_009,11239,1.77
CA_1,HOBBIES_1_009,11240,1.77
CA_1,HOBBIES_1_009,11241,1.77
CA_1,HOBBIES_1_009,11242,1.77
CA_1,HOBBIES_1_009,11243,1.77
CA_1,HOBBIES_1_009,11244,1.77
CA_1,HOBBIES_1_009,11245,1.77
CA_1,HOBBIES_1_009,11246,1.77
CA_1,HOBBIES_1_009,11247,1.77
CA_1,HOBBIES_1_009,11248,1.77
CA_1,HOBBIES_1_009,11249,1.77
CA_1,HOBBIES_1_009,11250,1.77
CA_1,HOBBIES_1_009,11251,1.77
CA_1,HOBBIES_1_009,11252,1.77
CA_1,HOBBIES_1_009,11301,1.77
CA_1,HOBBIES_1_009,11302,1.77
CA_1,HOBBIES_1_009,11303,1.77
CA_1,HOBBIES_1_009,11304,1.77
CA_1,HOBBIES_1_009,11305,1.77
CA_1,HOBBIES_1_009,11306,1.77
CA_1,HOBBIES_1_009,11307,1.77
CA_1,HOBBIES_1_009,11308,1.77
CA_1,HOBBIES_1_009,11309,1.77
CA_1,HOBBIES_1_009,11310,1.77
CA_1,HOBBIES_1_009,11311,1.77
CA_1,HOBBIES_1_009,11312,1.77
CA_1,HOBBIES_1_009,11313,1.77
CA_1,HOBBIES_1_009,11314,1.77
CA_1,HOBBIES_1_009,11315,1.77
CA_1,HOBBIES_1_009,11316,1.77
CA_1,HOBBIES_1_009,11317,1.77
CA_1,HOBBIES_1_009,11318,1.77
CA_1,HOBBIES_1_009,11319,1.77
CA_1,HOBBIES_1_009,11320,1.77
CA_1,HOBBIES_1_009,11321,1.77
CA_1,HOBBIES_1_009,11322,1.77
CA_1,HOBBIES_1_009,11323,1.77
CA_1,HOBBIES_1_009,11324,1.77
CA_1,HOBBIES_1_009,11325,1.77
CA_1,HOBBIES_1_009,11326,1.77
CA_1,HOBBIES_1_009,11327,1.77
CA_1,HOBBIES_1_009,11328,1.77
CA_1,HOBBIES_1_009,11329,1.77
CA_1,HOBBIES_1_009,11330,1.77
CA_1,HOBBIES_1_009,11331,1.77
CA_1,HOBBIES_1_009,11332,1.77
CA_1,HOBBIES_1_009,11333,1.77
CA_1,HOBBIES_1_009,11334,1.77
CA_1,HOBBIES_1_009,11335,1.77
CA_1,HOBBIES_1_009,11336,1.77
CA_1,HOBBIES_1_009,11337,1.77
CA_1,HOBBIES_1_009,11338,1.77
CA_1,HOBBIES_1_009,11339,1.77
CA_1,HOBBIES_1_009,11340,1.77
CA_1,HOBBIES_1_009,11341,1.77
CA_1,HOBBIES_1_009,11342,1.77
CA_1,HOBBIES_1_009,11343,1.77
CA_1,HOBBIES_1_009,11344,1.77
CA_1,HOBBIES_1_009,11345,1.77
CA_1,HOBBIES_1_009,11346,1.77
CA_1,HOBBIES_1_009,11347,1.77
CA_1,HOBBIES_1_009,11348,1.77
CA_1,HOBBIES_1_009,11349,1.77
CA_1,HOBBIES_1_009,11350,1.77
CA_1,HOBBIES_1_009,11351,1.77
CA_1,HOBBIES_1_009,11352,1.77
CA_1,HOBBIES_1_009,11353,1.77
CA_1,HOBBIES_1_009,11401,1.77
CA_1,HOBBIES_1_009,11402,1.77
CA_1,HOBBIES_1_009,11403,1.77
CA_1,HOBBIES_1_009,11404,1.77
CA_1,HOBBIES_1_009,11405,1.77
CA_1,HOBBIES_1_009,11406,1.77
CA_1,HOBBIES_1_009,11407,1.77
CA_1,HOBBIES_1_009,11408,1.77
CA_1,HOBBIES_1_009,11409,1.77
CA_1,HOBBIES_1_009,11410,1.77
CA_1,HOBBIES_1_009,11411,1.77
CA_1,HOBBIES_1_009,11412,1.77
CA_1,HOBBIES_1_009,11413,1.77
CA_1,HOBBIES_1_009,11414,1.77
CA_1,HOBBIES_1_009,11415,1.77
CA_1,HOBBIES_1_009,11416,1.77
CA_1,HOBBIES_1_009,11417,1.77
CA_1,HOBBIES_1_009,11418,1.77
CA_1,HOBBIES_1_009,11419,1.77
CA_1,HOBBIES_1_009,11420,1.77
CA_1,HOBBIES_1_009,11421,1.77
CA_1,HOBBIES_1_009,11422,1.77
CA_1,HOBBIES_1_009,11423,1.77
CA_1,HOBBIES_1_009,11424,1.77
CA_1,HOBBIES_1_009,11425,1.77
CA_1,HOBBIES_1_009,11426,1.77
CA_1,HOBBIES_1_009,11427,1.77
CA_1,HOBBIES_1_009,11428,1.77
CA_1,HOBBIES_1_009,11429,1.77
CA_1,HOBBIES_1_009,11430,1.77
CA_1,HOBBIES_1_009,11431,1.77
CA_1,HOBBIES_1_009,11432,1.77
CA_1,HOBBIES_1_009,11433,1.77
CA_1,HOBBIES_1_009,11434,1.77
CA_1,HOBBIES_1_009,11435,1.77
CA_1,HOBBIES_1_009,11436,1.77
CA_1,HOBBIES_1_009,11437,1.77
CA_1,HOBBIES_1_009,11438,1.77
CA_1,HOBBIES_1_009,11439,1.77
CA_1,HOBBIES_1_009,11440,1.77
CA_1,HOBBIES_1_009,11441,1.77
CA_1,HOBBIES_1_009,11442,1.77
CA_1,HOBBIES_1_009,11443,1.77
CA_1,HOBBIES_1_009,11444,1.77
CA_1,HOBBIES_1_009,11445,1.77
CA_1,HOBBIES_1_009,11446,1.77
CA_1,HOBBIES_1_009,11447,1.77
CA_1,HOBBIES_1_009,11448,1.77
CA_1,HOBBIES_1_009,11449,1.77
CA_1,HOBBIES_1_009,11450,1.77
CA_1,HOBBIES_1_009,11451,1.77
CA_1,HOBBIES_1_009,11452,1.77
CA_1,HOBBIES_1_009,11501,1.77
CA_1,HOBBIES_1_009,11502,1.77
CA_1,HOBBIES_1_009,11503,1.77
CA_1,HOBBIES_1_009,11504,1.77
CA_1,HOBBIES_1_009,11505,1.77
CA_1,HOBBIES_1_009,11506,1.77
CA_1,HOBBIES_1_009,11507,1.77
CA_1,HOBBIES_1_009,11508,1.77
CA_1,HOBBIES_1_009,11509,1.77
CA_1,HOBBIES_1_009,11510,1.77
CA_1,HOBBIES_1_009,11511,1.77
CA_1,HOBBIES_1_009,11512,1.77
CA_1,HOBBIES_1_009,11513,1.77
CA_1,HOBBIES_1_009,11514,1.77
CA_1,HOBBIES_1_009,11515,1.77
CA_1,HOBBIES_1_009,11516,1.77
CA_1,HOBBIES_1_009,11517,1.77
CA_1,HOBBIES_1_009,11518,1.77
CA_1,HOBBIES_1_009,11519,1.77
CA_1,HOBBIES_1_009,11520,1.77
CA_1,HOBBIES_1_009,11521,1.77
CA_1,HOBBIES_1_009,11522,1.77
CA_1,HOBBIES_1_009,11523,1.77
CA_1,HOBBIES_1_009,11524,1.77
CA_1,HOBBIES_1_009,11525,1.77
CA_1,HOBBIES_1_009,11526,1.77
CA_1,HOBBIES_1_009,11527,1.77
CA_1,HOBBIES_1_009,11528,1.77
CA_1,HOBBIES_1_009,11529,1.77
CA_1,HOBBIES_1_009,11530,1.77
CA_1,HOBBIES_1_009,11531,1.77
CA_1,HOBBIES_1_009,11532,1.77
CA_1,HOBBIES_1_009,11533,1.77
CA_1,HOBBIES_1_009,11534,1.77
CA_1,HOBBIES_1_009,11535,1.77
CA_1,HOBBIES_1_009,11536,1.77
CA_1,HOBBIES_1_009,11537,1.77
CA_1,HOBBIES_1_009,11538,1.77
CA_1,HOBBIES_1_009,11539,1.77
CA_1,HOBBIES_1_009,11540,1.77
CA_1,HOBBIES_1_009,11541,1.77
CA_1,HOBBIES_1_009,11542,1.77
CA_1,HOBBIES_1_009,11543,1.77
CA_1,HOBBIES_1_009,11544,1.77
CA_1,HOBBIES_1_009,11545,1.77
CA_1,HOBBIES_1_009,11546,1.77
CA_1,HOBBIES_1_009,11547,1.77
CA_1,HOBBIES_1_009,11548,1.77
CA_1,HOBBIES_1_009,11549,1.77
CA_1,HOBBIES_1_009,11550,1.77
CA_1,HOBBIES_1_009,11551,1.77
CA_1,HOBBIES_1_009,11552,1.77
CA_1,HOBBIES_1_009,11601,1.77
CA_1,HOBBIES_1_009,11602,1.77
CA_1,HOBBIES_1_009,11603,1.77
CA_1,HOBBIES_1_009,11604,1.77
CA_1,HOBBIES_1_009,11605,1.77
CA_1,HOBBIES_1_009,11606,1.77
CA_1,HOBBIES_1_009,11607,1.77
CA_1,HOBBIES_1_009,11608,1.77
CA_1,HOBBIES_1_009,11609,1.77
CA_1,HOBBIES_1_009,11610,1.77
CA_1,HOBBIES_1_009,11611,1.77
CA_1,HOBBIES_1_009,11612,1.77
CA_1,HOBBIES_1_009,11613,1.77
CA_1,HOBBIES_1_009,11614,1.77
CA_1,HOBBIES_1_009,11615,1.77
CA_1,HOBBIES_1_009,11616,1.77
CA_1,HOBBIES_1_009,11617,1.77
CA_1,HOBBIES_1_009,11618,1.77
CA_1,HOBBIES_1_009,11619,1.77
CA_1,HOBBIES_1_009,11620,1.77
CA_1,HOBBIES_1_009,11621,1.77
CA_1,HOBBIES_1_010,11101,3.17
CA_1,HOBBIES_1_010,11102,3.17
CA_1,HOBBIES_1_010,11103,3.17
CA_1,HOBBIES_1_010,11104,3.17
CA_1,HOBBIES_1_010,11105,3.17
CA_1,HOBBIES_1_010,11106,3.17
CA_1,HOBBIES_1_010,11107,3.17
CA_1,HOBBIES_1_010,11108,3.17
CA_1,HOBBIES_1_010,11109,3.17
CA_1,HOBBIES_1_010,11110,3.17
CA_1,HOBBIES_1_010,11111,3.17
CA_1,HOBBIES_1_010,11112,3.17
CA_1,HOBBIES_1_010,11113,3.17
CA_1,HOBBIES_1_010,11114,3.17
CA_1,HOBBIES_1_010,11115,3.17
CA_1,HOBBIES_1_010,11116,3.17
CA_1,HOBBIES_1_010,11117,2.97
CA_1,HOBBIES_1_010,11118,2.97
CA_1,HOBBIES_1_010,11119,2.97
CA_1,HOBBIES_1_010,11120,2.97
CA_1,HOBBIES_1_010,11121,2.97
CA_1,HOBBIES_1_010,11122,2.97
CA_1,HOBBIES_1_010,11123,2.97
CA_1,HOBBIES_1_010,11124,2.97
CA_1,HOBBIES_1_010,11125,2.97
CA_1,HOBBIES_1_010,11126,2.97
CA_1,HOBBIES_1_010,11127,2.97
CA_1,HOBBIES_1_010,11128,2.97
CA_1,HOBBIES_1_010,11129,2.97
CA_1,HOBBIES_1_010,11130,2.97
CA_1,HOBBIES_1_010,11131,2.97
CA_1,HOBBIES_1_010,11132,2.97
CA_1,HOBBIES_1_010,11133,2.97
CA_1,HOBBIES_1_010,11134,2.97
CA_1,HOBBIES_1_010,11135,2.97
CA_1,HOBBIES_1_010,11136,2.97
CA_1,HOBBIES_1_010,11137,2.97
CA_1,HOBBIES_1_010,11138,2.97
CA_1,HOBBIES_1_010,11139,2.97
CA_1,HOBBIES_1_010,11140,2.97
CA_1,HOBBIES_1_010,11141,2.97
CA_1,HOBBIES_1_010,11142,2.97
CA_1,HOBBIES_1_010,11143,2.97
CA_1,HOBBIES_1_010,11144,2.97
CA_1,HOBBIES_1_010,11145,2.97
CA_1,HOBBIES_1_010,11146,2.97
CA_1,HOBBIES_1_010,11147,2.97
CA_1,HOBBIES_1_010,11148,2.97
CA_1,HOBBIES_1_010,11149,2.97
CA_1,HOBBIES_1_010,11150,2.97
CA_1,HOBBIES_1_010,11151,2.97
CA_1,HOBBIES_1_010,11152,2.97
CA_1,HOBBIES_1_010,11201,2.97
CA_1,HOBBIES_1_010,11202,2.97
CA_1,HOBBIES_1_010,11203,2.97
CA_1,HOBBIES_1_010,11204,2.97
CA_1,HOBBIES_1_010,11205,2.97
CA_1,HOBBIES_1_010,11206,2.97
CA_1,HOBBIES_1_010,11207,2.97
CA_1,HOBBIES_1_010,11208,2.97
CA_1,HOBBIES_1_010,11209,2.97
CA_1,HOBBIES_1_010,11210,2.97
CA_1,HOBBIES_1_010,11211,2.97
CA_1,HOBBIES_1_010,11212,2.97
CA_1,HOBBIES_1_010,11213,2.97
CA_1,HOBBIES_1_010,11214,2.97
CA_1,HOBBIES_1_010,11215,2.97
CA_1,HOBBIES_1_010,11216,2.97
CA_1,HOBBIES_1_010,11217,2.97
CA_1,HOBBIES_1_010,11218,2.97
CA_1,HOBBIES_1_010,11219,2.97
CA_1,HOBBIES_1_010,11220,2.97
CA_1,HOBBIES_1_010,11221,2.97
CA_1,HOBBIES_1_010,11222,2.97
CA_1,HOBBIES_1_010,11223,2.97
CA_1,HOBBIES_1_010,11224,2.97
CA_1,HOBBIES_1_010,11225,2.97
CA_1,HOBBIES_1_010,11226,2.97
CA_1,HOBBIES_1_010,11227,2.97
CA_1,HOBBIES_1_010,11228,2.97
CA_1,HOBBIES_1_010,11229,2.97
CA_1,HOBBIES_1_010,11230,2.97
CA_1,HOBBIES_1_010,11231,2.97
CA_1,HOBBIES_1_010,11232,2.97
CA_1,HOBBIES_1_010,11233,2.97
CA_1,HOBBIES_1_010,11234,2.97
CA_1,HOBBIES_1_010,11235,2.97
CA_1,HOBBIES_1_010,11236,2.97
CA_1,HOBBIES_1_010,11237,2.97
CA_1,HOBBIES_1_010,11238,2.97
CA_1,HOBBIES_1_010,11239,2.97
CA_1,HOBBIES_1_010,11240,2.97
CA_1,HOBBIES_1_010,11241,2.97
CA_1,HOBBIES_1_010,11242,2.97
CA_1,HOBBIES_1_010,11243,2.97
CA_1,HOBBIES_1_010,11244,2.97
CA_1,HOBBIES_1_010,11245,2.97
CA_1,HOBBIES_1_010,11246,2.97
CA_1,HOBBIES_1_010,11247,2.97
CA_1,HOBBIES_1_010,11248,2.97
CA_1,HOBBIES_1_010,11249,2.97
CA_1,HOBBIES_1_010,11250,2.97
CA_1,HOBBIES_1_010,11251,2.97
CA_1,HOBBIES_1_010,11252,2.97
CA_1,HOBBIES_1_010,11301,2.97
CA_1,HOBBIES_1_010,11302,2.97
CA_1,HOBBIES_1_010,11303,2.97
CA_1,HOBBIES_1_010,11304,2.97
CA_1,HOBBIES_1_010,11305,2.97
CA_1,HOBBIES_1_010,11306,2.97
CA_1,HOBBIES_1_010,11307,2.97
CA_1,HOBBIES_1_010,11308,2.97
CA_1,HOBBIES_1_010,11309,2.97
CA_1,HOBBIES_1_010,11310,2.97
CA_1,HOBBIES_1_010,11311,2.97
CA_1,HOBBIES_1_010,11312,2.97
CA_1,HOBBIES_1_010,11313,2.97
CA_1,HOBBIES_1_010,11314,2.97
CA_1,HOBBIES_1_010,11315,2.97
CA_1,HOBBIES_1_010,11316,2.97
CA_1,HOBBIES_1_010,11317,2.97
CA_1,HOBBIES_1_010,11318,2.97
CA_1,HOBBIES_1_010,11319,2.97
CA_1,HOBBIES_1_010,11320,2.97
CA_1,HOBBIES_1_010,11321,2.97
CA_1,HOBBIES_1_010,11322,2.97
CA_1,HOBBIES_1_010,11323,2.97
CA_1,HOBBIES_1_010,11324,2.97
CA_1,HOBBIES_1_010,11325,2.97
CA_1,HOBBIES_1_010,11326,2.97
CA_1,HOBBIES_1_010,11327,2.97
CA_1,HOBBIES_1_010,11328,2.97
CA_1,HOBBIES_1_010,11329,2.97
CA_1,HOBBIES_1_010,11330,2.97
CA_1,HOBBIES_1_010,11331,2.97
CA_1,HOBBIES_1_010,11332,2.97
CA_1,HOBBIES_1_010,11333,2.97
CA_1,HOBBIES_1_010,11334,2.97
CA_1,HOBBIES_1_010,11335,2.97
CA_1,HOBBIES_1_010,11336,2.97
CA_1,HOBBIES_1_010,11337,2.97
CA_1,HOBBIES_1_010,11338,2.97
CA_1,HOBBIES_1_010,11339,2.97
CA_1,HOBBIES_1_010,11340,2.97
CA_1,HOBBIES_1_010,11341,2.97
CA_1,HOBBIES_1_010,11342,2.97
CA_1,HOBBIES_1_010,11343,2.97
CA_1,HOBBIES_1_010,11344,2.97
CA_1,HOBBIES_1_010,11345,2.97
CA_1,HOBBIES_1_010,11346,2.97
CA_1,HOBBIES_1_010,11347,2.97
CA_1,HOBBIES_1_010,11348,2.97
CA_1,HOBBIES_1_010,11349,2.97
CA_1,HOBBIES_1_010,11350,2.97
CA_1,HOBBIES_1_010,11351,2.97
CA_1,HOBBIES_1_010,11352,2.97
CA_1,HOBBIES_1_010,11353,2.97
CA_1,HOBBIES_1_010,11401,2.97
CA_1,HOBBIES_1_010,11402,2.97
CA_1,HOBBIES_1_010,11403,2.97
CA_1,HOBBIES_1_010,11404,2.97
CA_1,HOBBIES_1_010,11405,2.97
CA_1,HOBBIES_1_010,11406,2.97
CA_1,HOBBIES_1_010,11407,2.97
CA_1,HOBBIES_1_010,11408,2.97
CA_1,HOBBIES_1_010,11409,2.97
CA_1,HOBBIES_1_010,11410,2.97
CA_1,HOBBIES_1_010,11411,2.97
CA_1,HOBBIES_1_010,11412,2.97
CA_1,HOBBIES_1_010,11413,2.97
CA_1,HOBBIES_1_010,11414,2.97
CA_1,HOBBIES_1_010,11415,2.97
CA_1,HOBBIES_1_010,11416,2.97
CA_1,HOBBIES_1_010,11417,2.97
CA_1,HOBBIES_1_010,11418,2.97
CA_1,HOBBIES_1_010,11419,2.97
CA_1,HOBBIES_1_010,11420,2.97
CA_1,HOBBIES_1_010,11421,2.97
CA_1,HOBBIES_1_010,11422,2.97
CA_1,HOBBIES_1_010,11423,2.97
CA_1,HOBBIES_1_010,11424,2.97
CA_1,HOBBIES_1_010,11425,2.97
CA_1,HOBBIES_1_010,11426,2.97
CA_1,HOBBIES_1_010,11427,2.97
CA_1,HOBBIES_1_010,11428,2.97
CA_1,HOBBIES_1_010,11429,2.97
CA_1,HOBBIES_1_010,11430,2.97
CA_1,HOBBIES_1_010,11431,2.97
CA_1,HOBBIES_1_010,11432,2.97
CA_1,HOBBIES_1_010,11433,2.97
CA_1,HOBBIES_1_010,11434,2.97
CA_1,HOBBIES_1_010,11435,2.97
CA_1,HOBBIES_1_010,11436,2.97
CA_1,HOBBIES_1_010,11437,2.97
CA_1,HOBBIES_1_010,11438,2.97
CA_1,HOBBIES_1_010,11439,2.97
CA_1,HOBBIES_1_010,11440,2.97
CA_1,HOBBIES_1_010,11441,2.97
CA_1,HOBBIES_1_010,11442,2.97
CA_1,HOBBIES_1_010,11443,2.97
CA_1,HOBBIES_1_010,11444,2.97
CA_1,HOBBIES_1_010,11445,2.97
CA_1,HOBBIES_1_010,11446,2.97
CA_1,HOBBIES_1_010,11447,2.97
CA_1,HOBBIES_1_010,11448,2.97
CA_1,HOBBIES_1_010,11449,2.97
CA_1,HOBBIES_1_010,11450,2.97
CA_1,HOBBIES_1_010,11451,2.97
CA_1,HOBBIES_1_010,11452,2.97
CA_1,HOBBIES_1_010,11501,2.97
CA_1,HOBBIES_1_010,11502,2.97
CA_1,HOBBIES_1_010,11503,2.97
CA_1,HOBBIES_1_010,11504,2.97
CA_1,HOBBIES_1_010,11505,2.97
CA_1,HOBBIES_1_010,11506,2.97
CA_1,HOBBIES_1_010,11507,2.97
CA_1,HOBBIES_1_010,11508,2.97
CA_1,HOBBIES_1_010,11509,2.97
CA_1,HOBBIES_1_010,11510,2.97
CA_1,HOBBIES_1_010,11511,2.97
CA_1,HOBBIES_1_010,11512,2.97
CA_1,HOBBIES_1_010,11513,2.97
CA_1,HOBBIES_1_010,11514,2.97
CA_1,HOBBIES_1_010,11515,2.97
CA_1,HOBBIES_1_010,11516,2.97
CA_1,HOBBIES_1_010,11517,2.97
CA_1,HOBBIES_1_010,11518,2.97
CA_1,HOBBIES_1_010,11519,2.97
CA_1,HOBBIES_1_010,11520,2.97
CA_1,HOBBIES_1_010,11521,2.97
CA_1,HOBBIES_1_010,11522,2.97
CA_1,HOBBIES_1_010,11523,2.97
CA_1,HOBBIES_1_010,11524,2.97
CA_1,HOBBIES_1_010,11525,2.97
CA_1,HOBBIES_1_010,11526,2.97
CA_1,HOBBIES_1_010,11527,2.97
CA_1,HOBBIES_1_010,11528,2.97
CA_1,HOBBIES_1_010,11529,2.97
CA_1,HOBBIES_1_010,11530,2.97
CA_1,HOBBIES_1_010,11531,2.97
CA_1,HOBBIES_1_010,11532,2.97
CA_1,HOBBIES_1_010,11533,2.97
CA_1,HOBBIES_1_010,11534,2.97
CA_1,HOBBIES_1_010,11535,2.97
CA_1,HOBBIES_1_010,11536,2.97
CA_1,HOBBIES_1_010,11537,2.97
CA_1,HOBBIES_1_010,11538,2.97
CA_1,HOBBIES_1_010,11539,2.97
CA_1,HOBBIES_1_010,11540,2.97
CA_1,HOBBIES_1_010,11541,2.97
CA_1,HOBBIES_1_010,11542,2.97
CA_1,HOBBIES_1_010,11543,2.97
CA_1,HOBBIES_1_010,11544,2.97
CA_1,HOBBIES_1_010,11545,2.97
CA_1,HOBBIES_1_010,11546,2.97
CA_1,HOBBIES_1_010,11547,2.97
CA_1,HOBBIES_1_010,11548,2.97
CA_1,HOBBIES_1_010,11549,2.97
CA_1,HOBBIES_1_010,11550,2.97
CA_1,HOBBIES_1_010,11551,2.97
CA_1,HOBBIES_1_010,11552,2.97
CA_1,HOBBIES_1_010,11601,2.97
CA_1,HOBBIES_1_010,11602,2.97
CA_1,HOBBIES_1_010,11603,2.97
CA_1,HOBBIES_1_010,11604,2.97
CA_1,HOBBIES_1_010,11605,2.97
CA_1,HOBBIES_1_010,11606,2.97
CA_1,HOBBIES_1_010,11607,2.97
CA_1,HOBBIES_1_010,11608,2.97
CA_1,HOBBIES_1_010,11609,2.97
CA_1,HOBBIES_1_010,11610,2.97
CA_1,HOBBIES_1_010,11611,2.97
CA_1,HOBBIES_1_010,11612,2.97
CA_1,HOBBIES_1_010,11613,2.97
CA_1,HOBBIES_1_010,11614,2.97
CA_1,HOBBIES_1_010,11615,2.97
CA_1,HOBBIES_1_010,11616,2.97
CA_1,HOBBIES_1_010,11617,2.97
CA_1,HOBBIES_1_010,11618,2.97
CA_1,HOBBIES_1_010,11619,2.97
CA_1,HOBBIES_1_010,11620,2.97
CA_1,HOBBIES_1_010,11621,2.97
CA_1,HOBBIES_1_011,11213,3.48
CA_1,HOBBIES_1_011,11214,3.48
CA_1,HOBBIES_1_011,11215,3.48
CA_1,HOBBIES_1_011,11216,3.48
CA_1,HOBBIES_1_011,11217,3.48
CA_1,HOBBIES_1_011,11218,3.48
CA_1,HOBBIES_1_011,11219,3.48
CA_1,HOBBIES_1_011,11220,3.48
CA_1,HOBBIES_1_011,11221,3.48
CA_1,HOBBIES_1_011,11222,3.48
CA_1,HOBBIES_1_011,11223,3.48
CA_1,HOBBIES_1_011,11224,3.48
CA_1,HOBBIES_1_011,11225,3.48
CA_1,HOBBIES_1_011,11226,3.48
CA_1,HOBBIES_1_011,11227,3.48
CA_1,HOBBIES_1_011,11228,3.48
CA_1,HOBBIES_1_011,11229,3.48
CA_1,HOBBIES_1_011,11230,3.48
CA_1,HOBBIES_1_011,11231,3.48
CA_1,HOBBIES_1_011,11232,3.48
CA_1,HOBBIES_1_011,11233,3.48
CA_1,HOBBIES_1_011,11234,3.48
CA_1,HOBBIES_1_011,11235,3.48
CA_1,HOBBIES_1_011,11236,3.48
CA_1,HOBBIES_1_011,11237,3.48
CA_1,HOBBIES_1_011,11238,3.48
CA_1,HOBBIES_1_011,11239,3.48
CA_1,HOBBIES_1_011,11240,3.48
CA_1,HOBBIES_1_011,11241,3.48
CA_1,HOBBIES_1_011,11242,3.48
CA_1,HOBBIES_1_011,11243,3.48
CA_1,HOBBIES_1_011,11244,3.48
CA_1,HOBBIES_1_011,11245,3.48
CA_1,HOBBIES_1_011,11246,3.48
CA_1,HOBBIES_1_011,11247,3.48
CA_1,HOBBIES_1_011,11248,3.48
CA_1,HOBBIES_1_011,11249,3.48
CA_1,HOBBIES_1_011,11250,3.48
CA_1,HOBBIES_1_011,11251,3.48
CA_1,HOBBIES_1_011,11252,3.48
CA_1,HOBBIES_1_011,11301,3.48
CA_1,HOBBIES_1_011,11302,3.48
CA_1,HOBBIES_1_011,11303,3.48
CA_1,HOBBIES_1_011,11304,3.48
CA_1,HOBBIES_1_011,11305,3.48
CA_1,HOBBIES_1_011,11306,3.48
CA_1,HOBBIES_1_011,11307,3.48
CA_1,HOBBIES_1_011,11308,3.48
CA_1,HOBBIES_1_011,11309,3.48
CA_1,HOBBIES_1_011,11310,3.48
CA_1,HOBBIES_1_011,11311,3.48
CA_1,HOBBIES_1_011,11312,3.48
CA_1,HOBBIES_1_011,11313,3.48
CA_1,HOBBIES_1_011,11314,3.48
CA_1,HOBBIES_1_011,11315,3.48
CA_1,HOBBIES_1_011,11316,3.48
CA_1,HOBBIES_1_011,11317,3.48
CA_1,HOBBIES_1_011,11318,3.48
CA_1,HOBBIES_1_011,11319,3.48
CA_1,HOBBIES_1_011,11320,3.48
CA_1,HOBBIES_1_011,11321,3.48
CA_1,HOBBIES_1_011,11322,3.48
CA_1,HOBBIES_1_011,11323,3.48
CA_1,HOBBIES_1_011,11324,3.48
CA_1,HOBBIES_1_011,11325,3.48
CA_1,HOBBIES_1_011,11326,3.48
CA_1,HOBBIES_1_011,11327,3.48
CA_1,HOBBIES_1_011,11328,3.48
CA_1,HOBBIES_1_011,11329,3.48
CA_1,HOBBIES_1_011,11330,3.48
CA_1,HOBBIES_1_011,11331,3.48
CA_1,HOBBIES_1_011,11332,3.48
CA_1,HOBBIES_1_011,11333,3.48
CA_1,HOBBIES_1_011,11334,3.48
CA_1,HOBBIES_1_011,11335,3.48
CA_1,HOBBIES_1_011,11336,3.48
CA_1,HOBBIES_1_011,11337,3.48
CA_1,HOBBIES_1_011,11338,3.48
CA_1,HOBBIES_1_011,11339,3.48
CA_1,HOBBIES_1_011,11340,3.48
CA_1,HOBBIES_1_011,11341,3.48
CA_1,HOBBIES_1_011,11342,3.48
CA_1,HOBBIES_1_011,11343,3.48
CA_1,HOBBIES_1_011,11344,3.48
CA_1,HOBBIES_1_011,11345,3.48
CA_1,HOBBIES_1_011,11346,3.48
CA_1,HOBBIES_1_011,11347,3.48
CA_1,HOBBIES_1_011,11348,3.48
CA_1,HOBBIES_1_011,11349,3.48
CA_1,HOBBIES_1_011,11350,3.48
CA_1,HOBBIES_1_011,11351,3.48
CA_1,HOBBIES_1_011,11352,3.48
CA_1,HOBBIES_1_011,11353,3.48
CA_1,HOBBIES_1_011,11401,3.48
CA_1,HOBBIES_1_011,11402,3.48
CA_1,HOBBIES_1_011,11403,3.48
CA_1,HOBBIES_1_011,11404,3.48
CA_1,HOBBIES_1_011,11405,3.48
CA_1,HOBBIES_1_011,11406,3.48
CA_1,HOBBIES_1_011,11407,3.48
CA_1,HOBBIES_1_011,11408,3.48
CA_1,HOBBIES_1_011,11409,3.48
CA_1,HOBBIES_1_011,11410,3.48
CA_1,HOBBIES_1_011,11411,3.48
CA_1,HOBBIES_1_011,11412,3.48
CA_1,HOBBIES_1_011,11413,3.48
CA_1,HOBBIES_1_011,11414,3.48
CA_1,HOBBIES_1_011,11415,3.48
CA_1,HOBBIES_1_011,11416,3.48
CA_1,HOBBIES_1_011,11417,3.48
CA_1,HOBBIES_1_011,11418,3.48
CA_1,HOBBIES_1_011,11419,3.48
CA_1,HOBBIES_1_011,11420,3.48
CA_1,HOBBIES_1_011,11421,3.48
CA_1,HOBBIES_1_011,11422,3.48
CA_1,HOBBIES_1_011,11423,3.48
CA_1,HOBBIES_1_011,11424,3.48
CA_1,HOBBIES_1_011,11425,3.48
CA_1,HOBBIES_1_011,11426,3.48
CA_1,HOBBIES_1_011,11427,3.48
CA_1,HOBBIES_1_011,11428,3.48
CA_1,HOBBIES_1_011,11429,3.48
CA_1,HOBBIES_1_011,11430,3.48
CA_1,HOBBIES_1_011,11431,3.48
CA_1,HOBBIES_1_011,11432,3.48
CA_1,HOBBIES_1_011,11433,3.48
CA_1,HOBBIES_1_011,11434,3.48
CA_1,HOBBIES_1_011,11435,3.48
CA_1,HOBBIES_1_011,11436,3.48
CA_1,HOBBIES_1_011,11437,3.48
CA_1,HOBBIES_1_011,11438,3.48
CA_1,HOBBIES_1_011,11439,3.48
CA_1,HOBBIES_1_011,11440,3.48
CA_1,HOBBIES_1_011,11441,3.48
CA_1,HOBBIES_1_011,11442,3.48
CA_1,HOBBIES_1_011,11443,3.48
CA_1,HOBBIES_1_011,11444,3.48
CA_1,HOBBIES_1_011,11445,3.48
CA_1,HOBBIES_1_011,11446,3.48
CA_1,HOBBIES_1_011,11447,3.48
CA_1,HOBBIES_1_011,11448,3.48
CA_1,HOBBIES_1_011,11449,3.48
CA_1,HOBBIES_1_011,11450,3.48
CA_1,HOBBIES_1_011,11451,3.48
CA_1,HOBBIES_1_011,11452,3.48
CA_1,HOBBIES_1_011,11501,3.48
CA_1,HOBBIES_1_011,11502,3.48
CA_1,HOBBIES_1_011,11503,3.48
CA_1,HOBBIES_1_011,11504,3.48
CA_1,HOBBIES_1_011,11505,3.48
CA_1,HOBBIES_1_011,11506,3.48
CA_1,HOBBIES_1_011,11507,3.48
CA_1,HOBBIES_1_011,11508,3.48
CA_1,HOBBIES_1_011,11509,3.48
CA_1,HOBBIES_1_011,11510,3.48
CA_1,HOBBIES_1_011,11511,3.48
CA_1,HOBBIES_1_011,11512,3.48
CA_1,HOBBIES_1_011,11513,3.48
CA_1,HOBBIES_1_011,11514,3.48
CA_1,HOBBIES_1_011,11515,3.48
CA_1,HOBBIES_1_011,11516,3.48
CA_1,HOBBIES_1_011,11517,3.48
CA_1,HOBBIES_1_011,11518,3.48
CA_1,HOBBIES_1_011,11519,3.48
CA_1,HOBBIES_1_011,11520,3.48
CA_1,HOBBIES_1_011,11521,3.48
CA_1,HOBBIES_1_011,11522,3.48
CA_1,HOBBIES_1_011,11523,3.48
CA_1,HOBBIES_1_011,11524,3.48
CA_1,HOBBIES_1_011,11525,3.48
CA_1,HOBBIES_1_011,11526,3.48
CA_1,HOBBIES_1_011,11527,3.48
CA_1,HOBBIES_1_011,11528,3.48
CA_1,HOBBIES_1_011,11529,3.48
CA_1,HOBBIES_1_011,11530,3.48
CA_1,HOBBIES_1_011,11531,3.48
CA_1,HOBBIES_1_011,11532,3.48
CA_1,HOBBIES_1_011,11533,3.48
CA_1,HOBBIES_1_011,11534,3.48
CA_1,HOBBIES_1_011,11535,3.48
CA_1,HOBBIES_1_011,11536,3.48
CA_1,HOBBIES_1_011,11537,3.48
CA_1,HOBBIES_1_011,11538,3.48
CA_1,HOBBIES_1_011,11539,3.48
CA_1,HOBBIES_1_011,11540,3.48
CA_1,HOBBIES_1_011,11541,3.48
CA_1,HOBBIES_1_011,11542,3.48
CA_1,HOBBIES_1_011,11543,3.48
CA_1,HOBBIES_1_011,11544,3.48
CA_1,HOBBIES_1_011,11545,3.48
CA_1,HOBBIES_1_011,11546,3.48
CA_1,HOBBIES_1_011,11547,3.48
CA_1,HOBBIES_1_011,11548,3.48
CA_1,HOBBIES_1_011,11549,3.48
CA_1,HOBBIES_1_011,11550,3.48
CA_1,HOBBIES_1_011,11551,3.48
CA_1,HOBBIES_1_011,11552,3.48
CA_1,HOBBIES_1_011,11601,3.48
CA_1,HOBBIES_1_011,11602,3.48
CA_1,HOBBIES_1_011,11603,3.48
CA_1,HOBBIES_1_011,11604,3.48
CA_1,HOBBIES_1_011,11605,3.48
CA_1,HOBBIES_1_011,11606,3.48
CA_1,HOBBIES_1_011,11607,3.48
CA_1,HOBBIES_1_011,11608,3.48
CA_1,HOBBIES_1_011,11609,3.48
CA_1,HOBBIES_1_011,11610,3.48
CA_1,HOBBIES_1_011,11611,3.48
CA_1,HOBBIES_1_011,11612,3.48
CA_1,HOBBIES_1_011,11613,3.48
CA_1,HOBBIES_1_011,11614,3.48
CA_1,HOBBIES_1_011,11615,3.48
CA_1,HOBBIES_1_011,11616,3.48
CA_1,HOBBIES_1_011,11617,3.48
CA_1,HOBBIES_1_011,11618,3.48
CA_1,HOBBIES_1_011,11619,3.48
CA_1,HOBBIES_1_011,11620,3.48
CA_1,HOBBIES_1_011,11621,3.48
CA_1,HOBBIES_1_012,11101,5.98
CA_1,HOBBIES_1_012,11102,5.98
CA_1,HOBBIES_1_012,11103,5.98
CA_1,HOBBIES_1_012,11104,5.98
CA_1,HOBBIES_1_012,11105,5.98
CA_1,HOBBIES_1_012,11106,5.98
CA_1,HOBBIES_1_012,11107,6.27
CA_1,HOBBIES_1_012,11108,6.27
CA_1,HOBBIES_1_012,11109,6.27
CA_1,HOBBIES_1_012,11110,6.27
CA_1,HOBBIES_1_012,11111,6.27
CA_1,HOBBIES_1_012,11112,6.27
CA_1,HOBBIES_1_012,11113,6.27
CA_1,HOBBIES_1_012,11114,6.27
CA_1,HOBBIES_1_012,11115,6.27
CA_1,HOBBIES_1_012,11116,6.27
CA_1,HOBBIES_1_012,11117,6.27
CA_1,HOBBIES_1_012,11118,6.27
CA_1,HOBBIES_1_012,11119,6.27
CA_1,HOBBIES_1_012,11120,6.27
CA_1,HOBBIES_1_012,11121,6.27
CA_1,HOBBIES_1_012,11122,6.27
CA_1,HOBBIES_1_012,11123,6.27
CA_1,HOBBIES_1_012,11124,6.27
CA_1,HOBBIES_1_012,11125,6.27
CA_1,HOBBIES_1_012,11126,6.27
CA_1,HOBBIES_1_012,11127,6.27
CA_1,HOBBIES_1_012,11128,6.27
CA_1,HOBBIES_1_012,11129,6.27
CA_1,HOBBIES_1_012,11130,6.27
CA_1,HOBBIES_1_012,11131,6.27
CA_1,HOBBIES_1_012,11132,6.27
CA_1,HOBBIES_1_012,11133,6.27
CA_1,HOBBIES_1_012,11134,6.27
CA_1,HOBBIES_1_012,11135,6.27
CA_1,HOBBIES_1_012,11136,6.27
CA_1,HOBBIES_1_012,11137,6.27
CA_1,HOBBIES_1_012,11138,6.27
CA_1,HOBBIES_1_012,11139,6.27
CA_1,HOBBIES_1_012,11140,6.27
CA_1,HOBBIES_1_012,11141,6.27
CA_1,HOBBIES_1_012,11142,6.27
CA_1,HOBBIES_1_012,11143,6.27
CA_1,HOBBIES_1_012,11144,6.27
CA_1,HOBBIES_1_012,11145,6.27
CA_1,HOBBIES_1_012,11146,6.27
CA_1,HOBBIES_1_012,11147,6.27
CA_1,HOBBIES_1_012,11148,6.27
CA_1,HOBBIES_1_012,11149,6.27
CA_1,HOBBIES_1_012,11150,6.27
CA_1,HOBBIES_1_012,11151,6.52
CA_1,HOBBIES_1_012,11152,6.52
CA_1,HOBBIES_1_012,11201,6.52
CA_1,HOBBIES_1_012,11202,6.52
CA_1,HOBBIES_1_012,11203,6.52
CA_1,HOBBIES_1_012,11204,6.52
CA_1,HOBBIES_1_012,11205,6.52
CA_1,HOBBIES_1_012,11206,6.52
CA_1,HOBBIES_1_012,11207,6.52
CA_1,HOBBIES_1_012,11208,6.52
CA_1,HOBBIES_1_012,11209,6.52
CA_1,HOBBIES_1_012,11210,6.52
CA_1,HOBBIES_1_012,11211,6.52
CA_1,HOBBIES_1_012,11212,6.52
CA_1,HOBBIES_1_012,11213,6.52
CA_1,HOBBIES_1_012,11214,6.52
CA_1,HOBBIES_1_012,11215,6.52
CA_1,HOBBIES_1_012,11216,6.52
CA_1,HOBBIES_1_012,11217,6.52
CA_1,HOBBIES_1_012,11218,6.52
CA_1,HOBBIES_1_012,11219,6.52
CA_1,HOBBIES_1_012,11220,6.52
CA_1,HOBBIES_1_012,11221,6.52
CA_1,HOBBIES_1_012,11222,6.52
CA_1,HOBBIES_1_012,11223,6.52
CA_1,HOBBIES_1_012,11224,6.52
CA_1,HOBBIES_1_012,11225,6.52
CA_1,HOBBIES_1_012,11226,6.52
CA_1,HOBBIES_1_012,11227,6.52
CA_1,HOBBIES_1_012,11228,6.52
CA_1,HOBBIES_1_012,11229,6.52
CA_1,HOBBIES_1_012,11230,6.52
CA_1,HOBBIES_1_012,11231,6.52
CA_1,HOBBIES_1_012,11232,6.52
CA_1,HOBBIES_1_012,11233,6.52
CA_1,HOBBIES_1_012,11234,6.52
CA_1,HOBBIES_1_012,11235,6.52
CA_1,HOBBIES_1_012,11236,6.52
CA_1,HOBBIES_1_012,11237,6.52
CA_1,HOBBIES_1_012,11238,6.52
CA_1,HOBBIES_1_012,11239,6.52
CA_1,HOBBIES_1_012,11240,6.52
CA_1,HOBBIES_1_012,11241,6.52
CA_1,HOBBIES_1_012,11242,6.52
CA_1,HOBBIES_1_012,11243,6.52
CA_1,HOBBIES_1_012,11244,6.52
CA_1,HOBBIES_1_012,11245,6.52
CA_1,HOBBIES_1_012,11246,6.52
CA_1,HOBBIES_1_012,11247,6.52
CA_1,HOBBIES_1_012,11248,6.52
CA_1,HOBBIES_1_012,11249,6.52
CA_1,HOBBIES_1_012,11250,6.52
CA_1,HOBBIES_1_012,11251,6.52
CA_1,HOBBIES_1_012,11252,6.52
CA_1,HOBBIES_1_012,11301,6.52
CA_1,HOBBIES_1_012,11302,6.52
CA_1,HOBBIES_1_012,11303,6.52
CA_1,HOBBIES_1_012,11304,6.52
CA_1,HOBBIES_1_012,11305,6.52
CA_1,HOBBIES_1_012,11306,6.52
CA_1,HOBBIES_1_012,11307,6.52
CA_1,HOBBIES_1_012,11308,6.52
CA_1,HOBBIES_1_012,11309,6.52
CA_1,HOBBIES_1_012,11310,6.52
CA_1,HOBBIES_1_012,11311,6.52
CA_1,HOBBIES_1_012,11312,6.52
CA_1,HOBBIES_1_012,11313,6.52
CA_1,HOBBIES_1_012,11314,6.52
CA_1,HOBBIES_1_012,11315,6.52
CA_1,HOBBIES_1_012,11316,6.52
CA_1,HOBBIES_1_012,11317,6.52
CA_1,HOBBIES_1_012,11318,6.52
CA_1,HOBBIES_1_012,11319,6.52
CA_1,HOBBIES_1_012,11320,6.52
CA_1,HOBBIES_1_012,11321,6.52
CA_1,HOBBIES_1_012,11322,6.52
CA_1,HOBBIES_1_012,11323,6.52
CA_1,HOBBIES_1_012,11324,6.52
CA_1,HOBBIES_1_012,11325,6.52
CA_1,HOBBIES_1_012,11326,6.52
CA_1,HOBBIES_1_012,11327,6.52
CA_1,HOBBIES_1_012,11328,6.52
CA_1,HOBBIES_1_012,11329,6.52
CA_1,HOBBIES_1_012,11330,6.52
CA_1,HOBBIES_1_012,11331,6.52
CA_1,HOBBIES_1_012,11332,6.52
CA_1,HOBBIES_1_012,11333,6.52
CA_1,HOBBIES_1_012,11334,6.52
CA_1,HOBBIES_1_012,11335,6.52
CA_1,HOBBIES_1_012,11336,6.52
CA_1,HOBBIES_1_012,11337,6.52
CA_1,HOBBIES_1_012,11338,6.52
CA_1,HOBBIES_1_012,11339,6.52
CA_1,HOBBIES_1_012,11340,6.52
CA_1,HOBBIES_1_012,11341,6.52
CA_1,HOBBIES_1_012,11342,6.52
CA_1,HOBBIES_1_012,11343,6.52
CA_1,HOBBIES_1_012,11344,6.52
CA_1,HOBBIES_1_012,11345,6.52
CA_1,HOBBIES_1_012,11346,6.52
CA_1,HOBBIES_1_012,11347,6.52
CA_1,HOBBIES_1_012,11348,6.52
CA_1,HOBBIES_1_012,11349,6.52
CA_1,HOBBIES_1_012,11350,6.52
CA_1,HOBBIES_1_012,11351,6.52
CA_1,HOBBIES_1_012,11352,6.52
CA_1,HOBBIES_1_012,11353,6.52
CA_1,HOBBIES_1_012,11401,6.52
CA_1,HOBBIES_1_012,11402,6.52
CA_1,HOBBIES_1_012,11403,6.52
CA_1,HOBBIES_1_012,11404,6.52
CA_1,HOBBIES_1_012,11405,6.52
CA_1,HOBBIES_1_012,11406,6.52
CA_1,HOBBIES_1_012,11407,6.52
CA_1,HOBBIES_1_012,11408,6.52
CA_1,HOBBIES_1_012,11409,6.52
CA_1,HOBBIES_1_012,11410,6.52
CA_1,HOBBIES_1_012,11411,6.52
CA_1,HOBBIES_1_012,11412,6.52
CA_1,HOBBIES_1_012,11413,6.52
CA_1,HOBBIES_1_012,11414,6.52
CA_1,HOBBIES_1_012,11415,6.52
CA_1,HOBBIES_1_012,11416,6.52
CA_1,HOBBIES_1_012,11417,6.52
CA_1,HOBBIES_1_012,11418,6.52
CA_1,HOBBIES_1_012,11419,6.52
CA_1,HOBBIES_1_012,11420,6.52
CA_1,HOBBIES_1_012,11421,6.52
CA_1,HOBBIES_1_012,11422,6.52
CA_1,HOBBIES_1_012,11423,6.52
CA_1,HOBBIES_1_012,11424,6.52
CA_1,HOBBIES_1_012,11425,6.52
CA_1,HOBBIES_1_012,11426,6.52
CA_1,HOBBIES_1_012,11427,6.52
CA_1,HOBBIES_1_012,11428,6.52
CA_1,HOBBIES_1_012,11429,6.52
CA_1,HOBBIES_1_012,11430,6.52
CA_1,HOBBIES_1_012,11431,6.52
CA_1,HOBBIES_1_012,11432,6.52
CA_1,HOBBIES_1_012,11433,6.52
CA_1,HOBBIES_1_012,11434,6.52
CA_1,HOBBIES_1_012,11435,6.52
CA_1,HOBBIES_1_012,11436,6.52
CA_1,HOBBIES_1_012,11437,6.52
CA_1,HOBBIES_1_012,11438,6.52
CA_1,HOBBIES_1_012,11439,6.52
CA_1,HOBBIES_1_012,11440,6.52
CA_1,HOBBIES_1_012,11441,6.52
CA_1,HOBBIES_1_012,11442,6.52
CA_1,HOBBIES_1_012,11443,6.52
CA_1,HOBBIES_1_012,11444,6.52
CA_1,HOBBIES_1_012,11445,6.52
CA_1,HOBBIES_1_012,11446,6.52
CA_1,HOBBIES_1_012,11447,6.52
CA_1,HOBBIES_1_012,11448,6.52
CA_1,HOBBIES_1_012,11449,6.52
CA_1,HOBBIES_1_012,11450,6.52
CA_1,HOBBIES_1_012,11451,6.52
CA_1,HOBBIES_1_012,11452,6.52
CA_1,HOBBIES_1_012,11501,6.52
CA_1,HOBBIES_1_012,11502,6.52
CA_1,HOBBIES_1_012,11503,6.52
CA_1,HOBBIES_1_012,11504,6.52
CA_1,HOBBIES_1_012,11505,6.52
CA_1,HOBBIES_1_012,11506,6.52
CA_1,HOBBIES_1_012,11507,6.52
CA_1,HOBBIES_1_012,11508,6.52
CA_1,HOBBIES_1_012,11509,6.52
CA_1,HOBBIES_1_012,11510,6.52
CA_1,HOBBIES_1_012,11511,6.52
CA_1,HOBBIES_1_012,11512,6.52
CA_1,HOBBIES_1_012,11513,6.52
CA_1,HOBBIES_1_012,11514,6.52
CA_1,HOBBIES_1_012,11515,6.52
CA_1,HOBBIES_1_012,11516,6.52
CA_1,HOBBIES_1_012,11517,6.52
CA_1,HOBBIES_1_012,11518,6.52
CA_1,HOBBIES_1_012,11519,6.52
CA_1,HOBBIES_1_012,11520,6.52
CA_1,HOBBIES_1_012,11521,6.52
CA_1,HOBBIES_1_012,11522,6.52
CA_1,HOBBIES_1_012,11523,6.52
CA_1,HOBBIES_1_012,11524,6.52
CA_1,HOBBIES_1_012,11525,6.52
CA_1,HOBBIES_1_012,11526,6.52
CA_1,HOBBIES_1_012,11527,6.52
CA_1,HOBBIES_1_012,11528,6.52
CA_1,HOBBIES_1_012,11529,6.52
CA_1,HOBBIES_1_012,11530,6.52
CA_1,HOBBIES_1_012,11531,6.52
CA_1,HOBBIES_1_012,11532,6.52
CA_1,HOBBIES_1_012,11533,6.52
CA_1,HOBBIES_1_012,11534,6.52
CA_1,HOBBIES_1_012,11535,6.52
CA_1,HOBBIES_1_012,11536,6.52
CA_1,HOBBIES_1_012,11537,6.52
CA_1,HOBBIES_1_012,11538,6.52
CA_1,HOBBIES_1_012,11539,6.52
CA_1,HOBBIES_1_012,11540,6.52
CA_1,HOBBIES_1_012,11541,6.52
CA_1,HOBBIES_1_012,11542,6.52
CA_1,HOBBIES_1_012,11543,6.52
CA_1,HOBBIES_1_012,11544,6.52
CA_1,HOBBIES_1_012,11545,6.52
CA_1,HOBBIES_1_012,11546,6.52
CA_1,HOBBIES_1_012,11547,6.52
CA_1,HOBBIES_1_012,11548,6.52
CA_1,HOBBIES_1_012,11549,6.52
CA_1,HOBBIES_1_012,11550,6.52
CA_1,HOBBIES_1_012,11551,6.52
CA_1,HOBBIES_1_012,11552,6.52
CA_1,HOBBIES_1_012,11601,6.52
CA_1,HOBBIES_1_012,11602,6.52
CA_1,HOBBIES_1_012,11603,6.52
CA_1,HOBBIES_1_012,11604,6.52
CA_1,HOBBIES_1_012,11605,6.52
CA_1,HOBBIES_1_012,11606,6.52
CA_1,HOBBIES_1_012,11607,6.52
CA_1,HOBBIES_1_012,11608,6.52
CA_1,HOBBIES_1_012,11609,6.52
CA_1,HOBBIES_1_012,11610,6.52
CA_1,HOBBIES_1_012,11611,6.52
CA_1,HOBBIES_1_012,11612,6.52
CA_1,HOBBIES_1_012,11613,6.52
CA_1,HOBBIES_1_012,11614,6.52
CA_1,HOBBIES_1_012,11615,6.52
CA_1,HOBBIES_1_012,11616,6.52
CA_1,HOBBIES_1_012,11617,6.52
CA_1,HOBBIES_1_012,11618,6.52
CA_1,HOBBIES_1_012,11619,6.52
CA_1,HOBBIES_1_012,11620,6.52
CA_1,HOBBIES_1_012,11621,6.52
CA_1,HOBBIES_1_013,11216,1.97
CA_1,HOBBIES_1_013,11217,1.97
CA_1,HOBBIES_1_013,11218,1.97
CA_1,HOBBIES_1_013,11219,1.97
CA_1,HOBBIES_1_013,11220,1.97
CA_1,HOBBIES_1_013,11221,1.97
CA_1,HOBBIES_1_013,11222,1.97
CA_1,HOBBIES_1_013,11223,1.97
CA_1,HOBBIES_1_013,11224,1.97
CA_1,HOBBIES_1_013,11225,1.97
CA_1,HOBBIES_1_013,11226,1.97
CA_1,HOBBIES_1_013,11227,1.97
CA_1,HOBBIES_1_013,11228,1.97
CA_1,HOBBIES_1_013,11229,1.97
CA_1,HOBBIES_1_013,11230,1.97
CA_1,HOBBIES_1_013,11231,1.97
CA_1,HOBBIES_1_013,11232,1.97
CA_1,HOBBIES_1_013,11233,1.97
CA_1,HOBBIES_1_013,11234,1.97
CA_1,HOBBIES_1_013,11235,1.97
CA_1,HOBBIES_1_013,11236,1.97
CA_1,HOBBIES_1_013,11237,1.97
CA_1,HOBBIES_1_013,11238,1.97
CA_1,HOBBIES_1_013,11239,1.97
CA_1,HOBBIES_1_013,11240,1.97
CA_1,HOBBIES_1_013,11241,1.97
CA_1,HOBBIES_1_013,11242,1.97
CA_1,HOBBIES_1_013,11243,1.97
CA_1,HOBBIES_1_013,11244,1.97
CA_1,HOBBIES_1_013,11245,1.97
CA_1,HOBBIES_1_013,11246,1.97
CA_1,HOBBIES_1_013,11247,1.97
CA_1,HOBBIES_1_013,11248,1.97
CA_1,HOBBIES_1_013,11249,1.97
CA_1,HOBBIES_1_013,11250,1.97
CA_1,HOBBIES_1_013,11251,1.97
CA_1,HOBBIES_1_013,11252,1.97
CA_1,HOBBIES_1_013,11301,1.97
CA_1,HOBBIES_1_013,11302,1.97
CA_1,HOBBIES_1_013,11303,1.97
CA_1,HOBBIES_1_013,11304,1.97
CA_1,HOBBIES_1_013,11305,1.97
CA_1,HOBBIES_1_013,11306,1.97
CA_1,HOBBIES_1_013,11307,1.97
CA_1,HOBBIES_1_013,11308,1.97
CA_1,HOBBIES_1_013,11309,1.97
CA_1,HOBBIES_1_013,11310,1.97
CA_1,HOBBIES_1_013,11311,1.97
CA_1,HOBBIES_1_013,11312,1.97
CA_1,HOBBIES_1_013,11313,1.97
CA_1,HOBBIES_1_013,11314,1.97
CA_1,HOBBIES_1_013,11315,1.97
CA_1,HOBBIES_1_013,11316,1.97
CA_1,HOBBIES_1_013,11317,1.97
CA_1,HOBBIES_1_013,11318,1.97
CA_1,HOBBIES_1_013,11319,1.97
CA_1,HOBBIES_1_013,11320,1.97
CA_1,HOBBIES_1_013,11321,1.97
CA_1,HOBBIES_1_013,11322,1.97
CA_1,HOBBIES_1_013,11323,1.97
CA_1,HOBBIES_1_013,11324,1.97
CA_1,HOBBIES_1_013,11325,1.97
CA_1,HOBBIES_1_013,11326,1.97
CA_1,HOBBIES_1_013,11327,1.97
CA_1,HOBBIES_1_013,11328,1.97
CA_1,HOBBIES_1_013,11329,1.97
CA_1,HOBBIES_1_013,11330,1.97
CA_1,HOBBIES_1_013,11331,1.97
CA_1,HOBBIES_1_013,11332,1.97
CA_1,HOBBIES_1_013,11333,1.97
CA_1,HOBBIES_1_013,11334,1.97
CA_1,HOBBIES_1_013,11335,1.97
CA_1,HOBBIES_1_013,11336,1.97
CA_1,HOBBIES_1_013,11337,1.97
CA_1,HOBBIES_1_013,11338,1.97
CA_1,HOBBIES_1_013,11339,1.97
CA_1,HOBBIES_1_013,11340,1.97
CA_1,HOBBIES_1_013,11341,1.97
CA_1,HOBBIES_1_013,11342,1.97
CA_1,HOBBIES_1_013,11343,1.97
CA_1,HOBBIES_1_013,11344,1.97
CA_1,HOBBIES_1_013,11345,1.97
CA_1,HOBBIES_1_013,11346,1.97
CA_1,HOBBIES_1_013,11347,1.97
CA_1,HOBBIES_1_013,11348,1.97
CA_1,HOBBIES_1_013,11349,1.97
CA_1,HOBBIES_1_013,11350,1.97
CA_1,HOBBIES_1_013,11351,1.97
CA_1,HOBBIES_1_013,11352,1.97
CA_1,HOBBIES_1_013,11353,1.97
CA_1,HOBBIES_1_013,11401,1.97
CA_1,HOBBIES_1_013,11402,1.97
CA_1,HOBBIES_1_013,11403,1.97
CA_1,HOBBIES_1_013,11404,1.97
CA_1,HOBBIES_1_013,11405,1.97
CA_1,HOBBIES_1_013,11406,1.97
CA_1,HOBBIES_1_013,11407,1.97
CA_1,HOBBIES_1_013,11408,1.97
CA_1,HOBBIES_1_013,11409,1.97
CA_1,HOBBIES_1_013,11410,1.97
CA_1,HOBBIES_1_013,11411,1.97
CA_1,HOBBIES_1_013,11412,1.97
CA_1,HOBBIES_1_013,11413,1.97
CA_1,HOBBIES_1_013,11414,1.97
CA_1,HOBBIES_1_013,11415,1.97
CA_1,HOBBIES_1_013,11416,1.97
CA_1,HOBBIES_1_013,11417,1.97
CA_1,HOBBIES_1_013,11418,1.97
CA_1,HOBBIES_1_013,11419,1.97
CA_1,HOBBIES_1_013,11420,1.97
CA_1,HOBBIES_1_013,11421,1.97
CA_1,HOBBIES_1_013,11422,1.97
CA_1,HOBBIES_1_013,11423,1.97
CA_1,HOBBIES_1_013,11424,1.97
CA_1,HOBBIES_1_013,11425,1.97
CA_1,HOBBIES_1_013,11426,1.97
CA_1,HOBBIES_1_013,11427,1.97
CA_1,HOBBIES_1_013,11428,1.97
CA_1,HOBBIES_1_013,11429,1.97
CA_1,HOBBIES_1_013,11430,1.97
CA_1,HOBBIES_1_013,11431,1.97
CA_1,HOBBIES_1_013,11432,1.97
CA_1,HOBBIES_1_013,11433,1.97
CA_1,HOBBIES_1_013,11434,1.97
CA_1,HOBBIES_1_013,11435,1.97
CA_1,HOBBIES_1_013,11436,1.97
CA_1,HOBBIES_1_013,11437,1.97
CA_1,HOBBIES_1_013,11438,1.97
CA_1,HOBBIES_1_013,11439,1.97
CA_1,HOBBIES_1_013,11440,1.97
CA_1,HOBBIES_1_013,11441,1.97
CA_1,HOBBIES_1_013,11442,1.97
CA_1,HOBBIES_1_013,11443,1.97
CA_1,HOBBIES_1_013,11444,1.97
CA_1,HOBBIES_1_013,11445,1.97
CA_1,HOBBIES_1_013,11446,1.97
CA_1,HOBBIES_1_013,11447,1.97
CA_1,HOBBIES_1_013,11448,1.97
CA_1,HOBBIES_1_013,11449,1.97
CA_1,HOBBIES_1_013,11450,1.97
CA_1,HOBBIES_1_013,11451,1.97
CA_1,HOBBIES_1_013,11452,1.97
CA_1,HOBBIES_1_013,11501,1.97
CA_1,HOBBIES_1_013,11502,1.97
CA_1,HOBBIES_1_013,11503,1.97
CA_1,HOBBIES_1_013,11504,1.97
CA_1,HOBBIES_1_013,11505,1.97
CA_1,HOBBIES_1_013,11506,1.97
CA_1,HOBBIES_1_013,11507,1.97
CA_1,HOBBIES_1_013,11508,1.97
CA_1,HOBBIES_1_013,11509,1.97
CA_1,HOBBIES_1_013,11510,1.97
CA_1,HOBBIES_1_013,11511,1.97
CA_1,HOBBIES_1_013,11512,1.97
CA_1,HOBBIES_1_013,11513,1.97
CA_1,HOBBIES_1_013,11514,1.97
CA_1,HOBBIES_1_013,11515,1.97
CA_1,HOBBIES_1_013,11516,1.97
CA_1,HOBBIES_1_013,11517,1.97
CA_1,HOBBIES_1_013,11518,1.97
CA_1,HOBBIES_1_013,11519,1.97
CA_1,HOBBIES_1_013,11520,1.97
CA_1,HOBBIES_1_013,11521,1.97
CA_1,HOBBIES_1_013,11522,1.97
CA_1,HOBBIES_1_013,11523,1.97
CA_1,HOBBIES_1_013,11524,1.97
CA_1,HOBBIES_1_013,11525,1.97
CA_1,HOBBIES_1_013,11526,1.97
CA_1,HOBBIES_1_013,11527,1.97
CA_1,HOBBIES_1_013,11528,1.97
CA_1,HOBBIES_1_013,11529,1.97
CA_1,HOBBIES_1_013,11530,1.97
CA_1,HOBBIES_1_013,11531,1.97
CA_1,HOBBIES_1_013,11532,1.97
CA_1,HOBBIES_1_013,11533,1.97
CA_1,HOBBIES_1_013,11534,1.97
CA_1,HOBBIES_1_013,11535,1.97
CA_1,HOBBIES_1_013,11536,1.97
CA_1,HOBBIES_1_013,11537,1.97
CA_1,HOBBIES_1_013,11538,1.97
CA_1,HOBBIES_1_013,11539,1.97
CA_1,HOBBIES_1_013,11540,1.97
CA_1,HOBBIES_1_013,11541,1.97
CA_1,HOBBIES_1_013,11542,1.97
CA_1,HOBBIES_1_013,11543,1.97
CA_1,HOBBIES_1_013,11544,1.97
CA_1,HOBBIES_1_013,11545,1.97
CA_1,HOBBIES_1_013,11546,1.97
CA_1,HOBBIES_1_013,11547,1.97
CA_1,HOBBIES_1_013,11548,1.97
CA_1,HOBBIES_1_013,11549,1.97
CA_1,HOBBIES_1_013,11550,1.97
CA_1,HOBBIES_1_013,11551,1.97
CA_1,HOBBIES_1_013,11552,1.97
CA_1,HOBBIES_1_013,11601,1.97
CA_1,HOBBIES_1_013,11602,1.97
CA_1,HOBBIES_1_013,11603,1.97
CA_1,HOBBIES_1_013,11604,1.97
CA_1,HOBBIES_1_013,11605,1.97
CA_1,HOBBIES_1_013,11606,1.97
CA_1,HOBBIES_1_013,11607,1.97
CA_1,HOBBIES_1_013,11608,1.97
CA_1,HOBBIES_1_013,11609,1.97
CA_1,HOBBIES_1_013,11610,1.97
CA_1,HOBBIES_1_013,11611,1.97
CA_1,HOBBIES_1_013,11612,1.97
CA_1,HOBBIES_1_013,11613,1.97
CA_1,HOBBIES_1_013,11614,1.97
CA_1,HOBBIES_1_013,11615,1.97
CA_1,HOBBIES_1_013,11616,1.97
CA_1,HOBBIES_1_013,11617,1.97
CA_1,HOBBIES_1_013,11618,1.97
CA_1,HOBBIES_1_013,11619,1.97
CA_1,HOBBIES_1_013,11620,1.97
CA_1,HOBBIES_1_013,11621,1.97
CA_1,HOBBIES_1_014,11138,0.98
CA_1,HOBBIES_1_014,11139,0.98
CA_1,HOBBIES_1_014,11140,0.98
CA_1,HOBBIES_1_014,11141,0.98
CA_1,HOBBIES_1_014,11142,0.98
CA_1,HOBBIES_1_014,11143,0.98
CA_1,HOBBIES_1_014,11144,0.98
CA_1,HOBBIES_1_014,11145,0.98
CA_1,HOBBIES_1_014,11146,0.98
CA_1,HOBBIES_1_014,11147,0.98
CA_1,HOBBIES_1_014,11148,0.98
CA_1,HOBBIES_1_014,11149,0.98
CA_1,HOBBIES_1_014,11150,0.98
CA_1,HOBBIES_1_014,11151,0.98
CA_1,HOBBIES_1_014,11152,0.98
CA_1,HOBBIES_1_014,11201,0.98
CA_1,HOBBIES_1_014,11202,0.98
CA_1,HOBBIES_1_014,11203,0.98
CA_1,HOBBIES_1_014,11204,0.98
CA_1,HOBBIES_1_014,11205,0.98
CA_1,HOBBIES_1_014,11206,0.98
CA_1,HOBBIES_1_014,11207,0.98
CA_1,HOBBIES_1_014,11208,0.98
CA_1,HOBBIES_1_014,11209,0.98
CA_1,HOBBIES_1_014,11210,0.98
CA_1,HOBBIES_1_014,11211,0.98
CA_1,HOBBIES_1_014,11212,0.98
CA_1,HOBBIES_1_014,11213,0.98
CA_1,HOBBIES_1_014,11214,0.98
CA_1,HOBBIES_1_014,11215,0.98
CA_1,HOBBIES_1_014,11216,0.98
CA_1,HOBBIES_1_014,11217,0.98
CA_1,HOBBIES_1_014,11218,0.98
CA_1,HOBBIES_1_014,11219,0.98
CA_1,HOBBIES_1_014,11220,0.98
CA_1,HOBBIES_1_014,11221,0.98
CA_1,HOBBIES_1_014,11222,0.98
CA_1,HOBBIES_1_014,11223,0.98
CA_1,HOBBIES_1_014,11224,0.98
CA_1,HOBBIES_1_014,11225,0.98
CA_1,HOBBIES_1_014,11226,0.98
CA_1,HOBBIES_1_014,11227,0.98
CA_1,HOBBIES_1_014,11228,0.98
CA_1,HOBBIES_1_014,11229,0.98
CA_1,HOBBIES_1_014,11230,0.98
CA_1,HOBBIES_1_014,11231,0.98
CA_1,HOBBIES_1_014,11232,0.98
CA_1,HOBBIES_1_014,11233,0.98
CA_1,HOBBIES_1_014,11234,0.98
CA_1,HOBBIES_1_014,11235,0.98
CA_1,HOBBIES_1_014,11236,0.98
CA_1,HOBBIES_1_014,11237,0.98
CA_1,HOBBIES_1_014,11238,0.98
CA_1,HOBBIES_1_014,11239,0.98
CA_1,HOBBIES_1_014,11240,0.98
CA_1,HOBBIES_1_014,11241,0.98
CA_1,HOBBIES_1_014,11242,0.98
CA_1,HOBBIES_1_014,11243,0.98
CA_1,HOBBIES_1_014,11244,0.98
CA_1,HOBBIES_1_014,11245,0.98
CA_1,HOBBIES_1_014,11246,0.98
CA_1,HOBBIES_1_014,11247,0.98
CA_1,HOBBIES_1_014,11248,0.98
CA_1,HOBBIES_1_014,11249,0.98
CA_1,HOBBIES_1_014,11250,0.98
CA_1,HOBBIES_1_014,11251,0.98
CA_1,HOBBIES_1_014,11252,0.98
CA_1,HOBBIES_1_014,11301,0.98
CA_1,HOBBIES_1_014,11302,0.98
CA_1,HOBBIES_1_014,11303,0.98
CA_1,HOBBIES_1_014,11304,0.98
CA_1,HOBBIES_1_014,11305,0.98
CA_1,HOBBIES_1_014,11306,0.98
CA_1,HOBBIES_1_014,11307,0.98
CA_1,HOBBIES_1_014,11308,0.98
CA_1,HOBBIES_1_014,11309,0.98
CA_1,HOBBIES_1_014,11310,0.98
CA_1,HOBBIES_1_014,11311,0.98
CA_1,HOBBIES_1_014,11312,0.98
CA_1,HOBBIES_1_014,11313,0.98
CA_1,HOBBIES_1_014,11314,0.98
CA_1,HOBBIES_1_014,11315,0.98
CA_1,HOBBIES_1_014,11316,0.98
CA_1,HOBBIES_1_014,11317,0.98
CA_1,HOBBIES_1_014,11318,0.98
CA_1,HOBBIES_1_014,11319,0.98
CA_1,HOBBIES_1_014,11320,0.98
CA_1,HOBBIES_1_014,11321,0.98
CA_1,HOBBIES_1_014,11322,0.98
CA_1,HOBBIES_1_014,11323,0.98
CA_1,HOBBIES_1_014,11324,0.98
CA_1,HOBBIES_1_014,11325,0.98
CA_1,HOBBIES_1_014,11326,0.98
CA_1,HOBBIES_1_014,11327,0.98
CA_1,HOBBIES_1_014,11328,0.98
CA_1,HOBBIES_1_014,11329,0.98
CA_1,HOBBIES_1_014,11330,0.98
CA_1,HOBBIES_1_014,11331,0.98
CA_1,HOBBIES_1_014,11332,0.98
CA_1,HOBBIES_1_014,11333,0.98
CA_1,HOBBIES_1_014,11334,0.98
CA_1,HOBBIES_1_014,11335,0.98
CA_1,HOBBIES_1_014,11336,0.98
CA_1,HOBBIES_1_014,11337,0.98
CA_1,HOBBIES_1_014,11338,0.98
CA_1,HOBBIES_1_014,11339,0.98
CA_1,HOBBIES_1_014,11340,0.98
CA_1,HOBBIES_1_014,11341,0.98
CA_1,HOBBIES_1_014,11342,0.98
CA_1,HOBBIES_1_014,11343,0.98
CA_1,HOBBIES_1_014,11344,0.98
CA_1,HOBBIES_1_014,11345,0.98
CA_1,HOBBIES_1_014,11346,0.98
CA_1,HOBBIES_1_014,11347,0.98
CA_1,HOBBIES_1_014,11348,0.98
CA_1,HOBBIES_1_014,11349,0.98
CA_1,HOBBIES_1_014,11350,0.98
CA_1,HOBBIES_1_014,11351,0.98
CA_1,HOBBIES_1_014,11352,0.98
CA_1,HOBBIES_1_014,11353,0.98
CA_1,HOBBIES_1_014,11401,0.98
CA_1,HOBBIES_1_014,11402,0.98
CA_1,HOBBIES_1_014,11403,0.98
CA_1,HOBBIES_1_014,11404,0.98
CA_1,HOBBIES_1_014,11405,0.98
CA_1,HOBBIES_1_014,11406,0.98
CA_1,HOBBIES_1_014,11407,0.98
CA_1,HOBBIES_1_014,11408,0.98
CA_1,HOBBIES_1_014,11409,0.98
CA_1,HOBBIES_1_014,11410,0.98
CA_1,HOBBIES_1_014,11411,0.98
CA_1,HOBBIES_1_014,11412,0.98
CA_1,HOBBIES_1_014,11413,0.98
CA_1,HOBBIES_1_014,11414,0.98
CA_1,HOBBIES_1_014,11415,0.98
CA_1,HOBBIES_1_014,11416,0.98
CA_1,HOBBIES_1_014,11417,0.98
CA_1,HOBBIES_1_014,11418,0.98
CA_1,HOBBIES_1_014,11419,0.98
CA_1,HOBBIES_1_014,11420,0.98
CA_1,HOBBIES_1_014,11421,0.98
CA_1,HOBBIES_1_014,11422,0.98
CA_1,HOBBIES_1_014,11423,0.98
CA_1,HOBBIES_1_014,11424,0.98
CA_1,HOBBIES_1_014,11425,0.98
CA_1,HOBBIES_1_014,11426,0.98
CA_1,HOBBIES_1_014,11427,0.98
CA_1,HOBBIES_1_014,11428,0.98
CA_1,HOBBIES_1_014,11429,0.98
CA_1,HOBBIES_1_014,11430,0.98
CA_1,HOBBIES_1_014,11431,0.98
CA_1,HOBBIES_1_014,11432,0.98
CA_1,HOBBIES_1_014,11433,0.98
CA_1,HOBBIES_1_014,11434,0.98
CA_1,HOBBIES_1_014,11435,0.98
CA_1,HOBBIES_1_014,11436,0.98
CA_1,HOBBIES_1_014,11437,0.98
CA_1,HOBBIES_1_014,11438,0.98
CA_1,HOBBIES_1_014,11439,0.98
CA_1,HOBBIES_1_014,11440,0.98
CA_1,HOBBIES_1_014,11441,0.98
CA_1,HOBBIES_1_014,11442,0.98
CA_1,HOBBIES_1_014,11443,0.98
CA_1,HOBBIES_1_014,11444,0.98
CA_1,HOBBIES_1_014,11445,0.98
CA_1,HOBBIES_1_014,11446,0.98
CA_1,HOBBIES_1_014,11447,0.98
CA_1,HOBBIES_1_014,11448,0.98
CA_1,HOBBIES_1_014,11449,0.98
CA_1,HOBBIES_1_014,11450,0.98
CA_1,HOBBIES_1_014,11451,0.98
CA_1,HOBBIES_1_014,11452,0.98
CA_1,HOBBIES_1_014,11501,0.98
CA_1,HOBBIES_1_014,11502,0.98
CA_1,HOBBIES_1_014,11503,0.98
CA_1,HOBBIES_1_014,11504,0.98
CA_1,HOBBIES_1_014,11505,0.98
CA_1,HOBBIES_1_014,11506,0.98
CA_1,HOBBIES_1_014,11507,0.98
CA_1,HOBBIES_1_014,11508,0.98
CA_1,HOBBIES_1_014,11509,0.98
CA_1,HOBBIES_1_014,11510,0.98
CA_1,HOBBIES_1_014,11511,0.98
CA_1,HOBBIES_1_014,11512,0.98
CA_1,HOBBIES_1_014,11513,0.98
CA_1,HOBBIES_1_014,11514,0.98
CA_1,HOBBIES_1_014,11515,0.98
CA_1,HOBBIES_1_014,11516,0.98
CA_1,HOBBIES_1_014,11517,0.98
CA_1,HOBBIES_1_014,11518,0.98
CA_1,HOBBIES_1_014,11519,0.98
CA_1,HOBBIES_1_014,11520,0.98
CA_1,HOBBIES_1_014,11521,0.98
CA_1,HOBBIES_1_014,11522,0.98
CA_1,HOBBIES_1_014,11523,0.98
CA_1,HOBBIES_1_014,11524,0.98
CA_1,HOBBIES_1_014,11525,0.98
CA_1,HOBBIES_1_014,11526,0.98
CA_1,HOBBIES_1_014,11527,0.98
CA_1,HOBBIES_1_014,11528,0.98
CA_1,HOBBIES_1_014,11529,0.98
CA_1,HOBBIES_1_014,11530,0.98
CA_1,HOBBIES_1_014,11531,0.98
CA_1,HOBBIES_1_014,11532,0.98
CA_1,HOBBIES_1_014,11533,0.98
CA_1,HOBBIES_1_014,11534,0.98
CA_1,HOBBIES_1_014,11535,1.16
CA_1,HOBBIES_1_014,11536,1.16
CA_1,HOBBIES_1_014,11537,1.16
CA_1,HOBBIES_1_014,11538,1.16
CA_1,HOBBIES_1_014,11539,1.16
CA_1,HOBBIES_1_014,11540,1.16
CA_1,HOBBIES_1_014,11541,1.16
CA_1,HOBBIES_1_014,11542,1.16
CA_1,HOBBIES_1_014,11543,1.16
CA_1,HOBBIES_1_014,11544,1.16
CA_1,HOBBIES_1_014,11545,1.16
CA_1,HOBBIES_1_014,11546,1.16
CA_1,HOBBIES_1_014,11547,1.16
CA_1,HOBBIES_1_014,11548,1.16
CA_1,HOBBIES_1_014,11549,1.16
CA_1,HOBBIES_1_014,11550,1.16
CA_1,HOBBIES_1_014,11551,1.16
CA_1,HOBBIES_1_014,11552,1.16
CA_1,HOBBIES_1_014,11601,1.16
CA_1,HOBBIES_1_014,11602,1.16
CA_1,HOBBIES_1_014,11603,1.16
CA_1,HOBBIES_1_014,11604,1.16
CA_1,HOBBIES_1_014,11605,1.16
CA_1,HOBBIES_1_014,11606,1.16
CA_1,HOBBIES_1_014,11607,1.16
CA_1,HOBBIES_1_014,11608,1.16
CA_1,HOBBIES_1_014,11609,1.16
CA_1,HOBBIES_1_014,11610,1.16
CA_1,HOBBIES_1_014,11611,1.16
CA_1,HOBBIES_1_014,11612,1.16
CA_1,HOBBIES_1_014,11613,1.16
CA_1,HOBBIES_1_014,11614,1.16
CA_1,HOBBIES_1_014,11615,1.16
CA_1,HOBBIES_1_014,11616,1.16
CA_1,HOBBIES_1_014,11617,1.16
CA_1,HOBBIES_1_014,11618,1.16
CA_1,HOBBIES_1_014,11619,1.16
CA_1,HOBBIES_1_014,11620,1.16
CA_1,HOBBIES_1_014,11621,1.16
CA_1,HOBBIES_1_015,11101,0.7
CA_1,HOBBIES_1_015,11102,0.7
CA_1,HOBBIES_1_015,11103,0.7
CA_1,HOBBIES_1_015,11104,0.72
CA_1,HOBBIES_1_015,11105,0.72
CA_1,HOBBIES_1_015,11106,0.72
CA_1,HOBBIES_1_015,11107,0.72
CA_1,HOBBIES_1_015,11108,0.72
CA_1,HOBBIES_1_015,11109,0.72
CA_1,HOBBIES_1_015,11110,0.72
CA_1,HOBBIES_1_015,11111,0.72
CA_1,HOBBIES_1_015,11112,0.72
CA_1,HOBBIES_1_015,11113,0.72
CA_1,HOBBIES_1_015,11114,0.68
CA_1,HOBBIES_1_015,11115,0.68
CA_1,HOBBIES_1_015,11116,0.68
CA_1,HOBBIES_1_015,11117,0.68
CA_1,HOBBIES_1_015,11118,0.68
CA_1,HOBBIES_1_015,11119,0.68
CA_1,HOBBIES_1_015,11120,0.68
CA_1,HOBBIES_1_015,11121,0.68
CA_1,HOBBIES_1_015,11122,0.68
CA_1,HOBBIES_1_015,11123,0.68
CA_1,HOBBIES_1_015,11124,0.68
CA_1,HOBBIES_1_015,11125,0.68
CA_1,HOBBIES_1_015,11126,0.68
CA_1,HOBBIES_1_015,11127,0.68
CA_1,HOBBIES_1_015,11128,0.7
CA_1,HOBBIES_1_015,11129,0.7
CA_1,HOBBIES_1_015,11130,0.7
CA_1,HOBBIES_1_015,11131,0.7
CA_1,HOBBIES_1_015,11132,0.7
CA_1,HOBBIES_1_015,11133,0.7
CA_1,HOBBIES_1_015,11134,0.7
CA_1,HOBBIES_1_015,11135,0.7
CA_1,HOBBIES_1_015,11136,0.7
CA_1,HOBBIES_1_015,11137,0.7
CA_1,HOBBIES_1_015,11138,0.7
CA_1,HOBBIES_1_015,11139,0.7
CA_1,HOBBIES_1_015,11140,0.7
CA_1,HOBBIES_1_015,11141,0.7
CA_1,HOBBIES_1_015,11142,0.7
CA_1,HOBBIES_1_015,11143,0.7
CA_1,HOBBIES_1_015,11144,0.7
CA_1,HOBBIES_1_015,11145,0.7
CA_1,HOBBIES_1_015,11146,0.7
CA_1,HOBBIES_1_015,11147,0.7
CA_1,HOBBIES_1_015,11148,0.7
CA_1,HOBBIES_1_015,11149,0.72
CA_1,HOBBIES_1_015,11150,0.72
CA_1,HOBBIES_1_015,11151,0.72
CA_1,HOBBIES_1_015,11152,0.72
CA_1,HOBBIES_1_015,11201,0.72
CA_1,HOBBIES_1_015,11202,0.72
CA_1,HOBBIES_1_015,11203,0.72
CA_1,HOBBIES_1_015,11204,0.72
CA_1,HOBBIES_1_015,11205,0.72
CA_1,HOBBIES_1_015,11206,0.72
CA_1,HOBBIES_1_015,11207,0.72
CA_1,HOBBIES_1_015,11208,0.72
CA_1,HOBBIES_1_015,11209,0.72
CA_1,HOBBIES_1_015,11210,0.72
CA_1,HOBBIES_1_015,11211,0.72
CA_1,HOBBIES_1_015,11212,0.72
CA_1,HOBBIES_1_015,11213,0.72
CA_1,HOBBIES_1_015,11214,0.72
CA_1,HOBBIES_1_015,11215,0.72
CA_1,HOBBIES_1_015,11216,0.72
CA_1,HOBBIES_1_015,11217,0.72
CA_1,HOBBIES_1_015,11218,0.72
CA_1,HOBBIES_1_015,11219,0.72
CA_1,HOBBIES_1_015,11220,0.72
CA_1,HOBBIES_1_015,11221,0.72
CA_1,HOBBIES_1_015,11222,0.72
CA_1,HOBBIES_1_015,11223,0.72
CA_1,HOBBIES_1_015,11224,0.72
CA_1,HOBBIES_1_015,11225,0.72
CA_1,HOBBIES_1_015,11226,0.72
CA_1,HOBBIES_1_015,11227,0.72
CA_1,HOBBIES_1_015,11228,0.72
CA_1,HOBBIES_1_015,11229,0.72
CA_1,HOBBIES_1_015,11230,0.72
CA_1,HOBBIES_1_015,11231,0.72
CA_1,HOBBIES_1_015,11232,0.72
CA_1,HOBBIES_1_015,11233,0.72
CA_1,HOBBIES_1_015,11234,0.72
CA_1,HOBBIES_1_015,11235,0.72
CA_1,HOBBIES_1_015,11236,0.72
CA_1,HOBBIES_1_015,11237,0.72
CA_1,HOBBIES_1_015,11238,0.72
CA_1,HOBBIES_1_015,11239,0.72
CA_1,HOBBIES_1_015,11240,0.72
CA_1,HOBBIES_1_015,11241,0.72
CA_1,HOBBIES_1_015,11242,0.72
CA_1,HOBBIES_1_015,11243,0.72
CA_1,HOBBIES_1_015,11244,0.72
CA_1,HOBBIES_1_015,11245,0.72
CA_1,HOBBIES_1_015,11246,0.72
CA_1,HOBBIES_1_015,11247,0.72
CA_1,HOBBIES_1_015,11248,0.72
CA_1,HOBBIES_1_015,11249,0.72
CA_1,HOBBIES_1_015,11250,0.72
CA_1,HOBBIES_1_015,11251,0.72
CA_1,HOBBIES_1_015,11252,0.72
CA_1,HOBBIES_1_015,11301,0.72
CA_1,HOBBIES_1_015,11302,0.72
CA_1,HOBBIES_1_015,11303,0.72
CA_1,HOBBIES_1_015,11304,0.72
CA_1,HOBBIES_1_015,11305,0.72
CA_1,HOBBIES_1_015,11306,0.72
CA_1,HOBBIES_1_015,11307,0.72
CA_1,HOBBIES_1_015,11308,0.72
CA_1,HOBBIES_1_015,11309,0.72
CA_1,HOBBIES_1_015,11310,0.72
CA_1,HOBBIES_1_015,11311,0.72
CA_1,HOBBIES_1_015,11312,0.72
CA_1,HOBBIES_1_015,11313,0.72
CA_1,HOBBIES_1_015,11314,0.72
CA_1,HOBBIES_1_015,11315,0.72
CA_1,HOBBIES_1_015,11316,0.72
CA_1,HOBBIES_1_015,11317,0.72
CA_1,HOBBIES_1_015,11318,0.72
CA_1,HOBBIES_1_015,11319,0.72
CA_1,HOBBIES_1_015,11320,0.72
CA_1,HOBBIES_1_015,11321,0.72
CA_1,HOBBIES_1_015,11322,0.72
CA_1,HOBBIES_1_015,11323,0.72
CA_1,HOBBIES_1_015,11324,0.72
CA_1,HOBBIES_1_015,11325,0.72
CA_1,HOBBIES_1_015,11326,0.72
CA_1,HOBBIES_1_015,11327,0.72
CA_1,HOBBIES_1_015,11328,0.72
CA_1,HOBBIES_1_015,11329,0.72
CA_1,HOBBIES_1_015,11330,0.72
CA_1,HOBBIES_1_015,11331,0.72
CA_1,HOBBIES_1_015,11332,0.72
CA_1,HOBBIES_1_015,11333,0.72
CA_1,HOBBIES_1_015,11334,0.72
CA_1,HOBBIES_1_015,11335,0.72
CA_1,HOBBIES_1_015,11336,0.72
CA_1,HOBBIES_1_015,11337,0.72
CA_1,HOBBIES_1_015,11338,0.72
CA_1,HOBBIES_1_015,11339,0.72
CA_1,HOBBIES_1_015,11340,0.72
CA_1,HOBBIES_1_015,11341,0.72
CA_1,HOBBIES_1_015,11342,0.7
CA_1,HOBBIES_1_015,11343,0.7
CA_1,HOBBIES_1_015,11344,0.7
CA_1,HOBBIES_1_015,11345,0.7
CA_1,HOBBIES_1_015,11346,0.7
CA_1,HOBBIES_1_015,11347,0.7
CA_1,HOBBIES_1_015,11348,0.7
CA_1,HOBBIES_1_015,11349,0.7
CA_1,HOBBIES_1_015,11350,0.7
CA_1,HOBBIES_1_015,11351,0.7
CA_1,HOBBIES_1_015,11352,0.7
CA_1,HOBBIES_1_015,11353,0.7
CA_1,HOBBIES_1_015,11401,0.7
CA_1,HOBBIES_1_015,11402,0.7
CA_1,HOBBIES_1_015,11403,0.7
CA_1,HOBBIES_1_015,11404,0.7
CA_1,HOBBIES_1_015,11405,0.7
CA_1,HOBBIES_1_015,11406,0.7
CA_1,HOBBIES_1_015,11407,0.7
CA_1,HOBBIES_1_015,11408,0.7
CA_1,HOBBIES_1_015,11409,0.7
CA_1,HOBBIES_1_015,11410,0.7
CA_1,HOBBIES_1_015,11411,0.7
CA_1,HOBBIES_1_015,11412,0.7
CA_1,HOBBIES_1_015,11413,0.7
CA_1,HOBBIES_1_015,11414,0.7
CA_1,HOBBIES_1_015,11415,0.7
CA_1,HOBBIES_1_015,11416,0.7
CA_1,HOBBIES_1_015,11417,0.7
CA_1,HOBBIES_1_015,11418,0.7
CA_1,HOBBIES_1_015,11419,0.7
CA_1,HOBBIES_1_015,11420,0.7
CA_1,HOBBIES_1_015,11421,0.7
CA_1,HOBBIES_1_015,11422,0.7
CA_1,HOBBIES_1_015,11423,0.7
CA_1,HOBBIES_1_015,11424,0.7
CA_1,HOBBIES_1_015,11425,0.7
CA_1,HOBBIES_1_015,11426,0.7
CA_1,HOBBIES_1_015,11427,0.7
CA_1,HOBBIES_1_015,11428,0.7
CA_1,HOBBIES_1_015,11429,0.7
CA_1,HOBBIES_1_015,11430,0.7
CA_1,HOBBIES_1_015,11431,0.7
CA_1,HOBBIES_1_015,11432,0.7
CA_1,HOBBIES_1_015,11433,0.7
CA_1,HOBBIES_1_015,11434,0.7
CA_1,HOBBIES_1_015,11435,0.7
CA_1,HOBBIES_1_015,11436,0.7
CA_1,HOBBIES_1_015,11437,0.7
CA_1,HOBBIES_1_015,11438,0.7
CA_1,HOBBIES_1_015,11439,0.7
CA_1,HOBBIES_1_015,11440,0.7
CA_1,HOBBIES_1_015,11441,0.7
CA_1,HOBBIES_1_015,11442,0.7
CA_1,HOBBIES_1_015,11443,0.7
CA_1,HOBBIES_1_015,11444,0.7
CA_1,HOBBIES_1_015,11445,0.7
CA_1,HOBBIES_1_015,11446,0.7
CA_1,HOBBIES_1_015,11447,0.7
CA_1,HOBBIES_1_015,11448,0.7
CA_1,HOBBIES_1_015,11449,0.7
CA_1,HOBBIES_1_015,11450,0.7
CA_1,HOBBIES_1_015,11451,0.7
CA_1,HOBBIES_1_015,11452,0.7
CA_1,HOBBIES_1_015,11501,0.7
CA_1,HOBBIES_1_015,11502,0.7
CA_1,HOBBIES_1_015,11503,0.7
CA_1,HOBBIES_1_015,11504,0.7
CA_1,HOBBIES_1_015,11505,0.7
CA_1,HOBBIES_1_015,11506,0.7
CA_1,HOBBIES_1_015,11507,0.7
CA_1,HOBBIES_1_015,11508,0.7
CA_1,HOBBIES_1_015,11509,0.7
CA_1,HOBBIES_1_015,11510,0.7
CA_1,HOBBIES_1_015,11511,0.7
CA_1,HOBBIES_1_015,11512,0.7
CA_1,HOBBIES_1_015,11513,0.7
CA_1,HOBBIES_1_015,11514,0.7
CA_1,HOBBIES_1_015,11515,0.7
CA_1,HOBBIES_1_015,11516,0.7
CA_1,HOBBIES_1_015,11517,0.7
CA_1,HOBBIES_1_015,11518,0.7
CA_1,HOBBIES_1_015,11519,0.7
CA_1,HOBBIES_1_015,11520,0.7
CA_1,HOBBIES_1_015,11521,0.7
CA_1,HOBBIES_1_015,11522,0.7
CA_1,HOBBIES_1_015,11523,0.7
CA_1,HOBBIES_1_015,11524,0.7
CA_1,HOBBIES_1_015,11525,0.7
CA_1,HOBBIES_1_015,11526,0.7
CA_1,HOBBIES_1_015,11527,0.7
CA_1,HOBBIES_1_015,11528,0.7
CA_1,HOBBIES_1_015,11529,0.7
CA_1,HOBBIES_1_015,11530,0.7
CA_1,HOBBIES_1_015,11531,0.7
CA_1,HOBBIES_1_015,11532,0.7
CA_1,HOBBIES_1_015,11533,0.7
CA_1,HOBBIES_1_015,11534,0.7
CA_1,HOBBIES_1_015,11535,0.7
CA_1,HOBBIES_1_015,11536,0.7
CA_1,HOBBIES_1_015,11537,0.7
CA_1,HOBBIES_1_015,11538,0.7
CA_1,HOBBIES_1_015,11539,0.7
CA_1,HOBBIES_1_015,11540,0.7
CA_1,HOBBIES_1_015,11541,0.7
CA_1,HOBBIES_1_015,11542,0.7
CA_1,HOBBIES_1_015,11543,0.7
CA_1,HOBBIES_1_015,11544,0.7
CA_1,HOBBIES_1_015,11545,0.7
CA_1,HOBBIES_1_015,11546,0.7
CA_1,HOBBIES_1_015,11547,0.7
CA_1,HOBBIES_1_015,11548,0.7
CA_1,HOBBIES_1_015,11549,0.7
CA_1,HOBBIES_1_015,11550,0.7
CA_1,HOBBIES_1_015,11551,0.7
CA_1,HOBBIES_1_015,11552,0.7
CA_1,HOBBIES_1_015,11601,0.7
CA_1,HOBBIES_1_015,11602,0.7
CA_1,HOBBIES_1_015,11603,0.7
CA_1,HOBBIES_1_015,11604,0.7
CA_1,HOBBIES_1_015,11605,0.7
CA_1,HOBBIES_1_015,11606,0.7
CA_1,HOBBIES_1_015,11607,0.7
CA_1,HOBBIES_1_015,11608,0.7
CA_1,HOBBIES_1_015,11609,0.7
CA_1,HOBBIES_1_015,11610,0.7
CA_1,HOBBIES_1_015,11611,0.7
CA_1,HOBBIES_1_015,11612,0.7
CA_1,HOBBIES_1_015,11613,0.7
CA_1,HOBBIES_1_015,11614,0.7
CA_1,HOBBIES_1_015,11615,0.7
CA_1,HOBBIES_1_015,11616,0.7
CA_1,HOBBIES_1_015,11617,0.7
CA_1,HOBBIES_1_015,11618,0.7
CA_1,HOBBIES_1_015,11619,0.7
CA_1,HOBBIES_1_015,11620,0.7
CA_1,HOBBIES_1_015,11621,0.7
CA_1,HOBBIES_1_016,11101,0.7
CA_1,HOBBIES_1_016,11102,0.7
CA_1,HOBBIES_1_016,11103,0.7
CA_1,HOBBIES_1_016,11104,0.72
CA_1,HOBBIES_1_016,11105,0.72
CA_1,HOBBIES_1_016,11106,0.72
CA_1,HOBBIES_1_016,11107,0.72
CA_1,HOBBIES_1_016,11108,0.72
CA_1,HOBBIES_1_016,11109,0.72
CA_1,HOBBIES_1_016,11110,0.72
CA_1,HOBBIES_1_016,11111,0.72
CA_1,HOBBIES_1_016,11112,0.72
CA_1,HOBBIES_1_016,11113,0.72
CA_1,HOBBIES_1_016,11114,0.68
CA_1,HOBBIES_1_016,11115,0.68
CA_1,HOBBIES_1_016,11116,0.68
CA_1,HOBBIES_1_016,11117,0.68
CA_1,HOBBIES_1_016,11118,0.68
CA_1,HOBBIES_1_016,11119,0.68
CA_1,HOBBIES_1_016,11120,0.68
CA_1,HOBBIES_1_016,11121,0.68
CA_1,HOBBIES_1_016,11122,0.68
CA_1,HOBBIES_1_016,11123,0.68
CA_1,HOBBIES_1_016,11124,0.68
CA_1,HOBBIES_1_016,11125,0.68
CA_1,HOBBIES_1_016,11126,0.68
CA_1,HOBBIES_1_016,11127,0.68
CA_1,HOBBIES_1_016,11128,0.7
CA_1,HOBBIES_1_016,11129,0.7
CA_1,HOBBIES_1_016,11130,0.7
CA_1,HOBBIES_1_016,11131,0.7
CA_1,HOBBIES_1_016,11132,0.7
CA_1,HOBBIES_1_016,11133,0.7
CA_1,HOBBIES_1_016,11134,0.7
CA_1,HOBBIES_1_016,11135,0.7
CA_1,HOBBIES_1_016,11136,0.7
CA_1,HOBBIES_1_016,11137,0.7
CA_1,HOBBIES_1_016,11138,0.7
CA_1,HOBBIES_1_016,11139,0.7
CA_1,HOBBIES_1_016,11140,0.7
CA_1,HOBBIES_1_016,11141,0.7
CA_1,HOBBIES_1_016,11142,0.7
CA_1,HOBBIES_1_016,11143,0.7
CA_1,HOBBIES_1_016,11144,0.7
CA_1,HOBBIES_1_016,11145,0.7
CA_1,HOBBIES_1_016,11146,0.7
CA_1,HOBBIES_1_016,11147,0.7
CA_1,HOBBIES_1_016,11148,0.7
CA_1,HOBBIES_1_016,11149,0.72
CA_1,HOBBIES_1_016,11150,0.72
CA_1,HOBBIES_1_016,11151,0.72
CA_1,HOBBIES_1_016,11152,0.72
CA_1,HOBBIES_1_016,11201,0.72
CA_1,HOBBIES_1_016,11202,0.72
CA_1,HOBBIES_1_016,11203,0.72
CA_1,HOBBIES_1_016,11204,0.72
CA_1,HOBBIES_1_016,11205,0.72
CA_1,HOBBIES_1_016,11206,0.72
CA_1,HOBBIES_1_016,11207,0.72
CA_1,HOBBIES_1_016,11208,0.72
CA_1,HOBBIES_1_016,11209,0.72
CA_1,HOBBIES_1_016,11210,0.72
CA_1,HOBBIES_1_016,11211,0.72
CA_1,HOBBIES_1_016,11212,0.72
CA_1,HOBBIES_1_016,11213,0.72
CA_1,HOBBIES_1_016,11214,0.72
CA_1,HOBBIES_1_016,11215,0.72
CA_1,HOBBIES_1_016,11216,0.72
CA_1,HOBBIES_1_016,11217,0.72
CA_1,HOBBIES_1_016,11218,0.72
CA_1,HOBBIES_1_016,11219,0.72
CA_1,HOBBIES_1_016,11220,0.72
CA_1,HOBBIES_1_016,11221,0.72
CA_1,HOBBIES_1_016,11222,0.72
CA_1,HOBBIES_1_016,11223,0.72
CA_1,HOBBIES_1_016,11224,0.72
CA_1,HOBBIES_1_016,11225,0.72
CA_1,HOBBIES_1_016,11226,0.72
CA_1,HOBBIES_1_016,11227,0.72
CA_1,HOBBIES_1_016,11228,0.72
CA_1,HOBBIES_1_016,11229,0.72
CA_1,HOBBIES_1_016,11230,0.72
CA_1,HOBBIES_1_016,11231,0.72
CA_1,HOBBIES_1_016,11232,0.72
CA_1,HOBBIES_1_016,11233,0.72
CA_1,HOBBIES_1_016,11234,0.72
CA_1,HOBBIES_1_016,11235,0.72
CA_1,HOBBIES_1_016,11236,0.72
CA_1,HOBBIES_1_016,11237,0.72
CA_1,HOBBIES_1_016,11238,0.72
CA_1,HOBBIES_1_016,11239,0.72
CA_1,HOBBIES_1_016,11240,0.72
CA_1,HOBBIES_1_016,11241,0.72
CA_1,HOBBIES_1_016,11242,0.72
CA_1,HOBBIES_1_016,11243,0.72
CA_1,HOBBIES_1_016,11244,0.72
CA_1,HOBBIES_1_016,11245,0.72
CA_1,HOBBIES_1_016,11246,0.72
CA_1,HOBBIES_1_016,11247,0.72
CA_1,HOBBIES_1_016,11248,0.72
CA_1,HOBBIES_1_016,11249,0.72
CA_1,HOBBIES_1_016,11250,0.72
CA_1,HOBBIES_1_016,11251,0.72
CA_1,HOBBIES_1_016,11252,0.72
CA_1,HOBBIES_1_016,11301,0.72
CA_1,HOBBIES_1_016,11302,0.72
CA_1,HOBBIES_1_016,11303,0.72
CA_1,HOBBIES_1_016,11304,0.72
CA_1,HOBBIES_1_016,11305,0.72
CA_1,HOBBIES_1_016,11306,0.72
CA_1,HOBBIES_1_016,11307,0.72
CA_1,HOBBIES_1_016,11308,0.72
CA_1,HOBBIES_1_016,11309,0.72
CA_1,HOBBIES_1_016,11310,0.72
CA_1,HOBBIES_1_016,11311,0.72
CA_1,HOBBIES_1_016,11312,0.72
CA_1,HOBBIES_1_016,11313,0.72
CA_1,HOBBIES_1_016,11314,0.72
CA_1,HOBBIES_1_016,11315,0.72
CA_1,HOBBIES_1_016,11316,0.72
CA_1,HOBBIES_1_016,11317,0.72
CA_1,HOBBIES_1_016,11318,0.72
CA_1,HOBBIES_1_016,11319,0.72
CA_1,HOBBIES_1_016,11320,0.72
CA_1,HOBBIES_1_016,11321,0.72
CA_1,HOBBIES_1_016,11322,0.72
CA_1,HOBBIES_1_016,11323,0.72
CA_1,HOBBIES_1_016,11324,0.72
CA_1,HOBBIES_1_016,11325,0.72
CA_1,HOBBIES_1_016,11326,0.72
CA_1,HOBBIES_1_016,11327,0.72
CA_1,HOBBIES_1_016,11328,0.72
CA_1,HOBBIES_1_016,11329,0.72
CA_1,HOBBIES_1_016,11330,0.72
CA_1,HOBBIES_1_016,11331,0.72
CA_1,HOBBIES_1_016,11332,0.72
CA_1,HOBBIES_1_016,11333,0.72
CA_1,HOBBIES_1_016,11334,0.72
CA_1,HOBBIES_1_016,11335,0.72
CA_1,HOBBIES_1_016,11336,0.72
CA_1,HOBBIES_1_016,11337,0.72
CA_1,HOBBIES_1_016,11338,0.72
CA_1,HOBBIES_1_016,11339,0.72
CA_1,HOBBIES_1_016,11340,0.72
CA_1,HOBBIES_1_016,11341,0.72
CA_1,HOBBIES_1_016,11342,0.7
CA_1,HOBBIES_1_016,11343,0.7
CA_1,HOBBIES_1_016,11344,0.7
CA_1,HOBBIES_1_016,11345,0.7
CA_1,HOBBIES_1_016,11346,0.7
CA_1,HOBBIES_1_016,11347,0.7
CA_1,HOBBIES_1_016,11348,0.7
CA_1,HOBBIES_1_016,11349,0.7
CA_1,HOBBIES_1_016,11350,0.7
CA_1,HOBBIES_1_016,11351,0.7
CA_1,HOBBIES_1_016,11352,0.7
CA_1,HOBBIES_1_016,11353,0.7
CA_1,HOBBIES_1_016,11401,0.7
CA_1,HOBBIES_1_016,11402,0.7
CA_1,HOBBIES_1_016,11403,0.7
CA_1,HOBBIES_1_016,11404,0.7
CA_1,HOBBIES_1_016,11405,0.7
CA_1,HOBBIES_1_016,11406,0.7
CA_1,HOBBIES_1_016,11407,0.7
CA_1,HOBBIES_1_016,11408,0.7
CA_1,HOBBIES_1_016,11409,0.7
CA_1,HOBBIES_1_016,11410,0.7
CA_1,HOBBIES_1_016,11411,0.7
CA_1,HOBBIES_1_016,11412,0.7
CA_1,HOBBIES_1_016,11413,0.7
CA_1,HOBBIES_1_016,11414,0.7
CA_1,HOBBIES_1_016,11415,0.7
CA_1,HOBBIES_1_016,11416,0.7
CA_1,HOBBIES_1_016,11417,0.7
CA_1,HOBBIES_1_016,11418,0.7
CA_1,HOBBIES_1_016,11419,0.7
CA_1,HOBBIES_1_016,11420,0.7
CA_1,HOBBIES_1_016,11421,0.7
CA_1,HOBBIES_1_016,11422,0.7
CA_1,HOBBIES_1_016,11423,0.7
CA_1,HOBBIES_1_016,11424,0.7
CA_1,HOBBIES_1_016,11425,0.7
CA_1,HOBBIES_1_016,11426,0.7
CA_1,HOBBIES_1_016,11427,0.7
CA_1,HOBBIES_1_016,11428,0.7
CA_1,HOBBIES_1_016,11429,0.7
CA_1,HOBBIES_1_016,11430,0.7
CA_1,HOBBIES_1_016,11431,0.7
CA_1,HOBBIES_1_016,11432,0.7
CA_1,HOBBIES_1_016,11433,0.7
CA_1,HOBBIES_1_016,11434,0.7
CA_1,HOBBIES_1_016,11435,0.7
CA_1,HOBBIES_1_016,11436,0.7
CA_1,HOBBIES_1_016,11437,0.7
CA_1,HOBBIES_1_016,11438,0.7
CA_1,HOBBIES_1_016,11439,0.7
CA_1,HOBBIES_1_016,11440,0.7
CA_1,HOBBIES_1_016,11441,0.7
CA_1,HOBBIES_1_016,11442,0.7
CA_1,HOBBIES_1_016,11443,0.7
CA_1,HOBBIES_1_016,11444,0.7
CA_1,HOBBIES_1_016,11445,0.7
CA_1,HOBBIES_1_016,11446,0.7
CA_1,HOBBIES_1_016,11447,0.7
CA_1,HOBBIES_1_016,11448,0.7
CA_1,HOBBIES_1_016,11449,0.7
CA_1,HOBBIES_1_016,11450,0.7
CA_1,HOBBIES_1_016,11451,0.7
CA_1,HOBBIES_1_016,11452,0.7
CA_1,HOBBIES_1_016,11501,0.7
CA_1,HOBBIES_1_016,11502,0.7
CA_1,HOBBIES_1_016,11503,0.7
CA_1,HOBBIES_1_016,11504,0.7
CA_1,HOBBIES_1_016,11505,0.7
CA_1,HOBBIES_1_016,11506,0.7
CA_1,HOBBIES_1_016,11507,0.7
CA_1,HOBBIES_1_016,11508,0.7
CA_1,HOBBIES_1_016,11509,0.7
CA_1,HOBBIES_1_016,11510,0.7
CA_1,HOBBIES_1_016,11511,0.7
CA_1,HOBBIES_1_016,11512,0.7
CA_1,HOBBIES_1_016,11513,0.7
CA_1,HOBBIES_1_016,11514,0.7
CA_1,HOBBIES_1_016,11515,0.7
CA_1,HOBBIES_1_016,11516,0.7
CA_1,HOBBIES_1_016,11517,0.7
CA_1,HOBBIES_1_016,11518,0.7
CA_1,HOBBIES_1_016,11519,0.7
CA_1,HOBBIES_1_016,11520,0.7
CA_1,HOBBIES_1_016,11521,0.7
CA_1,HOBBIES_1_016,11522,0.7
CA_1,HOBBIES_1_016,11523,0.7
CA_1,HOBBIES_1_016,11524,0.7
CA_1,HOBBIES_1_016,11525,0.7
CA_1,HOBBIES_1_016,11526,0.7
CA_1,HOBBIES_1_016,11527,0.7
CA_1,HOBBIES_1_016,11528,0.7
CA_1,HOBBIES_1_016,11529,0.7
CA_1,HOBBIES_1_016,11530,0.7
CA_1,HOBBIES_1_016,11531,0.7
CA_1,HOBBIES_1_016,11532,0.7
CA_1,HOBBIES_1_016,11533,0.7
CA_1,HOBBIES_1_016,11534,0.7
CA_1,HOBBIES_1_016,11535,0.7
CA_1,HOBBIES_1_016,11536,0.7
CA_1,HOBBIES_1_016,11537,0.7
CA_1,HOBBIES_1_016,11538,0.7
CA_1,HOBBIES_1_016,11539,0.7
CA_1,HOBBIES_1_016,11540,0.7
CA_1,HOBBIES_1_016,11541,0.7
CA_1,HOBBIES_1_016,11542,0.7
CA_1,HOBBIES_1_016,11543,0.7
CA_1,HOBBIES_1_016,11544,0.7
CA_1,HOBBIES_1_016,11545,0.7
CA_1,HOBBIES_1_016,11546,0.7
CA_1,HOBBIES_1_016,11547,0.7
CA_1,HOBBIES_1_016,11548,0.7
CA_1,HOBBIES_1_016,11549,0.7
CA_1,HOBBIES_1_016,11550,0.7
CA_1,HOBBIES_1_016,11551,0.7
CA_1,HOBBIES_1_016,11552,0.7
CA_1,HOBBIES_1_016,11601,0.7
CA_1,HOBBIES_1_016,11602,0.7
CA_1,HOBBIES_1_016,11603,0.7
CA_1,HOBBIES_1_016,11604,0.7
CA_1,HOBBIES_1_016,11605,0.7
CA_1,HOBBIES_1_016,11606,0.7
CA_1,HOBBIES_1_016,11607,0.7
CA_1,HOBBIES_1_016,11608,0.7
CA_1,HOBBIES_1_016,11609,0.7
CA_1,HOBBIES_1_016,11610,0.7
CA_1,HOBBIES_1_016,11611,0.7
CA_1,HOBBIES_1_016,11612,0.7
CA_1,HOBBIES_1_016,11613,0.7
CA_1,HOBBIES_1_016,11614,0.7
CA_1,HOBBIES_1_016,11615,0.7
CA_1,HOBBIES_1_016,11616,0.7
CA_1,HOBBIES_1_016,11617,0.7
CA_1,HOBBIES_1_016,11618,0.7
CA_1,HOBBIES_1_016,11619,0.7
CA_1,HOBBIES_1_016,11620,0.7
CA_1,HOBBIES_1_016,11621,0.7
CA_1,HOBBIES_1_017,11131,1.88
CA_1,HOBBIES_1_017,11132,1.88
CA_1,HOBBIES_1_017,11133,1.88
CA_1,HOBBIES_1_017,11134,1.88
CA_1,HOBBIES_1_017,11135,1.88
CA_1,HOBBIES_1_017,11136,1.88
CA_1,HOBBIES_1_017,11137,1.88
CA_1,HOBBIES_1_017,11138,1.88
CA_1,HOBBIES_1_017,11139,1.88
CA_1,HOBBIES_1_017,11140,1.88
CA_1,HOBBIES_1_017,11141,1.88
CA_1,HOBBIES_1_017,11142,1.88
CA_1,HOBBIES_1_017,11143,1.88
CA_1,HOBBIES_1_017,11144,1.88
CA_1,HOBBIES_1_017,11145,1.88
CA_1,HOBBIES_1_017,11146,1.88
CA_1,HOBBIES_1_017,11147,1.88
CA_1,HOBBIES_1_017,11148,1.88
CA_1,HOBBIES_1_017,11149,1.88
CA_1,HOBBIES_1_017,11150,1.88
CA_1,HOBBIES_1_017,11151,1.88
CA_1,HOBBIES_1_017,11152,1.88
CA_1,HOBBIES_1_017,11201,1.88
CA_1,HOBBIES_1_017,11202,1.88
CA_1,HOBBIES_1_017,11203,1.88
CA_1,HOBBIES_1_017,11204,1.88
CA_1,HOBBIES_1_017,11205,1.88
CA_1,HOBBIES_1_017,11206,1.88
CA_1,HOBBIES_1_017,11207,1.88
CA_1,HOBBIES_1_017,11208,1.88
CA_1,HOBBIES_1_017,11209,1.88
CA_1,HOBBIES_1_017,11210,1.88
CA_1,HOBBIES_1_017,11211,1.88
CA_1,HOBBIES_1_017,11212,1.88
CA_1,HOBBIES_1_017,11213,1.88
CA_1,HOBBIES_1_017,11214,1.88
CA_1,HOBBIES_1_017,11215,1.88
CA_1,HOBBIES_1_017,11216,1.88
CA_1,HOBBIES_1_017,11217,1.88
CA_1,HOBBIES_1_017,11218,1.88
CA_1,HOBBIES_1_017,11219,1.88
CA_1,HOBBIES_1_017,11220,1.88
CA_1,HOBBIES_1_017,11221,1.88
CA_1,HOBBIES_1_017,11222,1.88
CA_1,HOBBIES_1_017,11223,1.88
CA_1,HOBBIES_1_017,11224,1.88
CA_1,HOBBIES_1_017,11225,1.88
CA_1,HOBBIES_1_017,11226,1.88
CA_1,HOBBIES_1_017,11227,1.88
CA_1,HOBBIES_1_017,11228,1.88
CA_1,HOBBIES_1_017,11229,1.88
CA_1,HOBBIES_1_017,11230,1.88
CA_1,HOBBIES_1_017,11231,1.88
CA_1,HOBBIES_1_017,11232,1.88
CA_1,HOBBIES_1_017,11233,1.88
CA_1,HOBBIES_1_017,11234,1.88
CA_1,HOBBIES_1_017,11235,1.88
CA_1,HOBBIES_1_017,11236,1.88
CA_1,HOBBIES_1_017,11237,1.88
CA_1,HOBBIES_1_017,11238,1.88
CA_1,HOBBIES_1_017,11239,1.88
CA_1,HOBBIES_1_017,11240,1.88
CA_1,HOBBIES_1_017,11241,1.88
CA_1,HOBBIES_1_017,11242,1.88
CA_1,HOBBIES_1_017,11243,1.88
CA_1,HOBBIES_1_017,11244,1.88
CA_1,HOBBIES_1_017,11245,1.88
CA_1,HOBBIES_1_017,11246,1.88
CA_1,HOBBIES_1_017,11247,1.88
CA_1,HOBBIES_1_017,11248,1.88
CA_1,HOBBIES_1_017,11249,1.88
CA_1,HOBBIES_1_017,11250,1.88
CA_1,HOBBIES_1_017,11251,1.88
CA_1,HOBBIES_1_017,11252,1.88
CA_1,HOBBIES_1_017,11301,1.88
CA_1,HOBBIES_1_017,11302,1.88
CA_1,HOBBIES_1_017,11303,1.98
CA_1,HOBBIES_1_017,11304,1.98
CA_1,HOBBIES_1_017,11305,1.98
CA_1,HOBBIES_1_017,11306,1.98
CA_1,HOBBIES_1_017,11307,1.98
CA_1,HOBBIES_1_017,11308,1.98
CA_1,HOBBIES_1_017,11309,1.98
CA_1,HOBBIES_1_017,11310,1.98
CA_1,HOBBIES_1_017,11311,1.98
CA_1,HOBBIES_1_017,11312,1.98
CA_1,HOBBIES_1_017,11313,1.98
CA_1,HOBBIES_1_017,11314,1.98
CA_1,HOBBIES_1_017,11315,1.98
CA_1,HOBBIES_1_017,11316,1.98
CA_1,HOBBIES_1_017,11317,1.98
CA_1,HOBBIES_1_017,11318,1.98
CA_1,HOBBIES_1_017,11319,1.98
CA_1,HOBBIES_1_017,11320,1.98
CA_1,HOBBIES_1_017,11321,1.98
CA_1,HOBBIES_1_017,11322,1.98
CA_1,HOBBIES_1_017,11323,1.98
CA_1,HOBBIES_1_017,11324,1.98
CA_1,HOBBIES_1_017,11325,1.98
CA_1,HOBBIES_1_017,11326,1.98
CA_1,HOBBIES_1_017,11327,1.98
CA_1,HOBBIES_1_017,11328,1.98
CA_1,HOBBIES_1_017,11329,1.98
CA_1,HOBBIES_1_017,11330,1.98
CA_1,HOBBIES_1_017,11331,1.98
CA_1,HOBBIES_1_017,11332,1.98
CA_1,HOBBIES_1_017,11333,1.98
CA_1,HOBBIES_1_017,11334,1.98
CA_1,HOBBIES_1_017,11335,1.98
CA_1,HOBBIES_1_017,11336,1.98
CA_1,HOBBIES_1_017,11337,1.98
CA_1,HOBBIES_1_017,11338,1.98
CA_1,HOBBIES_1_017,11339,1.98
CA_1,HOBBIES_1_017,11340,1.98
CA_1,HOBBIES_1_017,11341,1.98
CA_1,HOBBIES_1_017,11342,1.98
CA_1,HOBBIES_1_017,11343,1.98
CA_1,HOBBIES_1_017,11344,1.98
CA_1,HOBBIES_1_017,11345,1.98
CA_1,HOBBIES_1_017,11346,1.98
CA_1,HOBBIES_1_017,11347,1.98
CA_1,HOBBIES_1_017,11348,1.98
CA_1,HOBBIES_1_017,11349,1.98
CA_1,HOBBIES_1_017,11350,1.98
CA_1,HOBBIES_1_017,11351,1.98
CA_1,HOBBIES_1_017,11352,1.98
CA_1,HOBBIES_1_017,11353,1.98
CA_1,HOBBIES_1_017,11401,1.98
CA_1,HOBBIES_1_017,11402,1.98
CA_1,HOBBIES_1_017,11403,1.98
CA_1,HOBBIES_1_017,11404,1.98
CA_1,HOBBIES_1_017,11405,1.98
CA_1,HOBBIES_1_017,11406,1.98
CA_1,HOBBIES_1_017,11407,1.98
CA_1,HOBBIES_1_017,11408,1.98
CA_1,HOBBIES_1_017,11409,1.98
CA_1,HOBBIES_1_017,11410,1.98
CA_1,HOBBIES_1_017,11411,1.98
CA_1,HOBBIES_1_017,11412,1.98
CA_1,HOBBIES_1_017,11413,1.98
CA_1,HOBBIES_1_017,11414,1.98
CA_1,HOBBIES_1_017,11415,1.98
CA_1,HOBBIES_1_017,11416,1.98
CA_1,HOBBIES_1_017,11417,1.98
CA_1,HOBBIES_1_017,11418,1.98
CA_1,HOBBIES_1_017,11419,1.98
CA_1,HOBBIES_1_017,11420,1.98
CA_1,HOBBIES_1_017,11421,1.98
CA_1,HOBBIES_1_017,11422,1.98
CA_1,HOBBIES_1_017,11423,1.98
CA_1,HOBBIES_1_017,11424,1.98
CA_1,HOBBIES_1_017,11425,1.98
CA_1,HOBBIES_1_017,11426,1.98
CA_1,HOBBIES_1_017,11427,1.98
CA_1,HOBBIES_1_017,11428,1.98
CA_1,HOBBIES_1_017,11429,1.98
CA_1,HOBBIES_1_017,11430,1.98
CA_1,HOBBIES_1_017,11431,1.98
CA_1,HOBBIES_1_017,11432,1.98
CA_1,HOBBIES_1_017,11433,1.98
CA_1,HOBBIES_1_017,11434,1.98
CA_1,HOBBIES_1_017,11435,1.98
CA_1,HOBBIES_1_017,11436,1.98
CA_1,HOBBIES_1_017,11437,1.98
CA_1,HOBBIES_1_017,11438,1.98
CA_1,HOBBIES_1_017,11439,1.98
CA_1,HOBBIES_1_017,11440,1.98
CA_1,HOBBIES_1_017,11441,1.98
CA_1,HOBBIES_1_017,11442,1.98
CA_1,HOBBIES_1_017,11443,1.98
CA_1,HOBBIES_1_017,11444,1.98
CA_1,HOBBIES_1_017,11445,1.98
CA_1,HOBBIES_1_017,11446,1.98
CA_1,HOBBIES_1_017,11447,1.98
CA_1,HOBBIES_1_017,11448,1.98
CA_1,HOBBIES_1_017,11449,1.98
CA_1,HOBBIES_1_017,11450,1.98
CA_1,HOBBIES_1_017,11451,1.98
CA_1,HOBBIES_1_017,11452,1.98
CA_1,HOBBIES_1_017,11501,1.98
CA_1,HOBBIES_1_017,11502,1.98
CA_1,HOBBIES_1_017,11503,1.98
CA_1,HOBBIES_1_017,11504,1.98
CA_1,HOBBIES_1_017,11505,1.98
CA_1,HOBBIES_1_017,11506,1.98
CA_1,HOBBIES_1_017,11507,1.98
CA_1,HOBBIES_1_017,11508,1.98
CA_1,HOBBIES_1_017,11509,1.98
CA_1,HOBBIES_1_017,11510,1.98
CA_1,HOBBIES_1_017,11511,1.98
CA_1,HOBBIES_1_017,11512,1.98
CA_1,HOBBIES_1_017,11513,1.98
CA_1,HOBBIES_1_017,11514,1.98
CA_1,HOBBIES_1_017,11515,1.98
CA_1,HOBBIES_1_017,11516,1.98
CA_1,HOBBIES_1_017,11517,1.98
CA_1,HOBBIES_1_017,11518,1.98
CA_1,HOBBIES_1_017,11519,1.98
CA_1,HOBBIES_1_017,11520,1.98
CA_1,HOBBIES_1_017,11521,1.98
CA_1,HOBBIES_1_017,11522,1.98
CA_1,HOBBIES_1_017,11523,1.98
CA_1,HOBBIES_1_017,11524,1.98
CA_1,HOBBIES_1_017,11525,1.98
CA_1,HOBBIES_1_017,11526,1.98
CA_1,HOBBIES_1_017,11527,1.98
CA_1,HOBBIES_1_017,11528,1.98
CA_1,HOBBIES_1_017,11529,1.98
CA_1,HOBBIES_1_017,11530,1.98
CA_1,HOBBIES_1_017,11531,1.98
CA_1,HOBBIES_1_017,11532,1.98
CA_1,HOBBIES_1_017,11533,1.98
CA_1,HOBBIES_1_017,11534,1.98
CA_1,HOBBIES_1_017,11535,1.98
CA_1,HOBBIES_1_017,11536,1.98
CA_1,HOBBIES_1_017,11537,1.98
CA_1,HOBBIES_1_017,11538,1.98
CA_1,HOBBIES_1_017,11539,1.98
CA_1,HOBBIES_1_017,11540,1.98
CA_1,HOBBIES_1_017,11541,1.98
CA_1,HOBBIES_1_017,11542,1.98
CA_1,HOBBIES_1_017,11543,1.98
CA_1,HOBBIES_1_017,11544,1.98
CA_1,HOBBIES_1_017,11545,1.98
CA_1,HOBBIES_1_017,11546,1.98
CA_1,HOBBIES_1_017,11547,1.98
CA_1,HOBBIES_1_017,11548,1.98
CA_1,HOBBIES_1_017,11549,1.98
CA_1,HOBBIES_1_017,11550,1.98
CA_1,HOBBIES_1_017,11551,1.98
CA_1,HOBBIES_1_017,11552,1.98
CA_1,HOBBIES_1_017,11601,1.98
CA_1,HOBBIES_1_017,11602,1.98
CA_1,HOBBIES_1_017,11603,1.98
CA_1,HOBBIES_1_017,11604,1.98
CA_1,HOBBIES_1_017,11605,1.98
CA_1,HOBBIES_1_017,11606,1.98
CA_1,HOBBIES_1_017,11607,1.98
CA_1,HOBBIES_1_017,11608,1.98
CA_1,HOBBIES_1_017,11609,1.98
CA_1,HOBBIES_1_017,11610,1.98
CA_1,HOBBIES_1_017,11611,1.98
CA_1,HOBBIES_1_017,11612,1.98
CA_1,HOBBIES_1_017,11613,1.98
CA_1,HOBBIES_1_017,11614,1.98
CA_1,HOBBIES_1_017,11615,1.98
CA_1,HOBBIES_1_017,11616,1.98
CA_1,HOBBIES_1_017,11617,1.98
CA_1,HOBBIES_1_017,11618,1.98
CA_1,HOBBIES_1_017,11619,1.98
CA_1,HOBBIES_1_017,11620,1.98
CA_1,HOBBIES_1_017,11621,1.98
CA_1,HOBBIES_1_018,11207,11.88
CA_1,HOBBIES_1_018,11208,11.88
CA_1,HOBBIES_1_018,11209,11.88
CA_1,HOBBIES_1_018,11210,11.88
CA_1,HOBBIES_1_018,11211,11.88
CA_1,HOBBIES_1_018,11212,11.88
CA_1,HOBBIES_1_018,11213,11.88
CA_1,HOBBIES_1_018,11214,11.88
CA_1,HOBBIES_1_018,11215,11.88
CA_1,HOBBIES_1_018,11216,11.88
CA_1,HOBBIES_1_018,11217,11.88
CA_1,HOBBIES_1_018,11218,11.88
CA_1,HOBBIES_1_018,11219,11.88
CA_1,HOBBIES_1_018,11220,11.88
CA_1,HOBBIES_1_018,11221,11.88
CA_1,HOBBIES_1_018,11222,11.88
CA_1,HOBBIES_1_018,11223,11.88
CA_1,HOBBIES_1_018,11224,11.88
CA_1,HOBBIES_1_018,11225,11.88
CA_1,HOBBIES_1_018,11226,11.88
CA_1,HOBBIES_1_018,11227,11.88
CA_1,HOBBIES_1_018,11228,11.88
CA_1,HOBBIES_1_018,11229,11.88
CA_1,HOBBIES_1_018,11230,11.88
CA_1,HOBBIES_1_018,11231,11.88
CA_1,HOBBIES_1_018,11232,11.88
CA_1,HOBBIES_1_018,11233,11.88
CA_1,HOBBIES_1_018,11234,11.88
CA_1,HOBBIES_1_018,11235,11.88
CA_1,HOBBIES_1_018,11236,11.88
CA_1,HOBBIES_1_018,11237,11.88
CA_1,HOBBIES_1_018,11238,11.88
CA_1,HOBBIES_1_018,11239,11.88
CA_1,HOBBIES_1_018,11240,11.88
CA_1,HOBBIES_1_018,11241,11.88
CA_1,HOBBIES_1_018,11242,11.88
CA_1,HOBBIES_1_018,11243,11.88
CA_1,HOBBIES_1_018,11244,11.88
CA_1,HOBBIES_1_018,11245,11.88
CA_1,HOBBIES_1_018,11246,11.88
CA_1,HOBBIES_1_018,11247,11.88
CA_1,HOBBIES_1_018,11248,11.88
CA_1,HOBBIES_1_018,11249,11.88
CA_1,HOBBIES_1_018,11250,11.88
CA_1,HOBBIES_1_018,11251,11.88
CA_1,HOBBIES_1_018,11252,11.88
CA_1,HOBBIES_1_018,11301,11.88
CA_1,HOBBIES_1_018,11302,11.88
CA_1,HOBBIES_1_018,11303,11.88
CA_1,HOBBIES_1_018,11304,11.88
CA_1,HOBBIES_1_018,11305,11.88
CA_1,HOBBIES_1_018,11306,11.88
CA_1,HOBBIES_1_018,11307,11.88
CA_1,HOBBIES_1_018,11308,11.88
CA_1,HOBBIES_1_018,11309,11.88
CA_1,HOBBIES_1_018,11310,11.88
CA_1,HOBBIES_1_018,11311,11.88
CA_1,HOBBIES_1_018,11312,11.88
CA_1,HOBBIES_1_018,11313,11.88
CA_1,HOBBIES_1_018,11314,11.88
CA_1,HOBBIES_1_018,11315,11.88
CA_1,HOBBIES_1_018,11316,11.88
CA_1,HOBBIES_1_018,11317,11.88
CA_1,HOBBIES_1_018,11318,11.88
CA_1,HOBBIES_1_018,11319,11.88
CA_1,HOBBIES_1_018,11320,11.88
CA_1,HOBBIES_1_018,11321,11.88
CA_1,HOBBIES_1_018,11322,11.88
CA_1,HOBBIES_1_018,11323,11.88
CA_1,HOBBIES_1_018,11324,11.88
CA_1,HOBBIES_1_018,11325,11.88
CA_1,HOBBIES_1_018,11326,11.88
CA_1,HOBBIES_1_018,11327,11.88
CA_1,HOBBIES_1_018,11328,11.88
CA_1,HOBBIES_1_018,11329,11.88
CA_1,HOBBIES_1_018,11330,11.88
CA_1,HOBBIES_1_018,11331,11.88
CA_1,HOBBIES_1_018,11332,11.88
CA_1,HOBBIES_1_018,11333,11.88
CA_1,HOBBIES_1_018,11334,11.88
CA_1,HOBBIES_1_018,11335,11.88
CA_1,HOBBIES_1_018,11336,11.88
CA_1,HOBBIES_1_018,11337,11.88
CA_1,HOBBIES_1_018,11338,11.88
CA_1,HOBBIES_1_018,11339,11.88
CA_1,HOBBIES_1_018,11340,11.88
CA_1,HOBBIES_1_018,11341,11.88
CA_1,HOBBIES_1_018,11342,11.88
CA_1,HOBBIES_1_018,11343,11.88
CA_1,HOBBIES_1_018,11344,11.88
CA_1,HOBBIES_1_018,11345,11.88
CA_1,HOBBIES_1_018,11346,11.88
CA_1,HOBBIES_1_018,11347,11.88
CA_1,HOBBIES_1_018,11348,11.88
CA_1,HOBBIES_1_018,11349,11.88
CA_1,HOBBIES_1_018,11350,11.88
CA_1,HOBBIES_1_018,11351,11.88
CA_1,HOBBIES_1_018,11352,11.88
CA_1,HOBBIES_1_018,11353,11.88
CA_1,HOBBIES_1_018,11401,11.88
CA_1,HOBBIES_1_018,11402,11.88
CA_1,HOBBIES_1_018,11403,11.88
CA_1,HOBBIES_1_018,11404,11.88
CA_1,HOBBIES_1_018,11405,11.88
CA_1,HOBBIES_1_018,11406,11.88
CA_1,HOBBIES_1_018,11407,11.88
CA_1,HOBBIES_1_018,11408,11.88
CA_1,HOBBIES_1_018,11409,11.88
CA_1,HOBBIES_1_018,11410,11.88
CA_1,HOBBIES_1_018,11411,11.88
CA_1,HOBBIES_1_018,11412,11.88
CA_1,HOBBIES_1_018,11413,11.88
CA_1,HOBBIES_1_018,11414,11.88
CA_1,HOBBIES_1_018,11415,11.88
CA_1,HOBBIES_1_018,11416,11.88
CA_1,HOBBIES_1_018,11417,11.88
CA_1,HOBBIES_1_018,11418,11.88
CA_1,HOBBIES_1_018,11419,11.88
CA_1,HOBBIES_1_018,11420,11.88
CA_1,HOBBIES_1_018,11421,11.88
CA_1,HOBBIES_1_018,11422,11.88
CA_1,HOBBIES_1_018,11423,11.88
CA_1,HOBBIES_1_018,11424,11.88
CA_1,HOBBIES_1_018,11425,11.88
CA_1,HOBBIES_1_018,11426,11.88
CA_1,HOBBIES_1_018,11427,11.88
CA_1,HOBBIES_1_018,11428,11.88
CA_1,HOBBIES_1_018,11429,11.88
CA_1,HOBBIES_1_018,11430,11.88
CA_1,HOBBIES_1_018,11431,11.88
CA_1,HOBBIES_1_018,11432,11.88
CA_1,HOBBIES_1_018,11433,11.88
CA_1,HOBBIES_1_018,11434,11.88
CA_1,HOBBIES_1_018,11435,11.88
CA_1,HOBBIES_1_018,11436,11.88
CA_1,HOBBIES_1_018,11437,11.88
CA_1,HOBBIES_1_018,11438,11.88
CA_1,HOBBIES_1_018,11439,11.88
CA_1,HOBBIES_1_018,11440,11.88
CA_1,HOBBIES_1_018,11441,11.88
CA_1,HOBBIES_1_018,11442,11.88
CA_1,HOBBIES_1_018,11443,11.88
CA_1,HOBBIES_1_018,11444,11.88
CA_1,HOBBIES_1_018,11445,11.88
CA_1,HOBBIES_1_018,11446,11.88
CA_1,HOBBIES_1_018,11447,11.88
CA_1,HOBBIES_1_018,11448,11.88
CA_1,HOBBIES_1_018,11449,11.88
CA_1,HOBBIES_1_018,11450,11.88
CA_1,HOBBIES_1_018,11451,11.88
CA_1,HOBBIES_1_018,11452,11.88
CA_1,HOBBIES_1_018,11501,11.88
CA_1,HOBBIES_1_018,11502,11.88
CA_1,HOBBIES_1_018,11503,11.88
CA_1,HOBBIES_1_018,11504,11.88
CA_1,HOBBIES_1_018,11505,11.88
CA_1,HOBBIES_1_018,11506,11.88
CA_1,HOBBIES_1_018,11507,11.88
CA_1,HOBBIES_1_018,11508,11.88
CA_1,HOBBIES_1_018,11509,11.88
CA_1,HOBBIES_1_018,11510,11.88
CA_1,HOBBIES_1_018,11511,11.88
CA_1,HOBBIES_1_018,11512,11.88
CA_1,HOBBIES_1_018,11513,11.88
CA_1,HOBBIES_1_018,11514,11.88
CA_1,HOBBIES_1_018,11515,11.88
CA_1,HOBBIES_1_018,11516,11.88
CA_1,HOBBIES_1_018,11517,11.88
CA_1,HOBBIES_1_018,11518,11.88
CA_1,HOBBIES_1_018,11519,11.88
CA_1,HOBBIES_1_018,11520,11.88
CA_1,HOBBIES_1_018,11521,11.88
CA_1,HOBBIES_1_018,11522,11.88
CA_1,HOBBIES_1_018,11523,11.88
CA_1,HOBBIES_1_018,11524,11.88
CA_1,HOBBIES_1_018,11525,11.88
CA_1,HOBBIES_1_018,11526,11.88
CA_1,HOBBIES_1_018,11527,11.88
CA_1,HOBBIES_1_018,11528,11.88
CA_1,HOBBIES_1_018,11529,11.88
CA_1,HOBBIES_1_018,11530,11.88
CA_1,HOBBIES_1_018,11531,11.88
CA_1,HOBBIES_1_018,11532,11.88
CA_1,HOBBIES_1_018,11533,11.88
CA_1,HOBBIES_1_018,11534,11.88
CA_1,HOBBIES_1_018,11535,11.88
CA_1,HOBBIES_1_018,11536,11.88
CA_1,HOBBIES_1_018,11537,11.88
CA_1,HOBBIES_1_018,11538,11.88
CA_1,HOBBIES_1_018,11539,11.88
CA_1,HOBBIES_1_018,11540,11.88
CA_1,HOBBIES_1_018,11541,11.88
CA_1,HOBBIES_1_018,11542,11.88
CA_1,HOBBIES_1_018,11543,11.88
CA_1,HOBBIES_1_018,11544,11.88
CA_1,HOBBIES_1_018,11545,11.88
CA_1,HOBBIES_1_018,11546,11.88
CA_1,HOBBIES_1_018,11547,11.88
CA_1,HOBBIES_1_018,11548,11.88
CA_1,HOBBIES_1_018,11549,11.88
CA_1,HOBBIES_1_018,11550,11.88
CA_1,HOBBIES_1_018,11551,11.88
CA_1,HOBBIES_1_018,11552,11.88
CA_1,HOBBIES_1_018,11601,11.88
CA_1,HOBBIES_1_018,11602,11.88
CA_1,HOBBIES_1_018,11603,11.88
CA_1,HOBBIES_1_018,11604,11.88
CA_1,HOBBIES_1_018,11605,11.88
CA_1,HOBBIES_1_018,11606,11.88
CA_1,HOBBIES_1_018,11607,11.88
CA_1,HOBBIES_1_018,11608,11.88
CA_1,HOBBIES_1_018,11609,11.88
CA_1,HOBBIES_1_018,11610,11.88
CA_1,HOBBIES_1_018,11611,11.88
CA_1,HOBBIES_1_018,11612,11.88
CA_1,HOBBIES_1_018,11613,11.88
CA_1,HOBBIES_1_018,11614,11.88
CA_1,HOBBIES_1_018,11615,11.88
CA_1,HOBBIES_1_018,11616,11.88
CA_1,HOBBIES_1_018,11617,11.88
CA_1,HOBBIES_1_018,11618,11.88
CA_1,HOBBIES_1_018,11619,11.88
CA_1,HOBBIES_1_018,11620,11.88
CA_1,HOBBIES_1_018,11621,11.88
CA_1,HOBBIES_1_019,11224,0.5
CA_1,HOBBIES_1_019,11225,0.5
CA_1,HOBBIES_1_019,11226,0.5
CA_1,HOBBIES_1_019,11227,0.5
CA_1,HOBBIES_1_019,11228,0.5
CA_1,HOBBIES_1_019,11229,0.5
CA_1,HOBBIES_1_019,11230,0.5
CA_1,HOBBIES_1_019,11231,0.5
CA_1,HOBBIES_1_019,11232,0.5
CA_1,HOBBIES_1_019,11233,0.5
CA_1,HOBBIES_1_019,11234,0.5
CA_1,HOBBIES_1_019,11235,0.5
CA_1,HOBBIES_1_019,11236,0.5
CA_1,HOBBIES_1_019,11237,0.5
CA_1,HOBBIES_1_019,11238,0.5
CA_1,HOBBIES_1_019,11239,0.5
CA_1,HOBBIES_1_019,11240,0.5
CA_1,HOBBIES_1_019,11241,0.5
CA_1,HOBBIES_1_019,11242,0.5
CA_1,HOBBIES_1_019,11243,0.5
CA_1,HOBBIES_1_019,11244,0.5
CA_1,HOBBIES_1_019,11245,0.5
CA_1,HOBBIES_1_019,11246,0.5
CA_1,HOBBIES_1_019,11247,0.5
CA_1,HOBBIES_1_019,11248,0.5
CA_1,HOBBIES_1_019,11249,0.5
CA_1,HOBBIES_1_019,11250,0.5
CA_1,HOBBIES_1_019,11251,0.5
CA_1,HOBBIES_1_019,11252,0.46
CA_1,HOBBIES_1_019,11301,0.46
CA_1,HOBBIES_1_019,11302,0.46
CA_1,HOBBIES_1_019,11303,0.46
CA_1,HOBBIES_1_019,11304,0.46
CA_1,HOBBIES_1_019,11305,0.46
CA_1,HOBBIES_1_019,11306,0.46
CA_1,HOBBIES_1_019,11307,0.46
CA_1,HOBBIES_1_019,11308,0.46
CA_1,HOBBIES_1_019,11309,0.46
CA_1,HOBBIES_1_019,11310,0.46
CA_1,HOBBIES_1_019,11311,0.46
CA_1,HOBBIES_1_019,11312,0.46
CA_1,HOBBIES_1_019,11313,0.46
CA_1,HOBBIES_1_019,11314,0.46
CA_1,HOBBIES_1_019,11315,0.46
CA_1,HOBBIES_1_019,11316,0.46
CA_1,HOBBIES_1_019,11317,0.46
CA_1,HOBBIES_1_019,11318,0.46
CA_1,HOBBIES_1_019,11319,0.46
CA_1,HOBBIES_1_019,11320,0.46
CA_1,HOBBIES_1_019,11321,0.46
CA_1,HOBBIES_1_019,11322,0.46
CA_1,HOBBIES_1_019,11323,0.46
CA_1,HOBBIES_1_019,11324,0.46
CA_1,HOBBIES_1_019,11325,0.46
CA_1,HOBBIES_1_019,11326,0.46
CA_1,HOBBIES_1_019,11327,0.46
CA_1,HOBBIES_1_019,11328,0.46
CA_1,HOBBIES_1_019,11329,0.46
CA_1,HOBBIES_1_019,11330,0.46
CA_1,HOBBIES_1_019,11331,0.46
CA_1,HOBBIES_1_019,11332,0.46
CA_1,HOBBIES_1_019,11333,0.46
CA_1,HOBBIES_1_019,11334,0.46
CA_1,HOBBIES_1_019,11335,0.46
CA_1,HOBBIES_1_019,11336,0.46
CA_1,HOBBIES_1_019,11337,0.46
CA_1,HOBBIES_1_019,11338,0.46
CA_1,HOBBIES_1_019,11339,0.46
CA_1,HOBBIES_1_019,11340,0.46
CA_1,HOBBIES_1_019,11341,0.46
CA_1,HOBBIES_1_019,11342,0.46
CA_1,HOBBIES_1_019,11343,0.46
CA_1,HOBBIES_1_019,11344,0.46
CA_1,HOBBIES_1_019,11345,0.46
CA_1,HOBBIES_1_019,11346,0.46
CA_1,HOBBIES_1_019,11347,0.46
CA_1,HOBBIES_1_019,11348,0.46
CA_1,HOBBIES_1_019,11349,0.46
CA_1,HOBBIES_1_019,11350,0.46
CA_1,HOBBIES_1_019,11351,0.46
CA_1,HOBBIES_1_019,11352,0.46
CA_1,HOBBIES_1_019,11353,0.46
CA_1,HOBBIES_1_019,11401,0.46
CA_1,HOBBIES_1_019,11402,0.46
CA_1,HOBBIES_1_019,11403,0.46
CA_1,HOBBIES_1_019,11404,0.46
CA_1,HOBBIES_1_019,11405,0.46
CA_1,HOBBIES_1_019,11406,0.46
CA_1,HOBBIES_1_019,11407,0.46
CA_1,HOBBIES_1_019,11408,0.46
CA_1,HOBBIES_1_019,11409,0.46
CA_1,HOBBIES_1_019,11410,0.46
CA_1,HOBBIES_1_019,11411,0.46
CA_1,HOBBIES_1_019,11412,0.46
CA_1,HOBBIES_1_019,11413,0.46
CA_1,HOBBIES_1_019,11414,0.46
CA_1,HOBBIES_1_019,11415,0.46
CA_1,HOBBIES_1_019,11416,0.46
CA_1,HOBBIES_1_019,11417,0.46
CA_1,HOBBIES_1_019,11418,0.46
CA_1,HOBBIES_1_019,11419,0.46
CA_1,HOBBIES_1_019,11420,0.46
CA_1,HOBBIES_1_019,11421,0.46
CA_1,HOBBIES_1_019,11422,0.46
CA_1,HOBBIES_1_019,11423,0.46
CA_1,HOBBIES_1_019,11424,0.46
CA_1,HOBBIES_1_019,11425,0.46
CA_1,HOBBIES_1_019,11426,0.46
CA_1,HOBBIES_1_019,11427,0.46
CA_1,HOBBIES_1_019,11428,0.46
CA_1,HOBBIES_1_019,11429,0.46
CA_1,HOBBIES_1_019,11430,0.46
CA_1,HOBBIES_1_019,11431,0.46
CA_1,HOBBIES_1_019,11432,0.46
CA_1,HOBBIES_1_019,11433,0.46
CA_1,HOBBIES_1_019,11434,0.46
CA_1,HOBBIES_1_019,11435,0.46
CA_1,HOBBIES_1_019,11436,0.46
CA_1,HOBBIES_1_019,11437,0.46
CA_1,HOBBIES_1_019,11438,0.46
CA_1,HOBBIES_1_019,11439,0.46
CA_1,HOBBIES_1_019,11440,0.46
CA_1,HOBBIES_1_019,11441,0.46
CA_1,HOBBIES_1_019,11442,0.46
CA_1,HOBBIES_1_019,11443,0.46
CA_1,HOBBIES_1_019,11444,0.46
CA_1,HOBBIES_1_019,11445,0.46
CA_1,HOBBIES_1_019,11446,0.46
CA_1,HOBBIES_1_019,11447,0.46
CA_1,HOBBIES_1_019,11448,0.46
CA_1,HOBBIES_1_019,11449,0.46
CA_1,HOBBIES_1_019,11450,0.46
CA_1,HOBBIES_1_019,11451,0.46
CA_1,HOBBIES_1_019,11452,0.46
CA_1,HOBBIES_1_019,11501,0.46
CA_1,HOBBIES_1_019,11502,0.46
CA_1,HOBBIES_1_019,11503,0.46
CA_1,HOBBIES_1_019,11504,0.46
CA_1,HOBBIES_1_019,11505,0.46
CA_1,HOBBIES_1_019,11506,0.46
CA_1,HOBBIES_1_019,11507,0.46
CA_1,HOBBIES_1_019,11508,0.46
CA_1,HOBBIES_1_019,11509,0.46
CA_1,HOBBIES_1_019,11510,0.46
CA_1,HOBBIES_1_019,11511,0.46
CA_1,HOBBIES_1_019,11512,0.48
CA_1,HOBBIES_1_019,11513,0.48
CA_1,HOBBIES_1_019,11514,0.48
CA_1,HOBBIES_1_019,11515,0.48
CA_1,HOBBIES_1_019,11516,0.48
CA_1,HOBBIES_1_019,11517,0.48
CA_1,HOBBIES_1_019,11518,0.48
CA_1,HOBBIES_1_019,11519,0.48
CA_1,HOBBIES_1_019,11520,0.48
CA_1,HOBBIES_1_019,11521,0.48
CA_1,HOBBIES_1_019,11522,0.48
CA_1,HOBBIES_1_019,11523,0.48
CA_1,HOBBIES_1_019,11524,0.48
CA_1,HOBBIES_1_019,11525,0.48
CA_1,HOBBIES_1_019,11526,0.48
CA_1,HOBBIES_1_019,11527,0.48
CA_1,HOBBIES_1_019,11528,0.48
CA_1,HOBBIES_1_019,11529,0.48
CA_1,HOBBIES_1_019,11530,0.48
CA_1,HOBBIES_1_019,11531,0.48
CA_1,HOBBIES_1_019,11532,0.48
CA_1,HOBBIES_1_019,11533,0.48
CA_1,HOBBIES_1_019,11534,0.48
CA_1,HOBBIES_1_019,11535,0.48
CA_1,HOBBIES_1_019,11536,0.48
CA_1,HOBBIES_1_019,11537,0.48
CA_1,HOBBIES_1_019,11538,0.48
CA_1,HOBBIES_1_019,11539,0.48
CA_1,HOBBIES_1_019,11540,0.48
CA_1,HOBBIES_1_019,11541,0.48
CA_1,HOBBIES_1_019,11542,0.48
CA_1,HOBBIES_1_019,11543,0.48
CA_1,HOBBIES_1_019,11544,0.48
CA_1,HOBBIES_1_019,11545,0.48
CA_1,HOBBIES_1_019,11546,0.48
CA_1,HOBBIES_1_019,11547,0.48
CA_1,HOBBIES_1_019,11548,0.48
CA_1,HOBBIES_1_019,11549,0.48
CA_1,HOBBIES_1_019,11550,0.48
CA_1,HOBBIES_1_019,11551,0.48
CA_1,HOBBIES_1_019,11552,0.48
CA_1,HOBBIES_1_019,11601,0.48
CA_1,HOBBIES_1_019,11602,0.48
CA_1,HOBBIES_1_019,11603,0.48
CA_1,HOBBIES_1_019,11604,0.48
CA_1,HOBBIES_1_019,11605,0.48
CA_1,HOBBIES_1_019,11606,0.48
CA_1,HOBBIES_1_019,11607,0.48
CA_1,HOBBIES_1_019,11608,0.48
CA_1,HOBBIES_1_019,11609,0.48
CA_1,HOBBIES_1_019,11610,0.48
CA_1,HOBBIES_1_019,11611,0.48
CA_1,HOBBIES_1_019,11612,0.48
CA_1,HOBBIES_1_019,11613,0.48
CA_1,HOBBIES_1_019,11614,0.48
CA_1,HOBBIES_1_019,11615,0.48
CA_1,HOBBIES_1_019,11616,0.48
CA_1,HOBBIES_1_019,11617,0.48
CA_1,HOBBIES_1_019,11618,0.48
CA_1,HOBBIES_1_019,11619,0.48
CA_1,HOBBIES_1_019,11620,0.48
CA_1,HOBBIES_1_019,11621,0.48
CA_1,HOBBIES_1_020,11103,10.67
CA_1,HOBBIES_1_020,11104,10.67
CA_1,HOBBIES_1_020,11105,10.67
CA_1,HOBBIES_1_020,11106,10.98
CA_1,HOBBIES_1_020,11107,10.98
CA_1,HOBBIES_1_020,11108,10.98
CA_1,HOBBIES_1_020,11109,10.98
CA_1,HOBBIES_1_020,11110,10.98
CA_1,HOBBIES_1_020,11111,10.98
CA_1,HOBBIES_1_020,11112,10.98
CA_1,HOBBIES_1_020,11113,10.98
CA_1,HOBBIES_1_020,11114,10.98
CA_1,HOBBIES_1_020,11115,10.98
CA_1,HOBBIES_1_020,11116,10.98
CA_1,HOBBIES_1_020,11117,10.98
CA_1,HOBBIES_1_020,11118,10.98
CA_1,HOBBIES_1_020,11119,10.98
CA_1,HOBBIES_1_020,11120,10.98
CA_1,HOBBIES_1_020,11121,10.98
CA_1,HOBBIES_1_020,11122,10.98
CA_1,HOBBIES_1_020,11123,10.98
CA_1,HOBBIES_1_020,11124,10.98
CA_1,HOBBIES_1_020,11125,10.98
CA_1,HOBBIES_1_020,11126,10.98
CA_1,HOBBIES_1_020,11127,10.98
CA_1,HOBBIES_1_020,11128,10.98
CA_1,HOBBIES_1_020,11129,10.98
CA_1,HOBBIES_1_020,11130,10.98
CA_1,HOBBIES_1_020,11131,10.98
CA_1,HOBBIES_1_020,11132,10.98
CA_1,HOBBIES_1_020,11133,10.98
CA_1,HOBBIES_1_020,11134,10.98
CA_1,HOBBIES_1_020,11135,10.98
CA_1,HOBBIES_1_020,11136,10.98
CA_1,HOBBIES_1_020,11137,10.98
CA_1,HOBBIES_1_020,11138,10.98
CA_1,HOBBIES_1_020,11139,10.98
CA_1,HOBBIES_1_020,11140,10.98
CA_1,HOBBIES_1_020,11141,10.98
CA_1,HOBBIES_1_020,11142,10.98
CA_1,HOBBIES_1_020,11143,10.98
CA_1,HOBBIES_1_020,11144,10.98
CA_1,HOBBIES_1_020,11145,10.98
CA_1,HOBBIES_1_020,11146,10.98
CA_1,HOBBIES_1_020,11147,10.98
CA_1,HOBBIES_1_020,11148,10.98
CA_1,HOBBIES_1_020,11149,10.98
CA_1,HOBBIES_1_020,11150,10.98
CA_1,HOBBIES_1_020,11151,10.98
CA_1,HOBBIES_1_020,11152,10.98
CA_1,HOBBIES_1_020,11201,10.98
CA_1,HOBBIES_1_020,11202,10.98
CA_1,HOBBIES_1_020,11203,10.98
CA_1,HOBBIES_1_020,11204,10.98
CA_1,HOBBIES_1_020,11205,10.98
CA_1,HOBBIES_1_020,11206,10.98
CA_1,HOBBIES_1_020,11207,10.98
CA_1,HOBBIES_1_020,11208,10.98
CA_1,HOBBIES_1_020,11209,10.98
CA_1,HOBBIES_1_020,11210,10.98
CA_1,HOBBIES_1_020,11211,10.98
CA_1,HOBBIES_1_020,11212,10.98
CA_1,HOBBIES_1_020,11213,10.98
CA_1,HOBBIES_1_020,11214,10.98
CA_1,HOBBIES_1_020,11215,10.98
CA_1,HOBBIES_1_020,11216,10.98
CA_1,HOBBIES_1_020,11217,10.98
CA_1,HOBBIES_1_020,11218,10.98
CA_1,HOBBIES_1_020,11219,10.98
CA_1,HOBBIES_1_020,11220,10.98
CA_1,HOBBIES_1_020,11221,11.68
CA_1,HOBBIES_1_020,11222,11.68
CA_1,HOBBIES_1_020,11223,11.68
CA_1,HOBBIES_1_020,11224,11.68
CA_1,HOBBIES_1_020,11225,11.68
CA_1,HOBBIES_1_020,11226,11.68
CA_1,HOBBIES_1_020,11227,11.68
CA_1,HOBBIES_1_020,11228,11.68
CA_1,HOBBIES_1_020,11229,11.68
CA_1,HOBBIES_1_020,11230,11.68
CA_1,HOBBIES_1_020,11231,11.68
CA_1,HOBBIES_1_020,11232,11.68
CA_1,HOBBIES_1_020,11233,11.68
CA_1,HOBBIES_1_020,11234,11.68
CA_1,HOBBIES_1_020,11235,11.68
CA_1,HOBBIES_1_020,11236,11.68
CA_1,HOBBIES_1_020,11237,11.68
CA_1,HOBBIES_1_020,11238,11.68
CA_1,HOBBIES_1_020,11239,11.68
CA_1,HOBBIES_1_020,11240,11.68
CA_1,HOBBIES_1_020,11241,11.68
CA_1,HOBBIES_1_020,11242,11.68
CA_1,HOBBIES_1_020,11243,11.68
CA_1,HOBBIES_1_020,11244,11.68
CA_1,HOBBIES_1_020,11245,11.68
CA_1,HOBBIES_1_020,11246,11.68
CA_1,HOBBIES_1_020,11247,11.68
CA_1,HOBBIES_1_020,11248,12.68
CA_1,HOBBIES_1_020,11249,12.68
CA_1,HOBBIES_1_020,11250,12.68
CA_1,HOBBIES_1_020,11251,12.68
CA_1,HOBBIES_1_020,11252,12.68
CA_1,HOBBIES_1_020,11301,12.68
CA_1,HOBBIES_1_020,11302,12.68
CA_1,HOBBIES_1_020,11303,12.68
CA_1,HOBBIES_1_020,11304,12.68
CA_1,HOBBIES_1_020,11305,12.68
CA_1,HOBBIES_1_020,11306,12.68
CA_1,HOBBIES_1_020,11307,12.68
CA_1,HOBBIES_1_020,11308,12.68
CA_1,HOBBIES_1_020,11309,12.68
CA_1,HOBBIES_1_020,11310,12.68
CA_1,HOBBIES_1_020,11311,12.68
CA_1,HOBBIES_1_020,11312,12.68
CA_1,HOBBIES_1_020,11313,12.68
CA_1,HOBBIES_1_020,11314,12.68
CA_1,HOBBIES_1_020,11315,12.68
CA_1,HOBBIES_1_020,11316,12.68
CA_1,HOBBIES_1_020,11317,12.68
CA_1,HOBBIES_1_020,11318,12.68
CA_1,HOBBIES_1_020,11319,12.68
CA_1,HOBBIES_1_020,11320,12.68
CA_1,HOBBIES_1_020,11321,12.68
CA_1,HOBBIES_1_020,11322,12.68
CA_1,HOBBIES_1_020,11323,12.68
CA_1,HOBBIES_1_020,11324,12.68
CA_1,HOBBIES_1_020,11325,12.68
CA_1,HOBBIES_1_020,11326,12.68
CA_1,HOBBIES_1_020,11327,12.68
CA_1,HOBBIES_1_020,11328,12.68
CA_1,HOBBIES_1_020,11329,12.68
CA_1,HOBBIES_1_020,11330,12.68
CA_1,HOBBIES_1_020,11331,12.68
CA_1,HOBBIES_1_020,11332,12.68
CA_1,HOBBIES_1_020,11333,12.68
CA_1,HOBBIES_1_020,11334,12.68
CA_1,HOBBIES_1_020,11335,12.68
CA_1,HOBBIES_1_020,11336,12.68
CA_1,HOBBIES_1_020,11337,12.68
CA_1,HOBBIES_1_020,11338,12.68
CA_1,HOBBIES_1_020,11339,12.68
CA_1,HOBBIES_1_020,11340,12.68
CA_1,HOBBIES_1_020,11341,12.68
CA_1,HOBBIES_1_020,11342,12.68
CA_1,HOBBIES_1_020,11343,12.68
CA_1,HOBBIES_1_020,11344,12.68
CA_1,HOBBIES_1_020,11345,12.68
CA_1,HOBBIES_1_020,11346,12.68
CA_1,HOBBIES_1_020,11347,12.68
CA_1,HOBBIES_1_020,11348,12.68
CA_1,HOBBIES_1_020,11349,12.68
CA_1,HOBBIES_1_020,11350,12.68
CA_1,HOBBIES_1_020,11351,12.68
CA_1,HOBBIES_1_020,11352,12.68
CA_1,HOBBIES_1_020,11353,12.68
CA_1,HOBBIES_1_020,11401,12.68
CA_1,HOBBIES_1_020,11402,12.68
CA_1,HOBBIES_1_020,11403,12.68
CA_1,HOBBIES_1_020,11404,12.68
CA_1,HOBBIES_1_020,11405,12.68
CA_1,HOBBIES_1_020,11406,12.68
CA_1,HOBBIES_1_020,11407,12.68
CA_1,HOBBIES_1_020,11408,12.68
CA_1,HOBBIES_1_020,11409,12.68
CA_1,HOBBIES_1_020,11410,12.68
CA_1,HOBBIES_1_020,11411,12.68
CA_1,HOBBIES_1_020,11412,12.68
CA_1,HOBBIES_1_020,11413,12.68
CA_1,HOBBIES_1_020,11414,12.68
CA_1,HOBBIES_1_020,11415,12.68
CA_1,HOBBIES_1_020,11416,12.68
CA_1,HOBBIES_1_020,11417,12.68
CA_1,HOBBIES_1_020,11418,12.68
CA_1,HOBBIES_1_020,11419,12.68
CA_1,HOBBIES_1_020,11420,12.68
CA_1,HOBBIES_1_020,11421,12.68
CA_1,HOBBIES_1_020,11422,12.68
CA_1,HOBBIES_1_020,11423,12.68
CA_1,HOBBIES_1_020,11424,12.68
CA_1,HOBBIES_1_020,11425,12.68
CA_1,HOBBIES_1_020,11426,12.68
CA_1,HOBBIES_1_020,11427,12.68
CA_1,HOBBIES_1_020,11428,12.68
CA_1,HOBBIES_1_020,11429,12.68
CA_1,HOBBIES_1_020,11430,12.68
CA_1,HOBBIES_1_020,11431,12.68
CA_1,HOBBIES_1_020,11432,12.68
CA_1,HOBBIES_1_020,11433,12.68
CA_1,HOBBIES_1_020,11434,12.68
CA_1,HOBBIES_1_020,11435,12.68
CA_1,HOBBIES_1_020,11436,12.68
CA_1,HOBBIES_1_020,11437,12.68
CA_1,HOBBIES_1_020,11438,12.68
CA_1,HOBBIES_1_020,11439,12.68
CA_1,HOBBIES_1_020,11440,12.68
CA_1,HOBBIES_1_020,11441,12.68
CA_1,HOBBIES_1_020,11442,12.68
CA_1,HOBBIES_1_020,11443,12.68
CA_1,HOBBIES_1_020,11444,12.68
CA_1,HOBBIES_1_020,11445,12.68
CA_1,HOBBIES_1_020,11446,12.68
CA_1,HOBBIES_1_020,11447,12.68
CA_1,HOBBIES_1_020,11448,12.68
CA_1,HOBBIES_1_020,11449,12.68
CA_1,HOBBIES_1_020,11450,12.68
CA_1,HOBBIES_1_020,11451,12.68
CA_1,HOBBIES_1_020,11452,12.68
CA_1,HOBBIES_1_020,11501,12.68
CA_1,HOBBIES_1_020,11502,12.68
CA_1,HOBBIES_1_020,11503,12.68
CA_1,HOBBIES_1_020,11504,12.68
CA_1,HOBBIES_1_020,11505,12.68
CA_1,HOBBIES_1_020,11506,12.68
CA_1,HOBBIES_1_020,11507,12.68
CA_1,HOBBIES_1_020,11508,12.68
CA_1,HOBBIES_1_020,11509,12.68
CA_1,HOBBIES_1_020,11510,12.68
CA_1,HOBBIES_1_020,11511,12.68
CA_1,HOBBIES_1_020,11512,12.68
CA_1,HOBBIES_1_020,11513,12.68
CA_1,HOBBIES_1_020,11514,12.68
CA_1,HOBBIES_1_020,11515,12.68
CA_1,HOBBIES_1_020,11516,12.68
CA_1,HOBBIES_1_020,11517,12.68
CA_1,HOBBIES_1_020,11518,12.68
CA_1,HOBBIES_1_020,11519,12.68
CA_1,HOBBIES_1_020,11520,12.68
CA_1,HOBBIES_1_020,11521,12.68
CA_1,HOBBIES_1_020,11522,12.68
CA_1,HOBBIES_1_020,11523,12.68
CA_1,HOBBIES_1_020,11524,12.68
CA_1,HOBBIES_1_020,11525,12.68
CA_1,HOBBIES_1_020,11526,12.68
CA_1,HOBBIES_1_020,11527,12.68
CA_1,HOBBIES_1_020,11528,12.68
CA_1,HOBBIES_1_020,11529,12.68
CA_1,HOBBIES_1_020,11530,12.68
CA_1,HOBBIES_1_020,11531,12.68
CA_1,HOBBIES_1_020,11532,12.68
CA_1,HOBBIES_1_020,11533,12.68
CA_1,HOBBIES_1_020,11534,12.68
CA_1,HOBBIES_1_020,11535,12.68
CA_1,HOBBIES_1_020,11536,12.68
CA_1,HOBBIES_1_020,11537,12.68
CA_1,HOBBIES_1_020,11538,12.68
CA_1,HOBBIES_1_020,11539,12.68
CA_1,HOBBIES_1_020,11540,12.68
CA_1,HOBBIES_1_020,11541,12.68
CA_1,HOBBIES_1_020,11542,12.68
CA_1,HOBBIES_1_020,11543,12.68
CA_1,HOBBIES_1_020,11544,12.68
CA_1,HOBBIES_1_020,11545,12.68
CA_1,HOBBIES_1_020,11546,12.68
CA_1,HOBBIES_1_020,11547,12.68
CA_1,HOBBIES_1_020,11548,12.68
CA_1,HOBBIES_1_020,11549,12.68
CA_1,HOBBIES_1_020,11550,12.68
CA_1,HOBBIES_1_020,11551,12.68
CA_1,HOBBIES_1_020,11552,12.68
CA_1,HOBBIES_1_020,11601,12.68
CA_1,HOBBIES_1_020,11602,12.68
CA_1,HOBBIES_1_020,11603,12.68
CA_1,HOBBIES_1_020,11604,12.68
CA_1,HOBBIES_1_020,11605,12.68
CA_1,HOBBIES_1_020,11606,12.68
CA_1,HOBBIES_1_020,11607,12.68
CA_1,HOBBIES_1_020,11608,12.68
CA_1,HOBBIES_1_020,11609,12.68
CA_1,HOBBIES_1_020,11610,12.68
CA_1,HOBBIES_1_020,11611,12.68
CA_1,HOBBIES_1_020,11612,12.68
CA_1,HOBBIES_1_020,11613,12.68
CA_1,HOBBIES_1_020,11614,12.68
CA_1,HOBBIES_1_020,11615,12.68
CA_1,HOBBIES_1_020,11616,12.68
CA_1,HOBBIES_1_020,11617,12.68
CA_1,HOBBIES_1_020,11618,12.68
CA_1,HOBBIES_1_020,11619,12.68
CA_1,HOBBIES_1_020,11620,12.68
CA_1,HOBBIES_1_020,11621,12.68
CA_1,HOBBIES_1_021,11109,11.77
CA_1,HOBBIES_1_021,11110,11.77
CA_1,HOBBIES_1_021,11111,11.77
CA_1,HOBBIES_1_021,11112,11.77
CA_1,HOBBIES_1_021,11113,11.77
CA_1,HOBBIES_1_021,11114,11.97
CA_1,HOBBIES_1_021,11115,11.97
CA_1,HOBBIES_1_021,11116,11.97
CA_1,HOBBIES_1_021,11117,11.97
CA_1,HOBBIES_1_021,11118,11.97
CA_1,HOBBIES_1_021,11119,11.97
CA_1,HOBBIES_1_021,11120,11.97
CA_1,HOBBIES_1_021,11121,11.97
CA_1,HOBBIES_1_021,11122,11.97
CA_1,HOBBIES_1_021,11123,11.97
CA_1,HOBBIES_1_021,11124,11.97
CA_1,HOBBIES_1_021,11125,11.97
CA_1,HOBBIES_1_021,11126,11.97
CA_1,HOBBIES_1_021,11127,11.97
CA_1,HOBBIES_1_021,11128,11.97
CA_1,HOBBIES_1_021,11129,11.97
CA_1,HOBBIES_1_021,11130,11.97
CA_1,HOBBIES_1_021,11131,11.97
CA_1,HOBBIES_1_021,11132,11.97
CA_1,HOBBIES_1_021,11133,11.97
CA_1,HOBBIES_1_021,11134,11.97
CA_1,HOBBIES_1_021,11135,11.97
CA_1,HOBBIES_1_021,11136,11.97
CA_1,HOBBIES_1_021,11137,11.97
CA_1,HOBBIES_1_021,11138,11.97
CA_1,HOBBIES_1_021,11139,11.97
CA_1,HOBBIES_1_021,11140,11.97
CA_1,HOBBIES_1_021,11141,11.97
CA_1,HOBBIES_1_021,11142,11.97
CA_1,HOBBIES_1_021,11143,11.97
CA_1,HOBBIES_1_021,11144,11.97
CA_1,HOBBIES_1_021,11145,11.97
CA_1,HOBBIES_1_021,11146,11.97
CA_1,HOBBIES_1_021,11147,11.97
CA_1,HOBBIES_1_021,11148,11.97
CA_1,HOBBIES_1_021,11149,11.97
CA_1,HOBBIES_1_021,11150,11.97
CA_1,HOBBIES_1_021,11151,11.97
CA_1,HOBBIES_1_021,11152,11.97
CA_1,HOBBIES_1_021,11201,11.97
CA_1,HOBBIES_1_021,11202,11.97
CA_1,HOBBIES_1_021,11203,11.97
CA_1,HOBBIES_1_021,11204,11.97
CA_1,HOBBIES_1_021,11205,11.97
CA_1,HOBBIES_1_021,11206,11.97
CA_1,HOBBIES_1_021,11207,11.97
CA_1,HOBBIES_1_021,11208,11.97
CA_1,HOBBIES_1_021,11209,11.97
CA_1,HOBBIES_1_021,11210,11.97
CA_1,HOBBIES_1_021,11211,11.97
CA_1,HOBBIES_1_021,11212,11.97
CA_1,HOBBIES_1_021,11213,11.47
CA_1,HOBBIES_1_021,11214,11.47
CA_1,HOBBIES_1_021,11215,11.47
CA_1,HOBBIES_1_021,11216,11.47
CA_1,HOBBIES_1_021,11217,11.47
CA_1,HOBBIES_1_021,11218,11.47
CA_1,HOBBIES_1_021,11219,11.47
CA_1,HOBBIES_1_021,11220,11.47
CA_1,HOBBIES_1_021,11221,11.47
CA_1,HOBBIES_1_021,11222,11.47
CA_1,HOBBIES_1_021,11223,11.47
CA_1,HOBBIES_1_021,11224,11.47
CA_1,HOBBIES_1_021,11225,11.47
CA_1,HOBBIES_1_021,11226,11.47
CA_1,HOBBIES_1_021,11227,11.47
CA_1,HOBBIES_1_021,11228,11.47
CA_1,HOBBIES_1_021,11229,11.47
CA_1,HOBBIES_1_021,11230,11.47
CA_1,HOBBIES_1_021,11231,11.47
CA_1,HOBBIES_1_021,11232,11.47
CA_1,HOBBIES_1_021,11233,11.47
CA_1,HOBBIES_1_021,11234,11.47
CA_1,HOBBIES_1_021,11235,11.47
CA_1,HOBBIES_1_021,11236,11.47
CA_1,HOBBIES_1_021,11237,11.47
CA_1,HOBBIES_1_021,11238,11.47
CA_1,HOBBIES_1_021,11239,11.47
CA_1,HOBBIES_1_021,11240,11.47
CA_1,HOBBIES_1_021,11241,11.47
CA_1,HOBBIES_1_021,11242,11.47
CA_1,HOBBIES_1_021,11243,11.47
CA_1,HOBBIES_1_021,11244,11.47
CA_1,HOBBIES_1_021,11245,11.47
CA_1,HOBBIES_1_021,11246,11.47
CA_1,HOBBIES_1_021,11247,11.47
CA_1,HOBBIES_1_021,11248,11.47
CA_1,HOBBIES_1_021,11249,11.47
CA_1,HOBBIES_1_021,11250,11.47
CA_1,HOBBIES_1_021,11251,11.47
CA_1,HOBBIES_1_021,11252,11.47
CA_1,HOBBIES_1_021,11301,11.47
CA_1,HOBBIES_1_021,11302,11.88
CA_1,HOBBIES_1_021,11303,11.88
CA_1,HOBBIES_1_021,11304,11.88
CA_1,HOBBIES_1_021,11305,11.88
CA_1,HOBBIES_1_021,11306,11.88
CA_1,HOBBIES_1_021,11307,11.88
CA_1,HOBBIES_1_021,11308,11.88
CA_1,HOBBIES_1_021,11309,11.88
CA_1,HOBBIES_1_021,11310,11.88
CA_1,HOBBIES_1_021,11311,11.88
CA_1,HOBBIES_1_021,11312,11.88
CA_1,HOBBIES_1_021,11313,11.88
CA_1,HOBBIES_1_021,11314,11.88
CA_1,HOBBIES_1_021,11315,11.88
CA_1,HOBBIES_1_021,11316,11.88
CA_1,HOBBIES_1_021,11317,11.88
CA_1,HOBBIES_1_021,11318,11.88
CA_1,HOBBIES_1_021,11319,11.88
CA_1,HOBBIES_1_021,11320,11.88
CA_1,HOBBIES_1_021,11321,11.88
CA_1,HOBBIES_1_021,11322,11.88
CA_1,HOBBIES_1_021,11323,11.88
CA_1,HOBBIES_1_021,11324,11.88
CA_1,HOBBIES_1_021,11325,11.88
CA_1,HOBBIES_1_021,11326,11.88
CA_1,HOBBIES_1_021,11327,11.88
CA_1,HOBBIES_1_021,11328,11.88
CA_1,HOBBIES_1_021,11329,11.88
CA_1,HOBBIES_1_021,11330,11.88
CA_1,HOBBIES_1_021,11331,11.88
CA_1,HOBBIES_1_021,11332,11.88
CA_1,HOBBIES_1_021,11333,11.88
CA_1,HOBBIES_1_021,11334,11.88
CA_1,HOBBIES_1_021,11335,11.88
CA_1,HOBBIES_1_021,11336,11.88
CA_1,HOBBIES_1_021,11337,11.88
CA_1,HOBBIES_1_021,11338,11.88
CA_1,HOBBIES_1_021,11339,11.88
CA_1,HOBBIES_1_021,11340,11.88
CA_1,HOBBIES_1_021,11341,11.88
CA_1,HOBBIES_1_021,11342,11.88
CA_1,HOBBIES_1_021,11343,11.88
CA_1,HOBBIES_1_021,11344,11.88
CA_1,HOBBIES_1_021,11345,11.88
CA_1,HOBBIES_1_021,11346,11.88
CA_1,HOBBIES_1_021,11347,11.88
CA_1,HOBBIES_1_021,11348,11.88
CA_1,HOBBIES_1_021,11349,11.88
CA_1,HOBBIES_1_021,11350,11.88
CA_1,HOBBIES_1_021,11351,11.88
CA_1,HOBBIES_1_021,11352,11.88
CA_1,HOBBIES_1_021,11353,11.88
CA_1,HOBBIES_1_021,11401,11.88
CA_1,HOBBIES_1_021,11402,11.88
CA_1,HOBBIES_1_021,11403,11.88
CA_1,HOBBIES_1_021,11404,11.88
CA_1,HOBBIES_1_021,11405,11.88
CA_1,HOBBIES_1_021,11406,11.88
CA_1,HOBBIES_1_021,11407,11.88
CA_1,HOBBIES_1_021,11408,11.88
CA_1,HOBBIES_1_021,11409,11.88
CA_1,HOBBIES_1_021,11410,11.88
CA_1,HOBBIES_1_021,11411,11.88
CA_1,HOBBIES_1_021,11412,11.88
CA_1,HOBBIES_1_021,11413,11.88
CA_1,HOBBIES_1_021,11414,11.88
CA_1,HOBBIES_1_021,11415,11.88
CA_1,HOBBIES_1_021,11416,11.88
CA_1,HOBBIES_1_021,11417,11.88
CA_1,HOBBIES_1_021,11418,11.88
CA_1,HOBBIES_1_021,11419,11.88
CA_1,HOBBIES_1_021,11420,11.88
CA_1,HOBBIES_1_021,11421,11.88
CA_1,HOBBIES_1_021,11422,11.88
CA_1,HOBBIES_1_021,11423,11.88
CA_1,HOBBIES_1_021,11424,11.88
CA_1,HOBBIES_1_021,11425,11.88
CA_1,HOBBIES_1_021,11426,11.88
CA_1,HOBBIES_1_021,11427,11.88
CA_1,HOBBIES_1_021,11428,11.88
CA_1,HOBBIES_1_021,11429,11.88
CA_1,HOBBIES_1_021,11430,11.88
CA_1,HOBBIES_1_021,11431,11.88
CA_1,HOBBIES_1_021,11432,11.88
CA_1,HOBBIES_1_021,11433,11.88
CA_1,HOBBIES_1_021,11434,11.88
CA_1,HOBBIES_1_021,11435,11.88
CA_1,HOBBIES_1_021,11436,11.88
CA_1,HOBBIES_1_021,11437,11.88
CA_1,HOBBIES_1_021,11438,11.88
CA_1,HOBBIES_1_021,11439,11.88
CA_1,HOBBIES_1_021,11440,11.88
CA_1,HOBBIES_1_021,11441,11.88
CA_1,HOBBIES_1_021,11442,11.88
CA_1,HOBBIES_1_021,11443,11.88
CA_1,HOBBIES_1_021,11444,11.88
CA_1,HOBBIES_1_021,11445,11.88
CA_1,HOBBIES_1_021,11446,11.88
CA_1,HOBBIES_1_021,11447,11.88
CA_1,HOBBIES_1_021,11448,11.88
CA_1,HOBBIES_1_021,11449,11.88
CA_1,HOBBIES_1_021,11450,11.88
CA_1,HOBBIES_1_021,11451,11.88
CA_1,HOBBIES_1_021,11452,11.88
CA_1,HOBBIES_1_021,11501,11.88
CA_1,HOBBIES_1_021,11502,11.88
CA_1,HOBBIES_1_021,11503,11.88
CA_1,HOBBIES_1_021,11504,11.88
CA_1,HOBBIES_1_021,11505,11.88
CA_1,HOBBIES_1_021,11506,11.88
CA_1,HOBBIES_1_021,11507,11.88
CA_1,HOBBIES_1_021,11508,11.88
CA_1,HOBBIES_1_021,11509,11.88
CA_1,HOBBIES_1_021,11510,11.88
CA_1,HOBBIES_1_021,11511,11.88
CA_1,HOBBIES_1_021,11512,11.88
CA_1,HOBBIES_1_021,11513,11.88
CA_1,HOBBIES_1_021,11514,11.88
CA_1,HOBBIES_1_021,11515,11.88
CA_1,HOBBIES_1_021,11516,11.88
CA_1,HOBBIES_1_021,11517,11.88
CA_1,HOBBIES_1_021,11518,11.88
CA_1,HOBBIES_1_021,11519,11.88
CA_1,HOBBIES_1_021,11520,11.88
CA_1,HOBBIES_1_021,11521,11.88
CA_1,HOBBIES_1_021,11522,11.88
CA_1,HOBBIES_1_021,11523,11.88
CA_1,HOBBIES_1_021,11524,11.88
CA_1,HOBBIES_1_021,11525,11.88
CA_1,HOBBIES_1_021,11526,11.88
CA_1,HOBBIES_1_021,11527,11.88
CA_1,HOBBIES_1_021,11528,11.88
CA_1,HOBBIES_1_021,11529,11.88
CA_1,HOBBIES_1_021,11530,11.88
CA_1,HOBBIES_1_021,11531,11.88
CA_1,HOBBIES_1_021,11532,11.88
CA_1,HOBBIES_1_021,11533,11.88
CA_1,HOBBIES_1_021,11534,11.88
CA_1,HOBBIES_1_021,11535,11.88
CA_1,HOBBIES_1_021,11536,11.88
CA_1,HOBBIES_1_021,11537,11.88
CA_1,HOBBIES_1_021,11538,11.88
CA_1,HOBBIES_1_021,11539,11.88
CA_1,HOBBIES_1_021,11540,11.88
CA_1,HOBBIES_1_021,11541,11.88
CA_1,HOBBIES_1_021,11542,11.88
CA_1,HOBBIES_1_021,11543,11.88
CA_1,HOBBIES_1_021,11544,11.88
CA_1,HOBBIES_1_021,11545,11.88
CA_1,HOBBIES_1_021,11546,11.88
CA_1,HOBBIES_1_021,11547,11.88
CA_1,HOBBIES_1_021,11548,11.88
CA_1,HOBBIES_1_021,11549,11.88
CA_1,HOBBIES_1_021,11550,11.88
CA_1,HOBBIES_1_021,11551,11.88
CA_1,HOBBIES_1_021,11552,11.88
CA_1,HOBBIES_1_021,11601,11.88
CA_1,HOBBIES_1_021,11602,11.88
CA_1,HOBBIES_1_021,11603,11.88
CA_1,HOBBIES_1_021,11604,11.88
CA_1,HOBBIES_1_021,11605,11.88
CA_1,HOBBIES_1_021,11606,11.88
CA_1,HOBBIES_1_021,11607,11.88
CA_1,HOBBIES_1_021,11608,11.88
CA_1,HOBBIES_1_021,11609,11.88
CA_1,HOBBIES_1_021,11610,11.88
CA_1,HOBBIES_1_021,11611,11.88
CA_1,HOBBIES_1_021,11612,11.88
CA_1,HOBBIES_1_021,11613,11.88
CA_1,HOBBIES_1_021,11614,11.88
CA_1,HOBBIES_1_021,11615,11.88
CA_1,HOBBIES_1_021,11616,11.88
CA_1,HOBBIES_1_021,11617,11.88
CA_1,HOBBIES_1_021,11618,11.88
CA_1,HOBBIES_1_021,11619,11.88
CA_1,HOBBIES_1_021,11620,11.88
CA_1,HOBBIES_1_021,11621,11.88
CA_1,HOBBIES_1_022,11101,6.86
CA_1,HOBBIES_1_022,11102,6.86
CA_1,HOBBIES_1_022,11103,6.86
CA_1,HOBBIES_1_022,11104,6.86
CA_1,HOBBIES_1_022,11105,6.86
CA_1,HOBBIES_1_022,11106,6.86
CA_1,HOBBIES_1_022,11107,6.98
CA_1,HOBBIES_1_022,11108,6.98
CA_1,HOBBIES_1_022,11109,6.98
CA_1,HOBBIES_1_022,11110,6.98
CA_1,HOBBIES_1_022,11111,6.98
CA_1,HOBBIES_1_022,11112,6.98
CA_1,HOBBIES_1_022,11113,6.98
CA_1,HOBBIES_1_022,11114,6.98
CA_1,HOBBIES_1_022,11115,6.98
CA_1,HOBBIES_1_022,11116,6.98
CA_1,HOBBIES_1_022,11117,6.98
CA_1,HOBBIES_1_022,11118,6.98
CA_1,HOBBIES_1_022,11119,6.98
CA_1,HOBBIES_1_022,11120,6.98
CA_1,HOBBIES_1_022,11121,6.98
CA_1,HOBBIES_1_022,11122,6.98
CA_1,HOBBIES_1_022,11123,6.98
CA_1,HOBBIES_1_022,11124,6.98
CA_1,HOBBIES_1_022,11125,6.98
CA_1,HOBBIES_1_022,11126,6.98
CA_1,HOBBIES_1_022,11127,6.98
CA_1,HOBBIES_1_022,11128,6.98
CA_1,HOBBIES_1_022,11129,6.98
CA_1,HOBBIES_1_022,11130,6.98
CA_1,HOBBIES_1_022,11131,6.98
CA_1,HOBBIES_1_022,11132,6.98
CA_1,HOBBIES_1_022,11133,6.98
CA_1,HOBBIES_1_022,11134,6.98
CA_1,HOBBIES_1_022,11135,6.98
CA_1,HOBBIES_1_022,11136,6.98
CA_1,HOBBIES_1_022,11137,6.98
CA_1,HOBBIES_1_022,11138,6.98
CA_1,HOBBIES_1_022,11139,6.98
CA_1,HOBBIES_1_022,11140,6.98
CA_1,HOBBIES_1_022,11141,6.98
CA_1,HOBBIES_1_022,11142,6.98
CA_1,HOBBIES_1_022,11143,6.98
CA_1,HOBBIES_1_022,11144,6.98
CA_1,HOBBIES_1_022,11145,6.98
CA_1,HOBBIES_1_022,11146,6.98
CA_1,HOBBIES_1_022,11147,6.98
CA_1,HOBBIES_1_022,11148,6.98
CA_1,HOBBIES_1_022,11149,6.98
CA_1,HOBBIES_1_022,11150,7.18
CA_1,HOBBIES_1_022,11151,7.18
CA_1,HOBBIES_1_022,11152,7.18
CA_1,HOBBIES_1_022,11201,7.18
CA_1,HOBBIES_1_022,11202,7.18
CA_1,HOBBIES_1_022,11203,7.18
CA_1,HOBBIES_1_022,11204,7.18
CA_1,HOBBIES_1_022,11205,7.18
CA_1,HOBBIES_1_022,11206,7.18
CA_1,HOBBIES_1_022,11207,7.18
CA_1,HOBBIES_1_022,11208,7.18
CA_1,HOBBIES_1_022,11209,7.18
CA_1,HOBBIES_1_022,11210,7.18
CA_1,HOBBIES_1_022,11211,7.18
CA_1,HOBBIES_1_022,11212,7.18
CA_1,HOBBIES_1_022,11213,7.18
CA_1,HOBBIES_1_022,11214,7.18
CA_1,HOBBIES_1_022,11215,7.18
CA_1,HOBBIES_1_022,11216,7.18
CA_1,HOBBIES_1_022,11217,7.18
CA_1,HOBBIES_1_022,11218,7.18
CA_1,HOBBIES_1_022,11219,7.18
CA_1,HOBBIES_1_022,11220,7.18
CA_1,HOBBIES_1_022,11221,7.18
CA_1,HOBBIES_1_022,11222,7.18
CA_1,HOBBIES_1_022,11223,7.18
CA_1,HOBBIES_1_022,11224,7.18
CA_1,HOBBIES_1_022,11225,7.18
CA_1,HOBBIES_1_022,11226,7.18
CA_1,HOBBIES_1_022,11227,7.18
CA_1,HOBBIES_1_022,11228,7.18
CA_1,HOBBIES_1_022,11229,7.18
CA_1,HOBBIES_1_022,11230,7.18
CA_1,HOBBIES_1_022,11231,7.18
CA_1,HOBBIES_1_022,11232,7.18
CA_1,HOBBIES_1_022,11233,7.18
CA_1,HOBBIES_1_022,11234,7.18
CA_1,HOBBIES_1_022,11235,7.18
CA_1,HOBBIES_1_022,11236,7.18
CA_1,HOBBIES_1_022,11237,7.18
CA_1,HOBBIES_1_022,11238,7.18
CA_1,HOBBIES_1_022,11239,7.18
CA_1,HOBBIES_1_022,11240,7.18
CA_1,HOBBIES_1_022,11241,7.18
CA_1,HOBBIES_1_022,11242,7.18
CA_1,HOBBIES_1_022,11243,7.18
CA_1,HOBBIES_1_022,11244,7.18
CA_1,HOBBIES_1_022,11245,7.18
CA_1,HOBBIES_1_022,11246,7.18
CA_1,HOBBIES_1_022,11247,7.18
CA_1,HOBBIES_1_022,11248,7.18
CA_1,HOBBIES_1_022,11249,7.18
CA_1,HOBBIES_1_022,11250,7.18
CA_1,HOBBIES_1_022,11251,7.18
CA_1,HOBBIES_1_022,11252,7.18
CA_1,HOBBIES_1_022,11301,7.18
CA_1,HOBBIES_1_022,11302,7.18
CA_1,HOBBIES_1_022,11303,7.18
CA_1,HOBBIES_1_022,11304,7.18
CA_1,HOBBIES_1_022,11305,7.18
CA_1,HOBBIES_1_022,11306,7.18
CA_1,HOBBIES_1_022,11307,7.18
CA_1,HOBBIES_1_022,11308,7.18
CA_1,HOBBIES_1_022,11309,7.18
CA_1,HOBBIES_1_022,11310,7.18
CA_1,HOBBIES_1_022,11311,7.18
CA_1,HOBBIES_1_022,11312,7.18
CA_1,HOBBIES_1_022,11313,7.18
CA_1,HOBBIES_1_022,11314,7.18
CA_1,HOBBIES_1_022,11315,7.18
CA_1,HOBBIES_1_022,11316,7.18
CA_1,HOBBIES_1_022,11317,7.18
CA_1,HOBBIES_1_022,11318,7.18
CA_1,HOBBIES_1_022,11319,7.18
CA_1,HOBBIES_1_022,11320,7.18
CA_1,HOBBIES_1_022,11321,7.18
CA_1,HOBBIES_1_022,11322,7.18
CA_1,HOBBIES_1_022,11323,7.18
CA_1,HOBBIES_1_022,11324,7.18
CA_1,HOBBIES_1_022,11325,7.18
CA_1,HOBBIES_1_022,11326,7.18
CA_1,HOBBIES_1_022,11327,7.18
CA_1,HOBBIES_1_022,11328,7.18
CA_1,HOBBIES_1_022,11329,7.18
CA_1,HOBBIES_1_022,11330,7.18
CA_1,HOBBIES_1_022,11331,7.18
CA_1,HOBBIES_1_022,11332,7.18
CA_1,HOBBIES_1_022,11333,7.18
CA_1,HOBBIES_1_022,11334,7.18
CA_1,HOBBIES_1_022,11335,7.18
CA_1,HOBBIES_1_022,11336,7.18
CA_1,HOBBIES_1_022,11337,7.18
CA_1,HOBBIES_1_022,11338,7.18
CA_1,HOBBIES_1_022,11339,7.18
CA_1,HOBBIES_1_022,11340,7.18
CA_1,HOBBIES_1_022,11341,7.18
CA_1,HOBBIES_1_022,11342,7.18
CA_1,HOBBIES_1_022,11343,7.18
CA_1,HOBBIES_1_022,11344,7.18
CA_1,HOBBIES_1_022,11345,7.18
CA_1,HOBBIES_1_022,11346,7.18
CA_1,HOBBIES_1_022,11347,7.18
CA_1,HOBBIES_1_022,11348,7.18
CA_1,HOBBIES_1_022,11349,7.18
CA_1,HOBBIES_1_022,11350,7.18
CA_1,HOBBIES_1_022,11351,7.18
CA_1,HOBBIES_1_022,11352,7.18
CA_1,HOBBIES_1_022,11353,7.18
CA_1,HOBBIES_1_022,11401,7.18
CA_1,HOBBIES_1_022,11402,7.18
CA_1,HOBBIES_1_022,11403,7.18
CA_1,HOBBIES_1_022,11404,7.18
CA_1,HOBBIES_1_022,11405,7.18
CA_1,HOBBIES_1_022,11406,7.18
CA_1,HOBBIES_1_022,11407,7.18
CA_1,HOBBIES_1_022,11408,7.18
CA_1,HOBBIES_1_022,11409,7.18
CA_1,HOBBIES_1_022,11410,7.18
CA_1,HOBBIES_1_022,11411,7.18
CA_1,HOBBIES_1_022,11412,7.18
CA_1,HOBBIES_1_022,11413,7.18
CA_1,HOBBIES_1_022,11414,7.18
CA_1,HOBBIES_1_022,11415,7.18
CA_1,HOBBIES_1_022,11416,7.18
CA_1,HOBBIES_1_022,11417,7.18
CA_1,HOBBIES_1_022,11418,7.18
CA_1,HOBBIES_1_022,11419,7.18
CA_1,HOBBIES_1_022,11420,7.18
CA_1,HOBBIES_1_022,11421,7.18
CA_1,HOBBIES_1_022,11422,7.18
CA_1,HOBBIES_1_022,11423,7.18
CA_1,HOBBIES_1_022,11424,7.18
CA_1,HOBBIES_1_022,11425,7.18
CA_1,HOBBIES_1_022,11426,7.18
CA_1,HOBBIES_1_022,11427,7.18
CA_1,HOBBIES_1_022,11428,7.18
CA_1,HOBBIES_1_022,11429,7.18
CA_1,HOBBIES_1_022,11430,7.18
CA_1,HOBBIES_1_022,11431,7.18
CA_1,HOBBIES_1_022,11432,7.18
CA_1,HOBBIES_1_022,11433,7.18
CA_1,HOBBIES_1_022,11434,7.18
CA_1,HOBBIES_1_022,11435,7.18
CA_1,HOBBIES_1_022,11436,7.18
CA_1,HOBBIES_1_022,11437,7.18
CA_1,HOBBIES_1_022,11438,7.18
CA_1,HOBBIES_1_022,11439,7.18
CA_1,HOBBIES_1_022,11440,7.18
CA_1,HOBBIES_1_022,11441,7.18
CA_1,HOBBIES_1_022,11442,7.18
CA_1,HOBBIES_1_022,11443,7.18
CA_1,HOBBIES_1_022,11444,7.18
CA_1,HOBBIES_1_022,11445,7.18
CA_1,HOBBIES_1_022,11446,7.18
CA_1,HOBBIES_1_022,11447,7.18
CA_1,HOBBIES_1_022,11448,7.18
CA_1,HOBBIES_1_022,11449,7.18
CA_1,HOBBIES_1_022,11450,7.18
CA_1,HOBBIES_1_022,11451,7.18
CA_1,HOBBIES_1_022,11452,7.18
CA_1,HOBBIES_1_022,11501,7.18
CA_1,HOBBIES_1_022,11502,7.18
CA_1,HOBBIES_1_022,11503,7.18
CA_1,HOBBIES_1_022,11504,7.18
CA_1,HOBBIES_1_022,11505,7.18
CA_1,HOBBIES_1_022,11506,7.18
CA_1,HOBBIES_1_022,11507,7.18
CA_1,HOBBIES_1_022,11508,7.18
CA_1,HOBBIES_1_022,11509,7.18
CA_1,HOBBIES_1_022,11510,7.18
CA_1,HOBBIES_1_022,11511,7.18
CA_1,HOBBIES_1_022,11512,7.18
CA_1,HOBBIES_1_022,11513,7.18
CA_1,HOBBIES_1_022,11514,7.18
CA_1,HOBBIES_1_022,11515,7.18
CA_1,HOBBIES_1_022,11516,7.18
CA_1,HOBBIES_1_022,11517,7.18
CA_1,HOBBIES_1_022,11518,7.18
CA_1,HOBBIES_1_022,11519,7.18
CA_1,HOBBIES_1_022,11520,7.18
CA_1,HOBBIES_1_022,11521,7.18
CA_1,HOBBIES_1_022,11522,7.18
CA_1,HOBBIES_1_022,11523,7.18
CA_1,HOBBIES_1_022,11524,7.18
CA_1,HOBBIES_1_022,11525,7.18
CA_1,HOBBIES_1_022,11526,7.18
CA_1,HOBBIES_1_022,11527,7.18
CA_1,HOBBIES_1_022,11528,7.18
CA_1,HOBBIES_1_022,11529,7.18
CA_1,HOBBIES_1_022,11530,7.18
CA_1,HOBBIES_1_022,11531,7.18
CA_1,HOBBIES_1_022,11532,7.18
CA_1,HOBBIES_1_022,11533,7.18
CA_1,HOBBIES_1_022,11534,7.18
CA_1,HOBBIES_1_022,11535,7.18
CA_1,HOBBIES_1_022,11536,7.18
CA_1,HOBBIES_1_022,11537,7.18
CA_1,HOBBIES_1_022,11538,7.18
CA_1,HOBBIES_1_022,11539,7.18
CA_1,HOBBIES_1_022,11540,7.18
CA_1,HOBBIES_1_022,11541,7.18
CA_1,HOBBIES_1_022,11542,7.18
CA_1,HOBBIES_1_022,11543,7.18
CA_1,HOBBIES_1_022,11544,7.18
CA_1,HOBBIES_1_022,11545,7.18
CA_1,HOBBIES_1_022,11546,7.18
CA_1,HOBBIES_1_022,11547,7.18
CA_1,HOBBIES_1_022,11548,7.18
CA_1,HOBBIES_1_022,11549,7.18
CA_1,HOBBIES_1_022,11550,7.18
CA_1,HOBBIES_1_022,11551,7.18
CA_1,HOBBIES_1_022,11552,7.18
CA_1,HOBBIES_1_022,11601,7.18
CA_1,HOBBIES_1_022,11602,7.18
CA_1,HOBBIES_1_022,11603,7.18
CA_1,HOBBIES_1_022,11604,7.18
CA_1,HOBBIES_1_022,11605,7.18
CA_1,HOBBIES_1_022,11606,7.18
CA_1,HOBBIES_1_022,11607,7.18
CA_1,HOBBIES_1_022,11608,7.18
CA_1,HOBBIES_1_022,11609,7.18
CA_1,HOBBIES_1_022,11610,7.18
CA_1,HOBBIES_1_022,11611,7.18
CA_1,HOBBIES_1_022,11612,7.18
CA_1,HOBBIES_1_022,11613,7.18
CA_1,HOBBIES_1_022,11614,7.18
CA_1,HOBBIES_1_022,11615,7.18
CA_1,HOBBIES_1_022,11616,7.18
CA_1,HOBBIES_1_022,11617,7.18
CA_1,HOBBIES_1_022,11618,7.18
CA_1,HOBBIES_1_022,11619,7.18
CA_1,HOBBIES_1_022,11620,7.18
CA_1,HOBBIES_1_022,11621,7.18
CA_1,HOBBIES_1_023,11101,3.44
CA_1,HOBBIES_1_023,11102,3.44
CA_1,HOBBIES_1_023,11103,3.44
CA_1,HOBBIES_1_023,11104,3.44
CA_1,HOBBIES_1_023,11105,3.44
CA_1,HOBBIES_1_023,11106,3.44
CA_1,HOBBIES_1_023,11107,3.44
CA_1,HOBBIES_1_023,11108,3.44
CA_1,HOBBIES_1_023,11109,3.44
CA_1,HOBBIES_1_023,11110,3.44
CA_1,HOBBIES_1_023,11111,3.44
CA_1,HOBBIES_1_023,11112,3.44
CA_1,HOBBIES_1_023,11113,3.44
CA_1,HOBBIES_1_023,11114,3.44
CA_1,HOBBIES_1_023,11115,3.44
CA_1,HOBBIES_1_023,11116,3.44
CA_1,HOBBIES_1_023,11117,3.44
CA_1,HOBBIES_1_023,11118,3.44
CA_1,HOBBIES_1_023,11119,3.44
CA_1,HOBBIES_1_023,11120,3.44
CA_1,HOBBIES_1_023,11121,3.44
CA_1,HOBBIES_1_023,11122,3.44
CA_1,HOBBIES_1_023,11123,3.44
CA_1,HOBBIES_1_023,11124,3.44
CA_1,HOBBIES_1_023,11125,3.44
CA_1,HOBBIES_1_023,11126,3.44
CA_1,HOBBIES_1_023,11127,3.44
CA_1,HOBBIES_1_023,11128,3.44
CA_1,HOBBIES_1_023,11129,3.44
CA_1,HOBBIES_1_023,11130,3.44
CA_1,HOBBIES_1_023,11131,3.44
CA_1,HOBBIES_1_023,11132,3.44
CA_1,HOBBIES_1_023,11133,3.44
CA_1,HOBBIES_1_023,11134,3.44
CA_1,HOBBIES_1_023,11135,3.44
CA_1,HOBBIES_1_023,11136,3.44
CA_1,HOBBIES_1_023,11137,3.44
CA_1,HOBBIES_1_023,11138,3.44
CA_1,HOBBIES_1_023,11139,3.44
CA_1,HOBBIES_1_023,11140,3.44
CA_1,HOBBIES_1_023,11141,3.44
CA_1,HOBBIES_1_023,11142,3.44
CA_1,HOBBIES_1_023,11143,3.44
CA_1,HOBBIES_1_023,11144,3.44
CA_1,HOBBIES_1_023,11145,3.44
CA_1,HOBBIES_1_023,11146,3.44
CA_1,HOBBIES_1_023,11147,3.44
CA_1,HOBBIES_1_023,11148,3.44
CA_1,HOBBIES_1_023,11149,3.44
CA_1,HOBBIES_1_023,11150,3.44
CA_1,HOBBIES_1_023,11151,3.44
CA_1,HOBBIES_1_023,11152,3.44
CA_1,HOBBIES_1_023,11201,3.44
CA_1,HOBBIES_1_023,11202,3.44
CA_1,HOBBIES_1_023,11203,3.44
CA_1,HOBBIES_1_023,11204,3.44
CA_1,HOBBIES_1_023,11205,3.44
CA_1,HOBBIES_1_023,11206,3.44
CA_1,HOBBIES_1_023,11207,3.44
CA_1,HOBBIES_1_023,11208,3.44
CA_1,HOBBIES_1_023,11209,3.44
CA_1,HOBBIES_1_023,11210,3.44
CA_1,HOBBIES_1_023,11211,3.44
CA_1,HOBBIES_1_023,11212,3.44
CA_1,HOBBIES_1_023,11213,3.44
CA_1,HOBBIES_1_023,11214,3.44
CA_1,HOBBIES_1_023,11215,3.44
CA_1,HOBBIES_1_023,11216,3.44
CA_1,HOBBIES_1_023,11217,3.44
CA_1,HOBBIES_1_023,11218,3.44
CA_1,HOBBIES_1_023,11219,3.44
CA_1,HOBBIES_1_023,11220,3.44
CA_1,HOBBIES_1_023,11221,3.44
CA_1,HOBBIES_1_023,11222,3.44
CA_1,HOBBIES_1_023,11223,3.44
CA_1,HOBBIES_1_023,11224,3.44
CA_1,HOBBIES_1_023,11225,3.44
CA_1,HOBBIES_1_023,11226,3.44
CA_1,HOBBIES_1_023,11227,3.44
CA_1,HOBBIES_1_023,11228,3.44
CA_1,HOBBIES_1_023,11229,3.44
CA_1,HOBBIES_1_023,11230,3.44
CA_1,HOBBIES_1_023,11231,3.44
CA_1,HOBBIES_1_023,11232,3.44
CA_1,HOBBIES_1_023,11233,3.44
CA_1,HOBBIES_1_023,11234,3.44
CA_1,HOBBIES_1_023,11235,3.44
CA_1,HOBBIES_1_023,11236,3.44
CA_1,HOBBIES_1_023,11237,3.44
CA_1,HOBBIES_1_023,11238,3.44
CA_1,HOBBIES_1_023,11239,3.44
CA_1,HOBBIES_1_023,11240,3.44
CA_1,HOBBIES_1_023,11241,3.44
CA_1,HOBBIES_1_023,11242,3.44
CA_1,HOBBIES_1_023,11243,3.44
CA_1,HOBBIES_1_023,11244,3.44
CA_1,HOBBIES_1_023,11245,3.44
CA_1,HOBBIES_1_023,11246,3.44
CA_1,HOBBIES_1_023,11247,3.44
CA_1,HOBBIES_1_023,11248,3.44
CA_1,HOBBIES_1_023,11249,3.44
CA_1,HOBBIES_1_023,11250,3.44
CA_1,HOBBIES_1_023,11251,3.44
CA_1,HOBBIES_1_023,11252,3.44
CA_1,HOBBIES_1_023,11301,3.44
CA_1,HOBBIES_1_023,11302,3.44
CA_1,HOBBIES_1_023,11303,3.44
CA_1,HOBBIES_1_023,11304,3.44
CA_1,HOBBIES_1_023,11305,3.44
CA_1,HOBBIES_1_023,11306,3.44
CA_1,HOBBIES_1_023,11307,3.44
CA_1,HOBBIES_1_023,11308,3.44
CA_1,HOBBIES_1_023,11309,3.44
CA_1,HOBBIES_1_023,11310,3.44
CA_1,HOBBIES_1_023,11311,3.44
CA_1,HOBBIES_1_023,11312,3.44
CA_1,HOBBIES_1_023,11313,3.44
CA_1,HOBBIES_1_023,11314,3.44
CA_1,HOBBIES_1_023,11315,3.44
CA_1,HOBBIES_1_023,11316,3.44
CA_1,HOBBIES_1_023,11317,3.44
CA_1,HOBBIES_1_023,11318,3.44
CA_1,HOBBIES_1_023,11319,3.44
CA_1,HOBBIES_1_023,11320,3.44
CA_1,HOBBIES_1_023,11321,3.44
CA_1,HOBBIES_1_023,11322,3.44
CA_1,HOBBIES_1_023,11323,3.44
CA_1,HOBBIES_1_023,11324,3.44
CA_1,HOBBIES_1_023,11325,3.44
CA_1,HOBBIES_1_023,11326,3.44
CA_1,HOBBIES_1_023,11327,3.44
CA_1,HOBBIES_1_023,11328,3.44
CA_1,HOBBIES_1_023,11329,3.44
CA_1,HOBBIES_1_023,11330,3.44
CA_1,HOBBIES_1_023,11331,3.44
CA_1,HOBBIES_1_023,11332,3.44
CA_1,HOBBIES_1_023,11333,3.44
CA_1,HOBBIES_1_023,11334,3.44
CA_1,HOBBIES_1_023,11335,3.44
CA_1,HOBBIES_1_023,11336,3.44
CA_1,HOBBIES_1_023,11337,3.44
CA_1,HOBBIES_1_023,11338,3.44
CA_1,HOBBIES_1_023,11339,3.44
CA_1,HOBBIES_1_023,11340,3.44
CA_1,HOBBIES_1_023,11341,3.44
CA_1,HOBBIES_1_023,11342,3.44
CA_1,HOBBIES_1_023,11343,3.44
CA_1,HOBBIES_1_023,11344,3.44
CA_1,HOBBIES_1_023,11345,3.44
CA_1,HOBBIES_1_023,11346,3.44
CA_1,HOBBIES_1_023,11347,3.44
CA_1,HOBBIES_1_023,11348,3.44
CA_1,HOBBIES_1_023,11349,3.44
CA_1,HOBBIES_1_023,11350,3.44
CA_1,HOBBIES_1_023,11351,3.44
CA_1,HOBBIES_1_023,11352,3.44
CA_1,HOBBIES_1_023,11353,3.44
CA_1,HOBBIES_1_023,11401,3.44
CA_1,HOBBIES_1_023,11402,3.44
CA_1,HOBBIES_1_023,11403,3.44
CA_1,HOBBIES_1_023,11404,3.44
CA_1,HOBBIES_1_023,11405,3.44
CA_1,HOBBIES_1_023,11406,3.44
CA_1,HOBBIES_1_023,11407,3.44
CA_1,HOBBIES_1_023,11408,3.44
CA_1,HOBBIES_1_023,11409,3.44
CA_1,HOBBIES_1_023,11410,3.44
CA_1,HOBBIES_1_023,11411,3.44
CA_1,HOBBIES_1_023,11412,3.44
CA_1,HOBBIES_1_023,11413,3.44
CA_1,HOBBIES_1_023,11414,3.44
CA_1,HOBBIES_1_023,11415,3.44
CA_1,HOBBIES_1_023,11416,3.44
CA_1,HOBBIES_1_023,11417,3.44
CA_1,HOBBIES_1_023,11418,3.44
CA_1,HOBBIES_1_023,11419,3.44
CA_1,HOBBIES_1_023,11420,3.44
CA_1,HOBBIES_1_023,11421,3.44
CA_1,HOBBIES_1_023,11422,3.44
CA_1,HOBBIES_1_023,11423,3.44
CA_1,HOBBIES_1_023,11424,3.44
CA_1,HOBBIES_1_023,11425,3.44
CA_1,HOBBIES_1_023,11426,3.44
CA_1,HOBBIES_1_023,11427,3.44
CA_1,HOBBIES_1_023,11428,3.44
CA_1,HOBBIES_1_023,11429,3.44
CA_1,HOBBIES_1_023,11430,3.44
CA_1,HOBBIES_1_023,11431,3.44
CA_1,HOBBIES_1_023,11432,3.44
CA_1,HOBBIES_1_023,11433,3.44
CA_1,HOBBIES_1_023,11434,3.44
CA_1,HOBBIES_1_023,11435,3.44
CA_1,HOBBIES_1_023,11436,3.44
CA_1,HOBBIES_1_023,11437,3.44
CA_1,HOBBIES_1_023,11438,3.44
CA_1,HOBBIES_1_023,11439,3.44
CA_1,HOBBIES_1_023,11440,3.44
CA_1,HOBBIES_1_023,11441,3.44
CA_1,HOBBIES_1_023,11442,3.44
CA_1,HOBBIES_1_023,11443,3.44
CA_1,HOBBIES_1_023,11444,3.44
CA_1,HOBBIES_1_023,11445,3.44
CA_1,HOBBIES_1_023,11446,3.44
CA_1,HOBBIES_1_023,11447,3.44
CA_1,HOBBIES_1_023,11448,3.44
CA_1,HOBBIES_1_023,11449,3.44
CA_1,HOBBIES_1_023,11450,3.44
CA_1,HOBBIES_1_023,11451,3.44
CA_1,HOBBIES_1_023,11452,3.44
CA_1,HOBBIES_1_023,11501,3.44
CA_1,HOBBIES_1_023,11502,3.44
CA_1,HOBBIES_1_023,11503,3.44
CA_1,HOBBIES_1_023,11504,3.44
CA_1,HOBBIES_1_023,11505,3.44
CA_1,HOBBIES_1_023,11506,3.44
CA_1,HOBBIES_1_023,11507,3.44
CA_1,HOBBIES_1_023,11508,3.44
CA_1,HOBBIES_1_023,11509,3.44
CA_1,HOBBIES_1_023,11510,3.44
CA_1,HOBBIES_1_023,11511,3.44
CA_1,HOBBIES_1_023,11512,3.44
CA_1,HOBBIES_1_023,11513,3.44
CA_1,HOBBIES_1_023,11514,3.44
CA_1,HOBBIES_1_023,11515,3.44
CA_1,HOBBIES_1_023,11516,3.44
CA_1,HOBBIES_1_023,11517,3.44
CA_1,HOBBIES_1_023,11518,3.44
CA_1,HOBBIES_1_023,11519,3.44
CA_1,HOBBIES_1_023,11520,3.44
CA_1,HOBBIES_1_023,11521,3.44
CA_1,HOBBIES_1_023,11522,3.44
CA_1,HOBBIES_1_023,11523,3.44
CA_1,HOBBIES_1_023,11524,3.44
CA_1,HOBBIES_1_023,11525,3.44
CA_1,HOBBIES_1_023,11526,3.44
CA_1,HOBBIES_1_023,11527,3.44
CA_1,HOBBIES_1_023,11528,3.44
CA_1,HOBBIES_1_023,11529,3.44
CA_1,HOBBIES_1_023,11530,3.44
CA_1,HOBBIES_1_023,11531,3.44
CA_1,HOBBIES_1_023,11532,3.44
CA_1,HOBBIES_1_023,11533,3.44
CA_1,HOBBIES_1_023,11534,3.44
CA_1,HOBBIES_1_023,11535,3.44
CA_1,HOBBIES_1_023,11536,3.44
CA_1,HOBBIES_1_023,11537,3.44
CA_1,HOBBIES_1_023,11538,3.44
CA_1,HOBBIES_1_023,11539,3.44
CA_1,HOBBIES_1_023,11540,3.44
CA_1,HOBBIES_1_023,11541,3.44
CA_1,HOBBIES_1_023,11542,3.44
CA_1,HOBBIES_1_023,11543,3.44
CA_1,HOBBIES_1_023,11544,3.44
CA_1,HOBBIES_1_023,11545,3.44
CA_1,HOBBIES_1_023,11546,3.44
CA_1,HOBBIES_1_023,11547,3.44
CA_1,HOBBIES_1_023,11548,3.44
CA_1,HOBBIES_1_023,11549,3.44
CA_1,HOBBIES_1_023,11550,3.44
CA_1,HOBBIES_1_023,11551,3.44
CA_1,HOBBIES_1_023,11552,2.97
CA_1,HOBBIES_1_023,11601,2.97
CA_1,HOBBIES_1_023,11602,2.97
CA_1,HOBBIES_1_023,11603,2.97
CA_1,HOBBIES_1_023,11604,2.97
CA_1,HOBBIES_1_023,11605,2.97
CA_1,HOBBIES_1_023,11606,2.97
CA_1,HOBBIES_1_023,11607,2.97
CA_1,HOBBIES_1_023,11608,2.97
CA_1,HOBBIES_1_023,11609,2.97
CA_1,HOBBIES_1_023,11610,2.97
CA_1,HOBBIES_1_023,11611,2.97
CA_1,HOBBIES_1_023,11612,2.97
CA_1,HOBBIES_1_023,11613,2.97
CA_1,HOBBIES_1_023,11614,2.97
CA_1,HOBBIES_1_023,11615,2.97
CA_1,HOBBIES_1_023,11616,2.97
CA_1,HOBBIES_1_023,11617,2.97
CA_1,HOBBIES_1_023,11618,2.97
CA_1,HOBBIES_1_023,11619,2.97
CA_1,HOBBIES_1_023,11620,2.97
CA_1,HOBBIES_1_023,11621,2.97
CA_1,HOBBIES_1_024,11222,8.98
CA_1,HOBBIES_1_024,11223,8.98
CA_1,HOBBIES_1_024,11224,8.98
CA_1,HOBBIES_1_024,11225,8.98
CA_1,HOBBIES_1_024,11226,8.98
CA_1,HOBBIES_1_024,11227,8.98
CA_1,HOBBIES_1_024,11228,8.98
CA_1,HOBBIES_1_024,11229,8.98
CA_1,HOBBIES_1_024,11230,8.98
CA_1,HOBBIES_1_024,11231,8.98
CA_1,HOBBIES_1_024,11232,8.98
CA_1,HOBBIES_1_024,11233,8.98
CA_1,HOBBIES_1_024,11234,8.98
CA_1,HOBBIES_1_024,11235,8.98
CA_1,HOBBIES_1_024,11236,8.98
CA_1,HOBBIES_1_024,11237,8.98
CA_1,HOBBIES_1_024,11238,8.98
CA_1,HOBBIES_1_024,11239,8.98
CA_1,HOBBIES_1_024,11240,8.98
CA_1,HOBBIES_1_024,11241,8.98
CA_1,HOBBIES_1_024,11242,8.98
CA_1,HOBBIES_1_024,11243,8.98
CA_1,HOBBIES_1_024,11244,8.98
CA_1,HOBBIES_1_024,11245,8.98
CA_1,HOBBIES_1_024,11246,8.98
CA_1,HOBBIES_1_024,11247,8.98
CA_1,HOBBIES_1_024,11248,8.98
CA_1,HOBBIES_1_024,11249,8.98
CA_1,HOBBIES_1_024,11250,8.98
CA_1,HOBBIES_1_024,11251,8.98
CA_1,HOBBIES_1_024,11252,8.98
CA_1,HOBBIES_1_024,11301,8.98
CA_1,HOBBIES_1_024,11302,8.98
CA_1,HOBBIES_1_024,11303,8.98
CA_1,HOBBIES_1_024,11304,8.98
CA_1,HOBBIES_1_024,11305,8.98
CA_1,HOBBIES_1_024,11306,8.98
CA_1,HOBBIES_1_024,11307,8.98
CA_1,HOBBIES_1_024,11308,8.98
CA_1,HOBBIES_1_024,11309,8.98
CA_1,HOBBIES_1_024,11310,8.98
CA_1,HOBBIES_1_024,11311,8.98
CA_1,HOBBIES_1_024,11312,8.98
CA_1,HOBBIES_1_024,11313,8.98
CA_1,HOBBIES_1_024,11314,8.98
CA_1,HOBBIES_1_024,11315,8.98
CA_1,HOBBIES_1_024,11316,8.98
CA_1,HOBBIES_1_024,11317,8.98
CA_1,HOBBIES_1_024,11318,8.98
CA_1,HOBBIES_1_024,11319,8.98
CA_1,HOBBIES_1_024,11320,8.98
CA_1,HOBBIES_1_024,11321,8.98
CA_1,HOBBIES_1_024,11322,8.98
CA_1,HOBBIES_1_024,11323,8.98
CA_1,HOBBIES_1_024,11324,8.98
CA_1,HOBBIES_1_024,11325,8.98
CA_1,HOBBIES_1_024,11326,8.98
CA_1,HOBBIES_1_024,11327,8.98
CA_1,HOBBIES_1_024,11328,8.98
CA_1,HOBBIES_1_024,11329,8.98
CA_1,HOBBIES_1_024,11330,8.98
CA_1,HOBBIES_1_024,11331,8.98
CA_1,HOBBIES_1_024,11332,8.98
CA_1,HOBBIES_1_024,11333,8.98
CA_1,HOBBIES_1_024,11334,8.98
CA_1,HOBBIES_1_024,11335,8.98
CA_1,HOBBIES_1_024,11336,8.98
CA_1,HOBBIES_1_024,11337,8.98
CA_1,HOBBIES_1_024,11338,8.98
CA_1,HOBBIES_1_024,11339,8.98
CA_1,HOBBIES_1_024,11340,8.98
CA_1,HOBBIES_1_024,11341,8.98
CA_1,HOBBIES_1_024,11342,8.98
CA_1,HOBBIES_1_024,11343,8.98
CA_1,HOBBIES_1_024,11344,8.98
CA_1,HOBBIES_1_024,11345,8.98
CA_1,HOBBIES_1_024,11346,8.98
CA_1,HOBBIES_1_024,11347,8.98
CA_1,HOBBIES_1_024,11348,8.98
CA_1,HOBBIES_1_024,11349,8.98
CA_1,HOBBIES_1_024,11350,8.98
CA_1,HOBBIES_1_024,11351,8.98
CA_1,HOBBIES_1_024,11352,8.98
CA_1,HOBBIES_1_024,11353,8.98
CA_1,HOBBIES_1_024,11401,8.98
CA_1,HOBBIES_1_024,11402,8.98
CA_1,HOBBIES_1_024,11403,8.98
CA_1,HOBBIES_1_024,11404,8.98
CA_1,HOBBIES_1_024,11405,8.98
CA_1,HOBBIES_1_024,11406,8.98
CA_1,HOBBIES_1_024,11407,8.98
CA_1,HOBBIES_1_024,11408,8.98
CA_1,HOBBIES_1_024,11409,8.98
CA_1,HOBBIES_1_024,11410,8.98
CA_1,HOBBIES_1_024,11411,8.98
CA_1,HOBBIES_1_024,11412,8.98
CA_1,HOBBIES_1_024,11413,8.98
CA_1,HOBBIES_1_024,11414,8.98
CA_1,HOBBIES_1_024,11415,8.98
CA_1,HOBBIES_1_024,11416,8.98
CA_1,HOBBIES_1_024,11417,8.98
CA_1,HOBBIES_1_024,11418,8.98
CA_1,HOBBIES_1_024,11419,8.98
CA_1,HOBBIES_1_024,11420,8.98
CA_1,HOBBIES_1_024,11421,8.98
CA_1,HOBBIES_1_024,11422,8.98
CA_1,HOBBIES_1_024,11423,8.98
CA_1,HOBBIES_1_024,11424,8.98
CA_1,HOBBIES_1_024,11425,8.98
CA_1,HOBBIES_1_024,11426,8.98
CA_1,HOBBIES_1_024,11427,8.98
CA_1,HOBBIES_1_024,11428,8.98
CA_1,HOBBIES_1_024,11429,8.98
CA_1,HOBBIES_1_024,11430,8.98
CA_1,HOBBIES_1_024,11431,8.98
CA_1,HOBBIES_1_024,11432,8.98
CA_1,HOBBIES_1_024,11433,8.98
CA_1,HOBBIES_1_024,11434,8.98
CA_1,HOBBIES_1_024,11435,8.98
CA_1,HOBBIES_1_024,11436,8.98
CA_1,HOBBIES_1_024,11437,8.98
CA_1,HOBBIES_1_024,11438,8.98
CA_1,HOBBIES_1_024,11439,8.98
CA_1,HOBBIES_1_024,11440,8.98
CA_1,HOBBIES_1_024,11441,8.98
CA_1,HOBBIES_1_024,11442,8.98
CA_1,HOBBIES_1_024,11443,8.98
CA_1,HOBBIES_1_024,11444,8.98
CA_1,HOBBIES_1_024,11445,8.98
CA_1,HOBBIES_1_024,11446,8.98
CA_1,HOBBIES_1_024,11447,8.98
CA_1,HOBBIES_1_024,11448,8.98
CA_1,HOBBIES_1_024,11449,8.98
CA_1,HOBBIES_1_024,11450,8.98
CA_1,HOBBIES_1_024,11451,8.98
CA_1,HOBBIES_1_024,11452,8.98
CA_1,HOBBIES_1_024,11501,8.98
CA_1,HOBBIES_1_024,11502,8.98
CA_1,HOBBIES_1_024,11503,8.98
CA_1,HOBBIES_1_024,11504,8.98
CA_1,HOBBIES_1_024,11505,8.98
CA_1,HOBBIES_1_024,11506,8.98
CA_1,HOBBIES_1_024,11507,8.98
CA_1,HOBBIES_1_024,11508,8.98
CA_1,HOBBIES_1_024,11509,8.98
CA_1,HOBBIES_1_024,11510,8.98
CA_1,HOBBIES_1_024,11511,8.98
CA_1,HOBBIES_1_024,11512,8.98
CA_1,HOBBIES_1_024,11513,8.98
CA_1,HOBBIES_1_024,11514,8.98
CA_1,HOBBIES_1_024,11515,8.98
CA_1,HOBBIES_1_024,11516,8.98
CA_1,HOBBIES_1_024,11517,8.98
CA_1,HOBBIES_1_024,11518,8.98
CA_1,HOBBIES_1_024,11519,8.56
CA_1,HOBBIES_1_024,11520,8.56
CA_1,HOBBIES_1_024,11521,8.56
CA_1,HOBBIES_1_024,11522,8.56
CA_1,HOBBIES_1_024,11523,8.56
CA_1,HOBBIES_1_024,11524,8.56
CA_1,HOBBIES_1_024,11525,8.56
CA_1,HOBBIES_1_024,11526,8.56
CA_1,HOBBIES_1_024,11527,8.56
CA_1,HOBBIES_1_024,11528,8.56
CA_1,HOBBIES_1_024,11529,8.56
CA_1,HOBBIES_1_024,11530,8.56
CA_1,HOBBIES_1_024,11531,8.56
CA_1,HOBBIES_1_024,11532,8.56
CA_1,HOBBIES_1_024,11533,8.56
CA_1,HOBBIES_1_024,11534,8.56
CA_1,HOBBIES_1_024,11535,8.56
CA_1,HOBBIES_1_024,11536,8.56
CA_1,HOBBIES_1_024,11537,8.56
CA_1,HOBBIES_1_024,11538,8.56
CA_1,HOBBIES_1_024,11539,8.56
CA_1,HOBBIES_1_024,11540,8.56
CA_1,HOBBIES_1_024,11541,8.56
CA_1,HOBBIES_1_024,11542,8.56
CA_1,HOBBIES_1_024,11543,8.56
CA_1,HOBBIES_1_024,11544,8.56
CA_1,HOBBIES_1_024,11545,8.56
CA_1,HOBBIES_1_024,11546,8.56
CA_1,HOBBIES_1_024,11547,8.56
CA_1,HOBBIES_1_024,11548,8.56
CA_1,HOBBIES_1_024,11549,8.56
CA_1,HOBBIES_1_024,11550,8.56
CA_1,HOBBIES_1_024,11551,8.56
CA_1,HOBBIES_1_024,11552,8.56
CA_1,HOBBIES_1_024,11601,8.56
CA_1,HOBBIES_1_024,11602,8.56
CA_1,HOBBIES_1_024,11603,8.56
CA_1,HOBBIES_1_024,11604,8.56
CA_1,HOBBIES_1_024,11605,8.56
CA_1,HOBBIES_1_024,11606,8.56
CA_1,HOBBIES_1_024,11607,8.56
CA_1,HOBBIES_1_024,11608,8.56
CA_1,HOBBIES_1_024,11609,8.56
CA_1,HOBBIES_1_024,11610,8.56
CA_1,HOBBIES_1_024,11611,8.56
CA_1,HOBBIES_1_024,11612,8.56
CA_1,HOBBIES_1_024,11613,8.56
CA_1,HOBBIES_1_024,11614,8.56
CA_1,HOBBIES_1_024,11615,8.56
CA_1,HOBBIES_1_024,11616,8.56
CA_1,HOBBIES_1_024,11617,8.56
CA_1,HOBBIES_1_024,11618,8.56
CA_1,HOBBIES_1_024,11619,8.56
CA_1,HOBBIES_1_024,11620,8.56
CA_1,HOBBIES_1_024,11621,8.56
CA_1,HOBBIES_1_025,11132,3.74
CA_1,HOBBIES_1_025,11133,3.74
CA_1,HOBBIES_1_025,11134,3.74
CA_1,HOBBIES_1_025,11135,3.74
CA_1,HOBBIES_1_025,11136,3.74
CA_1,HOBBIES_1_025,11137,3.74
CA_1,HOBBIES_1_025,11138,3.74
CA_1,HOBBIES_1_025,11139,3.74
CA_1,HOBBIES_1_025,11140,3.74
CA_1,HOBBIES_1_025,11141,3.74
CA_1,HOBBIES_1_025,11142,3.74
CA_1,HOBBIES_1_025,11143,3.74
CA_1,HOBBIES_1_025,11144,3.74
CA_1,HOBBIES_1_025,11145,3.74
CA_1,HOBBIES_1_025,11146,3.74
CA_1,HOBBIES_1_025,11147,3.74
CA_1,HOBBIES_1_025,11148,3.74
CA_1,HOBBIES_1_025,11149,3.74
CA_1,HOBBIES_1_025,11150,3.74
CA_1,HOBBIES_1_025,11151,3.74
CA_1,HOBBIES_1_025,11152,3.74
CA_1,HOBBIES_1_025,11201,3.74
CA_1,HOBBIES_1_025,11202,3.74
CA_1,HOBBIES_1_025,11203,3.74
CA_1,HOBBIES_1_025,11204,3.74
CA_1,HOBBIES_1_025,11205,3.74
CA_1,HOBBIES_1_025,11206,3.74
CA_1,HOBBIES_1_025,11207,3.74
CA_1,HOBBIES_1_025,11208,3.74
CA_1,HOBBIES_1_025,11209,3.74
CA_1,HOBBIES_1_025,11210,3.74
CA_1,HOBBIES_1_025,11211,3.74
CA_1,HOBBIES_1_025,11212,3.74
CA_1,HOBBIES_1_025,11213,3.74
CA_1,HOBBIES_1_025,11214,3.74
CA_1,HOBBIES_1_025,11215,3.74
CA_1,HOBBIES_1_025,11216,3.74
CA_1,HOBBIES_1_025,11217,3.74
CA_1,HOBBIES_1_025,11218,3.74
CA_1,HOBBIES_1_025,11219,3.74
CA_1,HOBBIES_1_025,11220,3.74
CA_1,HOBBIES_1_025,11221,3.74
CA_1,HOBBIES_1_025,11222,3.74
CA_1,HOBBIES_1_025,11223,3.74
CA_1,HOBBIES_1_025,11224,3.74
CA_1,HOBBIES_1_025,11225,3.74
CA_1,HOBBIES_1_025,11226,3.74
CA_1,HOBBIES_1_025,11227,3.74
CA_1,HOBBIES_1_025,11228,3.74
CA_1,HOBBIES_1_025,11229,3.74
CA_1,HOBBIES_1_025,11230,3.74
CA_1,HOBBIES_1_025,11231,3.74
CA_1,HOBBIES_1_025,11232,3.74
CA_1,HOBBIES_1_025,11233,3.74
CA_1,HOBBIES_1_025,11234,3.74
CA_1,HOBBIES_1_025,11235,3.74
CA_1,HOBBIES_1_025,11236,3.74
CA_1,HOBBIES_1_025,11237,3.74
CA_1,HOBBIES_1_025,11238,3.74
CA_1,HOBBIES_1_025,11239,3.74
CA_1,HOBBIES_1_025,11240,3.74
CA_1,HOBBIES_1_025,11241,3.74
CA_1,HOBBIES_1_025,11242,3.74
CA_1,HOBBIES_1_025,11243,3.74
CA_1,HOBBIES_1_025,11244,3.74
CA_1,HOBBIES_1_025,11245,3.74
CA_1,HOBBIES_1_025,11246,3.74
CA_1,HOBBIES_1_025,11247,3.74
CA_1,HOBBIES_1_025,11248,3.74
CA_1,HOBBIES_1_025,11249,3.74
CA_1,HOBBIES_1_025,11250,3.74
CA_1,HOBBIES_1_025,11251,3.74
CA_1,HOBBIES_1_025,11252,3.74
CA_1,HOBBIES_1_025,11301,3.74
CA_1,HOBBIES_1_025,11302,3.98
CA_1,HOBBIES_1_025,11303,3.98
CA_1,HOBBIES_1_025,11304,3.98
CA_1,HOBBIES_1_025,11305,3.98
CA_1,HOBBIES_1_025,11306,3.98
CA_1,HOBBIES_1_025,11307,3.98
CA_1,HOBBIES_1_025,11308,3.98
CA_1,HOBBIES_1_025,11309,3.98
CA_1,HOBBIES_1_025,11310,3.98
CA_1,HOBBIES_1_025,11311,3.98
CA_1,HOBBIES_1_025,11312,3.98
CA_1,HOBBIES_1_025,11313,3.98
CA_1,HOBBIES_1_025,11314,3.98
CA_1,HOBBIES_1_025,11315,3.98
CA_1,HOBBIES_1_025,11316,3.98
CA_1,HOBBIES_1_025,11317,3.98
CA_1,HOBBIES_1_025,11318,3.98
CA_1,HOBBIES_1_025,11319,3.98
CA_1,HOBBIES_1_025,11320,3.98
CA_1,HOBBIES_1_025,11321,3.98
CA_1,HOBBIES_1_025,11322,3.98
CA_1,HOBBIES_1_025,11323,3.98
CA_1,HOBBIES_1_025,11324,3.98
CA_1,HOBBIES_1_025,11325,3.98
CA_1,HOBBIES_1_025,11326,3.98
CA_1,HOBBIES_1_025,11327,3.98
CA_1,HOBBIES_1_025,11328,3.98
CA_1,HOBBIES_1_025,11329,3.98
CA_1,HOBBIES_1_025,11330,3.98
CA_1,HOBBIES_1_025,11331,3.98
CA_1,HOBBIES_1_025,11332,3.98
CA_1,HOBBIES_1_025,11333,3.98
CA_1,HOBBIES_1_025,11334,3.98
CA_1,HOBBIES_1_025,11335,3.98
CA_1,HOBBIES_1_025,11336,3.98
CA_1,HOBBIES_1_025,11337,3.98
CA_1,HOBBIES_1_025,11338,3.98
CA_1,HOBBIES_1_025,11339,3.98
CA_1,HOBBIES_1_025,11340,3.98
CA_1,HOBBIES_1_025,11341,3.98
CA_1,HOBBIES_1_025,11342,3.98
CA_1,HOBBIES_1_025,11343,3.98
CA_1,HOBBIES_1_025,11344,3.98
CA_1,HOBBIES_1_025,11345,3.98
CA_1,HOBBIES_1_025,11346,3.98
CA_1,HOBBIES_1_025,11347,3.98
CA_1,HOBBIES_1_025,11348,3.98
CA_1,HOBBIES_1_025,11349,3.98
CA_1,HOBBIES_1_025,11350,3.98
CA_1,HOBBIES_1_025,11351,3.98
CA_1,HOBBIES_1_025,11352,3.98
CA_1,HOBBIES_1_025,11353,3.98
CA_1,HOBBIES_1_025,11401,3.98
CA_1,HOBBIES_1_025,11402,3.98
CA_1,HOBBIES_1_025,11403,3.98
CA_1,HOBBIES_1_025,11404,3.98
CA_1,HOBBIES_1_025,11405,3.98
CA_1,HOBBIES_1_025,11406,3.98
CA_1,HOBBIES_1_025,11407,3.98
CA_1,HOBBIES_1_025,11408,3.98
CA_1,HOBBIES_1_025,11409,3.98
CA_1,HOBBIES_1_025,11410,3.98
CA_1,HOBBIES_1_025,11411,3.98
CA_1,HOBBIES_1_025,11412,3.98
CA_1,HOBBIES_1_025,11413,3.98
CA_1,HOBBIES_1_025,11414,3.98
CA_1,HOBBIES_1_025,11415,3.98
CA_1,HOBBIES_1_025,11416,3.98
CA_1,HOBBIES_1_025,11417,3.98
CA_1,HOBBIES_1_025,11418,3.98
CA_1,HOBBIES_1_025,11419,3.98
CA_1,HOBBIES_1_025,11420,3.98
CA_1,HOBBIES_1_025,11421,3.98
CA_1,HOBBIES_1_025,11422,3.98
CA_1,HOBBIES_1_025,11423,3.98
CA_1,HOBBIES_1_025,11424,3.98
CA_1,HOBBIES_1_025,11425,3.98
CA_1,HOBBIES_1_025,11426,3.98
CA_1,HOBBIES_1_025,11427,3.98
CA_1,HOBBIES_1_025,11428,3.98
CA_1,HOBBIES_1_025,11429,3.98
CA_1,HOBBIES_1_025,11430,3.98
CA_1,HOBBIES_1_025,11431,3.98
CA_1,HOBBIES_1_025,11432,3.98
CA_1,HOBBIES_1_025,11433,3.98
CA_1,HOBBIES_1_025,11434,3.98
CA_1,HOBBIES_1_025,11435,3.98
CA_1,HOBBIES_1_025,11436,3.98
CA_1,HOBBIES_1_025,11437,3.98
CA_1,HOBBIES_1_025,11438,3.98
CA_1,HOBBIES_1_025,11439,3.98
CA_1,HOBBIES_1_025,11440,3.98
CA_1,HOBBIES_1_025,11441,3.98
CA_1,HOBBIES_1_025,11442,3.98
CA_1,HOBBIES_1_025,11443,3.98
CA_1,HOBBIES_1_025,11444,3.98
CA_1,HOBBIES_1_025,11445,3.98
CA_1,HOBBIES_1_025,11446,3.98
CA_1,HOBBIES_1_025,11447,3.98
CA_1,HOBBIES_1_025,11448,3.98
CA_1,HOBBIES_1_025,11449,3.98
CA_1,HOBBIES_1_025,11450,3.98
CA_1,HOBBIES_1_025,11451,3.98
CA_1,HOBBIES_1_025,11452,3.98
CA_1,HOBBIES_1_025,11501,3.98
CA_1,HOBBIES_1_025,11502,3.98
CA_1,HOBBIES_1_025,11503,3.98
CA_1,HOBBIES_1_025,11504,3.98
CA_1,HOBBIES_1_025,11505,3.98
CA_1,HOBBIES_1_025,11506,3.98
CA_1,HOBBIES_1_025,11507,3.98
CA_1,HOBBIES_1_025,11508,3.98
CA_1,HOBBIES_1_025,11509,3.98
CA_1,HOBBIES_1_025,11510,3.98
CA_1,HOBBIES_1_025,11511,3.98
CA_1,HOBBIES_1_025,11512,3.98
CA_1,HOBBIES_1_025,11513,3.98
CA_1,HOBBIES_1_025,11514,3.98
CA_1,HOBBIES_1_025,11515,3.98
CA_1,HOBBIES_1_025,11516,3.98
CA_1,HOBBIES_1_025,11517,3.98
CA_1,HOBBIES_1_025,11518,3.98
CA_1,HOBBIES_1_025,11519,3.98
CA_1,HOBBIES_1_025,11520,3.98
CA_1,HOBBIES_1_025,11521,3.98
CA_1,HOBBIES_1_025,11522,3.98
CA_1,HOBBIES_1_025,11523,3.98
CA_1,HOBBIES_1_025,11524,3.98
CA_1,HOBBIES_1_025,11525,3.98
CA_1,HOBBIES_1_025,11526,3.98
CA_1,HOBBIES_1_025,11527,3.98
CA_1,HOBBIES_1_025,11528,3.98
CA_1,HOBBIES_1_025,11529,3.98
CA_1,HOBBIES_1_025,11530,3.98
CA_1,HOBBIES_1_025,11531,3.98
CA_1,HOBBIES_1_025,11532,3.98
CA_1,HOBBIES_1_025,11533,3.98
CA_1,HOBBIES_1_025,11534,3.98
CA_1,HOBBIES_1_025,11535,3.98
CA_1,HOBBIES_1_025,11536,3.98
CA_1,HOBBIES_1_025,11537,3.98
CA_1,HOBBIES_1_025,11538,3.98
CA_1,HOBBIES_1_025,11539,3.98
CA_1,HOBBIES_1_025,11540,3.98
CA_1,HOBBIES_1_025,11541,3.98
CA_1,HOBBIES_1_025,11542,3.98
CA_1,HOBBIES_1_025,11543,3.98
CA_1,HOBBIES_1_025,11544,3.98
CA_1,HOBBIES_1_025,11545,3.98
CA_1,HOBBIES_1_025,11546,3.98
CA_1,HOBBIES_1_025,11547,3.98
CA_1,HOBBIES_1_025,11548,3.98
CA_1,HOBBIES_1_025,11549,3.98
CA_1,HOBBIES_1_025,11550,3.98
CA_1,HOBBIES_1_025,11551,3.98
CA_1,HOBBIES_1_025,11552,3.98
CA_1,HOBBIES_1_025,11601,3.98
CA_1,HOBBIES_1_025,11602,3.98
CA_1,HOBBIES_1_025,11603,3.98
CA_1,HOBBIES_1_025,11604,3.98
CA_1,HOBBIES_1_025,11605,3.98
CA_1,HOBBIES_1_025,11606,3.98
CA_1,HOBBIES_1_025,11607,3.98
CA_1,HOBBIES_1_025,11608,3.98
CA_1,HOBBIES_1_025,11609,3.98
CA_1,HOBBIES_1_025,11610,3.98
CA_1,HOBBIES_1_025,11611,3.98
CA_1,HOBBIES_1_025,11612,3.98
CA_1,HOBBIES_1_025,11613,3.98
CA_1,HOBBIES_1_025,11614,3.98
CA_1,HOBBIES_1_025,11615,3.98
CA_1,HOBBIES_1_025,11616,3.98
CA_1,HOBBIES_1_025,11617,3.98
CA_1,HOBBIES_1_025,11618,3.98
CA_1,HOBBIES_1_025,11619,3.98
CA_1,HOBBIES_1_025,11620,3.98
CA_1,HOBBIES_1_025,11621,3.98
CA_1,HOBBIES_1_026,11352,17.97
CA_1,HOBBIES_1_026,11353,17.97
CA_1,HOBBIES_1_026,11401,17.97
CA_1,HOBBIES_1_026,11402,17.97
CA_1,HOBBIES_1_026,11403,17.97
CA_1,HOBBIES_1_026,11404,17.97
CA_1,HOBBIES_1_026,11405,17.97
CA_1,HOBBIES_1_026,11406,17.97
CA_1,HOBBIES_1_026,11407,17.97
CA_1,HOBBIES_1_026,11408,17.97
CA_1,HOBBIES_1_026,11409,17.97
CA_1,HOBBIES_1_026,11410,17.97
CA_1,HOBBIES_1_026,11411,17.97
CA_1,HOBBIES_1_026,11412,17.97
CA_1,HOBBIES_1_026,11413,17.97
CA_1,HOBBIES_1_026,11414,17.97
CA_1,HOBBIES_1_026,11415,17.97
CA_1,HOBBIES_1_026,11416,17.97
CA_1,HOBBIES_1_026,11417,17.97
CA_1,HOBBIES_1_026,11418,17.97
CA_1,HOBBIES_1_026,11419,17.97
CA_1,HOBBIES_1_026,11420,17.97
CA_1,HOBBIES_1_026,11421,17.97
CA_1,HOBBIES_1_026,11422,17.97
CA_1,HOBBIES_1_026,11423,17.97
CA_1,HOBBIES_1_026,11424,17.97
CA_1,HOBBIES_1_026,11425,17.97
CA_1,HOBBIES_1_026,11426,17.97
CA_1,HOBBIES_1_026,11427,17.97
CA_1,HOBBIES_1_026,11428,17.97
CA_1,HOBBIES_1_026,11429,17.97
CA_1,HOBBIES_1_026,11430,17.97
CA_1,HOBBIES_1_026,11431,17.97
CA_1,HOBBIES_1_026,11432,17.97
CA_1,HOBBIES_1_026,11433,17.97
CA_1,HOBBIES_1_026,11434,17.97
CA_1,HOBBIES_1_026,11435,17.97
CA_1,HOBBIES_1_026,11436,17.97
CA_1,HOBBIES_1_026,11437,17.97
CA_1,HOBBIES_1_026,11438,17.97
CA_1,HOBBIES_1_026,11439,17.97
CA_1,HOBBIES_1_026,11440,17.97
CA_1,HOBBIES_1_026,11441,17.97
CA_1,HOBBIES_1_026,11442,17.97
CA_1,HOBBIES_1_026,11443,17.97
CA_1,HOBBIES_1_026,11444,17.97
CA_1,HOBBIES_1_026,11445,17.97
CA_1,HOBBIES_1_026,11446,17.97
CA_1,HOBBIES_1_026,11447,17.97
CA_1,HOBBIES_1_026,11448,17.97
CA_1,HOBBIES_1_026,11449,17.97
CA_1,HOBBIES_1_026,11450,17.97
CA_1,HOBBIES_1_026,11451,17.97
CA_1,HOBBIES_1_026,11452,17.97
CA_1,HOBBIES_1_026,11501,17.97
CA_1,HOBBIES_1_026,11502,17.97
CA_1,HOBBIES_1_026,11503,17.97
CA_1,HOBBIES_1_026,11504,17.97
CA_1,HOBBIES_1_026,11505,17.97
CA_1,HOBBIES_1_026,11506,17.97
CA_1,HOBBIES_1_026,11507,17.97
CA_1,HOBBIES_1_026,11508,17.97
CA_1,HOBBIES_1_026,11509,17.97
CA_1,HOBBIES_1_026,11510,17.97
CA_1,HOBBIES_1_026,11511,17.97
CA_1,HOBBIES_1_026,11512,17.97
CA_1,HOBBIES_1_026,11513,17.97
CA_1,HOBBIES_1_026,11514,17.97
CA_1,HOBBIES_1_026,11515,17.97
CA_1,HOBBIES_1_026,11516,17.97
CA_1,HOBBIES_1_026,11517,17.97
CA_1,HOBBIES_1_026,11518,17.97
CA_1,HOBBIES_1_026,11519,17.97
CA_1,HOBBIES_1_026,11520,17.97
CA_1,HOBBIES_1_026,11521,17.97
CA_1,HOBBIES_1_026,11522,17.97
CA_1,HOBBIES_1_026,11523,17.97
CA_1,HOBBIES_1_026,11524,17.97
CA_1,HOBBIES_1_026,11525,17.97
CA_1,HOBBIES_1_026,11526,17.97
CA_1,HOBBIES_1_026,11527,17.97
CA_1,HOBBIES_1_026,11528,17.97
CA_1,HOBBIES_1_026,11529,17.97
CA_1,HOBBIES_1_026,11530,17.97
CA_1,HOBBIES_1_026,11531,17.97
CA_1,HOBBIES_1_026,11532,17.97
CA_1,HOBBIES_1_026,11533,17.97
CA_1,HOBBIES_1_026,11534,17.97
CA_1,HOBBIES_1_026,11535,17.97
CA_1,HOBBIES_1_026,11536,17.97
CA_1,HOBBIES_1_026,11537,17.97
CA_1,HOBBIES_1_026,11538,17.97
CA_1,HOBBIES_1_026,11539,17.97
CA_1,HOBBIES_1_026,11540,17.97
CA_1,HOBBIES_1_026,11541,17.97
CA_1,HOBBIES_1_026,11542,17.97
CA_1,HOBBIES_1_026,11543,17.97
CA_1,HOBBIES_1_026,11544,17.97
CA_1,HOBBIES_1_026,11545,17.97
CA_1,HOBBIES_1_026,11546,17.97
CA_1,HOBBIES_1_026,11547,17.97
CA_1,HOBBIES_1_026,11548,17.97
CA_1,HOBBIES_1_026,11549,17.97
CA_1,HOBBIES_1_026,11550,17.97
CA_1,HOBBIES_1_026,11551,17.97
CA_1,HOBBIES_1_026,11552,17.97
CA_1,HOBBIES_1_026,11601,17.97
CA_1,HOBBIES_1_026,11602,17.97
CA_1,HOBBIES_1_026,11603,13.0
CA_1,HOBBIES_1_026,11604,17.97
CA_1,HOBBIES_1_026,11605,17.97
CA_1,HOBBIES_1_026,11606,17.97
CA_1,HOBBIES_1_026,11607,17.97
CA_1,HOBBIES_1_026,11608,17.97
CA_1,HOBBIES_1_026,11609,17.97
CA_1,HOBBIES_1_026,11610,17.97
CA_1,HOBBIES_1_026,11611,17.97
CA_1,HOBBIES_1_026,11612,17.97
CA_1,HOBBIES_1_026,11613,17.97
CA_1,HOBBIES_1_026,11614,17.97
CA_1,HOBBIES_1_026,11615,17.97
CA_1,HOBBIES_1_026,11616,17.97
CA_1,HOBBIES_1_026,11617,17.97
CA_1,HOBBIES_1_026,11618,17.97
CA_1,HOBBIES_1_026,11619,17.97
CA_1,HOBBIES_1_026,11620,17.97
CA_1,HOBBIES_1_026,11621,17.97
CA_1,HOBBIES_1_027,11403,19.98
CA_1,HOBBIES_1_027,11404,19.98
CA_1,HOBBIES_1_027,11405,19.98
CA_1,HOBBIES_1_027,11406,19.98
CA_1,HOBBIES_1_027,11407,19.98
CA_1,HOBBIES_1_027,11408,19.98
CA_1,HOBBIES_1_027,11409,19.98
CA_1,HOBBIES_1_027,11410,19.98
CA_1,HOBBIES_1_027,11411,19.98
CA_1,HOBBIES_1_027,11412,19.98
CA_1,HOBBIES_1_027,11413,19.98
CA_1,HOBBIES_1_027,11414,19.98
CA_1,HOBBIES_1_027,11415,19.98
CA_1,HOBBIES_1_027,11416,19.98
CA_1,HOBBIES_1_027,11417,19.98
CA_1,HOBBIES_1_027,11418,19.98
CA_1,HOBBIES_1_027,11419,19.98
CA_1,HOBBIES_1_027,11420,19.98
CA_1,HOBBIES_1_027,11421,19.98
CA_1,HOBBIES_1_027,11422,19.98
CA_1,HOBBIES_1_027,11423,19.98
CA_1,HOBBIES_1_027,11424,19.98
CA_1,HOBBIES_1_027,11425,19.98
CA_1,HOBBIES_1_027,11426,19.98
CA_1,HOBBIES_1_027,11427,19.98
CA_1,HOBBIES_1_027,11428,19.98
CA_1,HOBBIES_1_027,11429,19.98
CA_1,HOBBIES_1_027,11430,19.98
CA_1,HOBBIES_1_027,11431,19.98
CA_1,HOBBIES_1_027,11432,19.98
CA_1,HOBBIES_1_027,11433,19.98
CA_1,HOBBIES_1_027,11434,19.98
CA_1,HOBBIES_1_027,11435,19.98
CA_1,HOBBIES_1_027,11436,19.98
CA_1,HOBBIES_1_027,11437,19.98
CA_1,HOBBIES_1_027,11438,19.98
CA_1,HOBBIES_1_027,11439,19.98
CA_1,HOBBIES_1_027,11440,19.98
CA_1,HOBBIES_1_027,11441,19.98
CA_1,HOBBIES_1_027,11442,19.98
CA_1,HOBBIES_1_027,11443,19.98
CA_1,HOBBIES_1_027,11444,19.98
CA_1,HOBBIES_1_027,11445,19.98
CA_1,HOBBIES_1_027,11446,19.98
CA_1,HOBBIES_1_027,11447,19.98
CA_1,HOBBIES_1_027,11448,19.98
CA_1,HOBBIES_1_027,11449,19.98
CA_1,HOBBIES_1_027,11450,19.98
CA_1,HOBBIES_1_027,11451,19.98
CA_1,HOBBIES_1_027,11452,19.98
CA_1,HOBBIES_1_027,11501,19.98
CA_1,HOBBIES_1_027,11502,19.98
CA_1,HOBBIES_1_027,11503,19.98
CA_1,HOBBIES_1_027,11504,19.98
CA_1,HOBBIES_1_027,11505,19.98
CA_1,HOBBIES_1_027,11506,19.98
CA_1,HOBBIES_1_027,11507,19.98
CA_1,HOBBIES_1_027,11508,19.98
CA_1,HOBBIES_1_027,11509,19.98
CA_1,HOBBIES_1_027,11510,19.98
CA_1,HOBBIES_1_027,11511,19.98
CA_1,HOBBIES_1_027,11512,19.98
CA_1,HOBBIES_1_027,11513,20.77
CA_1,HOBBIES_1_027,11514,20.77
CA_1,HOBBIES_1_027,11515,20.77
CA_1,HOBBIES_1_027,11516,20.77
CA_1,HOBBIES_1_027,11517,20.77
CA_1,HOBBIES_1_027,11518,20.77
CA_1,HOBBIES_1_027,11519,20.77
CA_1,HOBBIES_1_027,11520,19.98
CA_1,HOBBIES_1_027,11521,19.98
CA_1,HOBBIES_1_027,11522,19.98
CA_1,HOBBIES_1_027,11523,19.98
CA_1,HOBBIES_1_027,11524,19.98
CA_1,HOBBIES_1_027,11525,19.98
CA_1,HOBBIES_1_027,11526,19.98
CA_1,HOBBIES_1_027,11527,19.98
CA_1,HOBBIES_1_027,11528,19.98
CA_1,HOBBIES_1_027,11529,19.98
CA_1,HOBBIES_1_027,11530,19.98
CA_1,HOBBIES_1_027,11531,19.98
CA_1,HOBBIES_1_027,11532,19.98
CA_1,HOBBIES_1_027,11533,19.98
CA_1,HOBBIES_1_027,11534,19.98
CA_1,HOBBIES_1_027,11535,19.98
CA_1,HOBBIES_1_027,11536,19.98
CA_1,HOBBIES_1_027,11537,19.98
CA_1,HOBBIES_1_027,11538,19.98
CA_1,HOBBIES_1_027,11539,19.98
CA_1,HOBBIES_1_027,11540,19.98
CA_1,HOBBIES_1_027,11541,19.98
CA_1,HOBBIES_1_027,11542,19.98
CA_1,HOBBIES_1_027,11543,19.98
CA_1,HOBBIES_1_027,11544,19.98
CA_1,HOBBIES_1_027,11545,19.98
CA_1,HOBBIES_1_027,11546,19.98
CA_1,HOBBIES_1_027,11547,19.98
CA_1,HOBBIES_1_027,11548,19.98
CA_1,HOBBIES_1_027,11549,19.98
CA_1,HOBBIES_1_027,11550,19.98
CA_1,HOBBIES_1_027,11551,19.98
CA_1,HOBBIES_1_027,11552,19.98
CA_1,HOBBIES_1_027,11601,19.98
CA_1,HOBBIES_1_027,11602,19.98
CA_1,HOBBIES_1_027,11603,19.98
CA_1,HOBBIES_1_027,11604,19.98
CA_1,HOBBIES_1_027,11605,19.98
CA_1,HOBBIES_1_027,11606,19.98
CA_1,HOBBIES_1_027,11607,19.98
CA_1,HOBBIES_1_027,11608,19.98
CA_1,HOBBIES_1_027,11609,19.98
CA_1,HOBBIES_1_027,11610,19.98
CA_1,HOBBIES_1_027,11611,19.98
CA_1,HOBBIES_1_027,11612,19.98
CA_1,HOBBIES_1_027,11613,19.98
CA_1,HOBBIES_1_027,11614,19.98
CA_1,HOBBIES_1_027,11615,19.98
CA_1,HOBBIES_1_027,11616,19.98
CA_1,HOBBIES_1_027,11617,19.98
CA_1,HOBBIES_1_027,11618,19.98
CA_1,HOBBIES_1_027,11619,19.98
CA_1,HOBBIES_1_027,11620,19.98
CA_1,HOBBIES_1_027,11621,19.98
CA_1,HOBBIES_1_028,11101,6.67
CA_1,HOBBIES_1_028,11102,6.67
CA_1,HOBBIES_1_028,11103,6.67
CA_1,HOBBIES_1_028,11104,6.67
CA_1,HOBBIES_1_028,11105,6.98
CA_1,HOBBIES_1_028,11106,6.98
CA_1,HOBBIES_1_028,11107,6.98
CA_1,HOBBIES_1_028,11108,6.98
CA_1,HOBBIES_1_028,11109,6.98
CA_1,HOBBIES_1_028,11110,6.98
CA_1,HOBBIES_1_028,11111,6.98
CA_1,HOBBIES_1_028,11112,6.98
CA_1,HOBBIES_1_028,11113,6.98
CA_1,HOBBIES_1_028,11114,6.98
CA_1,HOBBIES_1_028,11115,6.98
CA_1,HOBBIES_1_028,11116,6.98
CA_1,HOBBIES_1_028,11117,6.98
CA_1,HOBBIES_1_028,11118,6.98
CA_1,HOBBIES_1_028,11119,6.98
CA_1,HOBBIES_1_028,11120,6.98
CA_1,HOBBIES_1_028,11121,6.98
CA_1,HOBBIES_1_028,11122,6.98
CA_1,HOBBIES_1_028,11123,6.98
CA_1,HOBBIES_1_028,11124,6.98
CA_1,HOBBIES_1_028,11125,6.98
CA_1,HOBBIES_1_028,11126,6.98
CA_1,HOBBIES_1_028,11127,6.98
CA_1,HOBBIES_1_028,11128,6.98
CA_1,HOBBIES_1_028,11129,6.98
CA_1,HOBBIES_1_028,11130,6.98
CA_1,HOBBIES_1_028,11131,6.98
CA_1,HOBBIES_1_028,11132,6.98
CA_1,HOBBIES_1_028,11133,6.98
CA_1,HOBBIES_1_028,11134,6.98
CA_1,HOBBIES_1_028,11135,6.98
CA_1,HOBBIES_1_028,11136,6.98
CA_1,HOBBIES_1_028,11137,6.98
CA_1,HOBBIES_1_028,11138,6.98
CA_1,HOBBIES_1_028,11139,6.98
CA_1,HOBBIES_1_028,11140,6.98
CA_1,HOBBIES_1_028,11141,6.98
CA_1,HOBBIES_1_028,11142,6.98
CA_1,HOBBIES_1_028,11143,6.98
CA_1,HOBBIES_1_028,11144,6.98
CA_1,HOBBIES_1_028,11145,6.98
CA_1,HOBBIES_1_028,11146,6.98
CA_1,HOBBIES_1_028,11147,6.98
CA_1,HOBBIES_1_028,11148,6.98
CA_1,HOBBIES_1_028,11149,6.98
CA_1,HOBBIES_1_028,11150,6.98
CA_1,HOBBIES_1_028,11151,6.98
CA_1,HOBBIES_1_028,11152,6.98
CA_1,HOBBIES_1_028,11201,6.98
CA_1,HOBBIES_1_028,11202,6.98
CA_1,HOBBIES_1_028,11203,6.98
CA_1,HOBBIES_1_028,11204,6.98
CA_1,HOBBIES_1_028,11205,7.18
CA_1,HOBBIES_1_028,11206,7.18
CA_1,HOBBIES_1_028,11207,7.18
CA_1,HOBBIES_1_028,11208,7.18
CA_1,HOBBIES_1_028,11209,7.18
CA_1,HOBBIES_1_028,11210,7.18
CA_1,HOBBIES_1_028,11211,7.18
CA_1,HOBBIES_1_028,11212,7.18
CA_1,HOBBIES_1_028,11213,7.18
CA_1,HOBBIES_1_028,11214,7.18
CA_1,HOBBIES_1_028,11215,7.18
CA_1,HOBBIES_1_028,11216,7.18
CA_1,HOBBIES_1_028,11217,7.18
CA_1,HOBBIES_1_028,11218,7.18
CA_1,HOBBIES_1_028,11219,7.18
CA_1,HOBBIES_1_028,11220,7.18
CA_1,HOBBIES_1_028,11221,7.18
CA_1,HOBBIES_1_028,11222,7.18
CA_1,HOBBIES_1_028,11223,7.18
CA_1,HOBBIES_1_028,11224,7.18
CA_1,HOBBIES_1_028,11225,7.18
CA_1,HOBBIES_1_028,11226,7.18
CA_1,HOBBIES_1_028,11227,7.18
CA_1,HOBBIES_1_028,11228,7.18
CA_1,HOBBIES_1_028,11229,7.18
CA_1,HOBBIES_1_028,11230,7.18
CA_1,HOBBIES_1_028,11231,7.18
CA_1,HOBBIES_1_028,11232,7.18
CA_1,HOBBIES_1_028,11233,7.18
CA_1,HOBBIES_1_028,11234,7.18
CA_1,HOBBIES_1_028,11235,7.18
CA_1,HOBBIES_1_028,11236,7.18
CA_1,HOBBIES_1_028,11237,7.18
CA_1,HOBBIES_1_028,11238,7.18
CA_1,HOBBIES_1_028,11239,7.18
CA_1,HOBBIES_1_028,11240,7.18
CA_1,HOBBIES_1_028,11241,7.18
CA_1,HOBBIES_1_028,11242,7.18
CA_1,HOBBIES_1_028,11243,7.18
CA_1,HOBBIES_1_028,11244,7.98
CA_1,HOBBIES_1_028,11245,7.98
CA_1,HOBBIES_1_028,11246,7.98
CA_1,HOBBIES_1_028,11247,7.98
CA_1,HOBBIES_1_028,11248,7.98
CA_1,HOBBIES_1_028,11249,7.98
CA_1,HOBBIES_1_028,11250,7.98
CA_1,HOBBIES_1_028,11251,7.98
CA_1,HOBBIES_1_028,11252,7.98
CA_1,HOBBIES_1_028,11301,7.98
CA_1,HOBBIES_1_028,11302,7.98
CA_1,HOBBIES_1_028,11303,7.98
CA_1,HOBBIES_1_028,11304,7.98
CA_1,HOBBIES_1_028,11305,7.98
CA_1,HOBBIES_1_028,11306,7.98
CA_1,HOBBIES_1_028,11307,7.98
CA_1,HOBBIES_1_028,11308,7.98
CA_1,HOBBIES_1_028,11309,7.98
CA_1,HOBBIES_1_028,11310,7.98
CA_1,HOBBIES_1_028,11311,7.98
CA_1,HOBBIES_1_028,11312,7.98
CA_1,HOBBIES_1_028,11313,7.98
CA_1,HOBBIES_1_028,11314,7.98
CA_1,HOBBIES_1_028,11315,7.98
CA_1,HOBBIES_1_028,11316,7.98
CA_1,HOBBIES_1_028,11317,7.98
CA_1,HOBBIES_1_028,11318,7.98
CA_1,HOBBIES_1_028,11319,7.98
CA_1,HOBBIES_1_028,11320,7.98
CA_1,HOBBIES_1_028,11321,7.98
CA_1,HOBBIES_1_028,11322,7.98
CA_1,HOBBIES_1_028,11323,7.98
CA_1,HOBBIES_1_028,11324,7.98
CA_1,HOBBIES_1_028,11325,7.98
CA_1,HOBBIES_1_028,11326,7.98
CA_1,HOBBIES_1_028,11327,7.98
CA_1,HOBBIES_1_028,11328,7.98
CA_1,HOBBIES_1_028,11329,7.98
CA_1,HOBBIES_1_028,11330,7.98
CA_1,HOBBIES_1_028,11331,7.98
CA_1,HOBBIES_1_028,11332,7.98
CA_1,HOBBIES_1_028,11333,7.98
CA_1,HOBBIES_1_028,11334,7.98
CA_1,HOBBIES_1_028,11335,7.98
CA_1,HOBBIES_1_028,11336,7.98
CA_1,HOBBIES_1_028,11337,7.98
CA_1,HOBBIES_1_028,11338,7.98
CA_1,HOBBIES_1_028,11339,7.98
CA_1,HOBBIES_1_028,11340,7.98
CA_1,HOBBIES_1_028,11341,7.98
CA_1,HOBBIES_1_028,11342,7.98
CA_1,HOBBIES_1_028,11343,7.98
CA_1,HOBBIES_1_028,11344,7.98
CA_1,HOBBIES_1_028,11345,7.98
CA_1,HOBBIES_1_028,11346,7.98
CA_1,HOBBIES_1_028,11347,7.98
CA_1,HOBBIES_1_028,11348,7.98
CA_1,HOBBIES_1_028,11349,7.98
CA_1,HOBBIES_1_028,11350,7.98
CA_1,HOBBIES_1_028,11351,7.98
CA_1,HOBBIES_1_028,11352,7.98
CA_1,HOBBIES_1_028,11353,7.98
CA_1,HOBBIES_1_028,11401,7.98
CA_1,HOBBIES_1_028,11402,7.98
CA_1,HOBBIES_1_028,11403,7.98
CA_1,HOBBIES_1_028,11404,7.98
CA_1,HOBBIES_1_028,11405,7.98
CA_1,HOBBIES_1_028,11406,7.98
CA_1,HOBBIES_1_028,11407,7.98
CA_1,HOBBIES_1_028,11408,7.98
CA_1,HOBBIES_1_028,11409,7.98
CA_1,HOBBIES_1_028,11410,7.98
CA_1,HOBBIES_1_028,11411,7.98
CA_1,HOBBIES_1_028,11412,7.98
CA_1,HOBBIES_1_028,11413,7.98
CA_1,HOBBIES_1_028,11414,7.98
CA_1,HOBBIES_1_028,11415,7.98
CA_1,HOBBIES_1_028,11416,7.98
CA_1,HOBBIES_1_028,11417,7.98
CA_1,HOBBIES_1_028,11418,7.98
CA_1,HOBBIES_1_028,11419,7.98
CA_1,HOBBIES_1_028,11420,7.98
CA_1,HOBBIES_1_028,11421,7.98
CA_1,HOBBIES_1_028,11422,7.98
CA_1,HOBBIES_1_028,11423,7.98
CA_1,HOBBIES_1_028,11424,7.98
CA_1,HOBBIES_1_028,11425,7.98
CA_1,HOBBIES_1_028,11426,7.98
CA_1,HOBBIES_1_028,11427,7.98
CA_1,HOBBIES_1_028,11428,7.98
CA_1,HOBBIES_1_028,11429,7.98
CA_1,HOBBIES_1_028,11430,7.98
CA_1,HOBBIES_1_028,11431,7.98
CA_1,HOBBIES_1_028,11432,7.98
CA_1,HOBBIES_1_028,11433,7.98
CA_1,HOBBIES_1_028,11434,7.98
CA_1,HOBBIES_1_028,11435,7.98
CA_1,HOBBIES_1_028,11436,7.98
CA_1,HOBBIES_1_028,11437,7.98
CA_1,HOBBIES_1_028,11438,7.98
CA_1,HOBBIES_1_028,11439,7.98
CA_1,HOBBIES_1_028,11440,7.98
CA_1,HOBBIES_1_028,11441,7.98
CA_1,HOBBIES_1_028,11442,7.98
CA_1,HOBBIES_1_028,11443,7.98
CA_1,HOBBIES_1_028,11444,7.98
CA_1,HOBBIES_1_028,11445,7.98
CA_1,HOBBIES_1_028,11446,7.98
CA_1,HOBBIES_1_028,11447,7.98
CA_1,HOBBIES_1_028,11448,7.98
CA_1,HOBBIES_1_028,11449,7.98
CA_1,HOBBIES_1_028,11450,7.98
CA_1,HOBBIES_1_028,11451,7.98
CA_1,HOBBIES_1_028,11452,7.98
CA_1,HOBBIES_1_028,11501,7.98
CA_1,HOBBIES_1_028,11502,7.98
CA_1,HOBBIES_1_028,11503,7.98
CA_1,HOBBIES_1_028,11504,7.98
CA_1,HOBBIES_1_028,11505,7.98
CA_1,HOBBIES_1_028,11506,7.98
CA_1,HOBBIES_1_028,11507,7.98
CA_1,HOBBIES_1_028,11508,7.98
CA_1,HOBBIES_1_028,11509,7.98
CA_1,HOBBIES_1_028,11510,7.98
CA_1,HOBBIES_1_028,11511,7.98
CA_1,HOBBIES_1_028,11512,7.98
CA_1,HOBBIES_1_028,11513,7.98
CA_1,HOBBIES_1_028,11514,7.98
CA_1,HOBBIES_1_028,11515,7.98
CA_1,HOBBIES_1_028,11516,7.98
CA_1,HOBBIES_1_028,11517,7.98
CA_1,HOBBIES_1_028,11518,7.98
CA_1,HOBBIES_1_028,11519,7.98
CA_1,HOBBIES_1_028,11520,7.98
CA_1,HOBBIES_1_028,11521,7.98
CA_1,HOBBIES_1_028,11522,7.98
CA_1,HOBBIES_1_028,11523,7.98
CA_1,HOBBIES_1_028,11524,7.98
CA_1,HOBBIES_1_028,11525,7.98
CA_1,HOBBIES_1_028,11526,7.98
CA_1,HOBBIES_1_028,11527,7.98
CA_1,HOBBIES_1_028,11528,7.98
CA_1,HOBBIES_1_028,11529,7.98
CA_1,HOBBIES_1_028,11530,7.98
CA_1,HOBBIES_1_028,11531,7.98
CA_1,HOBBIES_1_028,11532,7.98
CA_1,HOBBIES_1_028,11533,7.98
CA_1,HOBBIES_1_028,11534,7.98
CA_1,HOBBIES_1_028,11535,7.98
CA_1,HOBBIES_1_028,11536,7.98
CA_1,HOBBIES_1_028,11537,7.98
CA_1,HOBBIES_1_028,11538,7.98
CA_1,HOBBIES_1_028,11539,7.98
CA_1,HOBBIES_1_028,11540,7.98
CA_1,HOBBIES_1_028,11541,7.98
CA_1,HOBBIES_1_028,11542,7.98
CA_1,HOBBIES_1_028,11543,7.98
CA_1,HOBBIES_1_028,11544,7.98
CA_1,HOBBIES_1_028,11545,7.98
CA_1,HOBBIES_1_028,11546,7.98
CA_1,HOBBIES_1_028,11547,7.98
CA_1,HOBBIES_1_028,11548,7.98
CA_1,HOBBIES_1_028,11549,7.98
CA_1,HOBBIES_1_028,11550,7.98
CA_1,HOBBIES_1_028,11551,7.98
CA_1,HOBBIES_1_028,11552,7.98
CA_1,HOBBIES_1_028,11601,7.98
CA_1,HOBBIES_1_028,11602,7.98
CA_1,HOBBIES_1_028,11603,7.98
CA_1,HOBBIES_1_028,11604,7.98
CA_1,HOBBIES_1_028,11605,7.98
CA_1,HOBBIES_1_028,11606,7.98
CA_1,HOBBIES_1_028,11607,7.98
CA_1,HOBBIES_1_028,11608,7.98
CA_1,HOBBIES_1_028,11609,7.98
CA_1,HOBBIES_1_028,11610,7.98
CA_1,HOBBIES_1_028,11611,7.98
CA_1,HOBBIES_1_028,11612,7.98
CA_1,HOBBIES_1_028,11613,7.98
CA_1,HOBBIES_1_028,11614,7.98
CA_1,HOBBIES_1_028,11615,7.98
CA_1,HOBBIES_1_028,11616,7.98
CA_1,HOBBIES_1_028,11617,7.98
CA_1,HOBBIES_1_028,11618,7.98
CA_1,HOBBIES_1_028,11619,7.98
CA_1,HOBBIES_1_028,11620,7.98
CA_1,HOBBIES_1_028,11621,7.98
CA_1,HOBBIES_1_029,11101,7.44
CA_1,HOBBIES_1_029,11102,7.44
CA_1,HOBBIES_1_029,11103,7.44
CA_1,HOBBIES_1_029,11104,7.44
CA_1,HOBBIES_1_029,11105,7.44
CA_1,HOBBIES_1_029,11106,7.44
CA_1,HOBBIES_1_029,11107,7.44
CA_1,HOBBIES_1_029,11108,7.44
CA_1,HOBBIES_1_029,11109,7.44
CA_1,HOBBIES_1_029,11110,7.44
CA_1,HOBBIES_1_029,11111,7.44
CA_1,HOBBIES_1_029,11112,7.44
CA_1,HOBBIES_1_029,11113,7.44
CA_1,HOBBIES_1_029,11114,7.44
CA_1,HOBBIES_1_029,11115,7.44
CA_1,HOBBIES_1_029,11116,7.44
CA_1,HOBBIES_1_029,11117,7.44
CA_1,HOBBIES_1_029,11118,7.44
CA_1,HOBBIES_1_029,11119,7.44
CA_1,HOBBIES_1_029,11120,7.44
CA_1,HOBBIES_1_029,11121,7.44
CA_1,HOBBIES_1_029,11122,7.44
CA_1,HOBBIES_1_029,11123,7.44
CA_1,HOBBIES_1_029,11124,7.44
CA_1,HOBBIES_1_029,11125,7.44
CA_1,HOBBIES_1_029,11126,7.44
CA_1,HOBBIES_1_029,11127,7.44
CA_1,HOBBIES_1_029,11128,7.44
CA_1,HOBBIES_1_029,11129,7.44
CA_1,HOBBIES_1_029,11130,7.44
CA_1,HOBBIES_1_029,11131,7.44
CA_1,HOBBIES_1_029,11132,7.44
CA_1,HOBBIES_1_029,11133,7.44
CA_1,HOBBIES_1_029,11134,7.44
CA_1,HOBBIES_1_029,11135,7.44
CA_1,HOBBIES_1_029,11136,7.44
CA_1,HOBBIES_1_029,11137,7.44
CA_1,HOBBIES_1_029,11138,7.44
CA_1,HOBBIES_1_029,11139,7.44
CA_1,HOBBIES_1_029,11140,7.44
CA_1,HOBBIES_1_029,11141,7.44
CA_1,HOBBIES_1_029,11142,7.44
CA_1,HOBBIES_1_029,11143,7.44
CA_1,HOBBIES_1_029,11144,7.44
CA_1,HOBBIES_1_029,11145,7.44
CA_1,HOBBIES_1_029,11146,7.44
CA_1,HOBBIES_1_029,11147,7.44
CA_1,HOBBIES_1_029,11148,7.44
CA_1,HOBBIES_1_029,11149,7.44
CA_1,HOBBIES_1_029,11150,7.44
CA_1,HOBBIES_1_029,11151,7.44
CA_1,HOBBIES_1_029,11152,7.44
CA_1,HOBBIES_1_029,11201,7.44
CA_1,HOBBIES_1_029,11202,7.44
CA_1,HOBBIES_1_029,11203,7.44
CA_1,HOBBIES_1_029,11204,7.44
CA_1,HOBBIES_1_029,11205,7.44
CA_1,HOBBIES_1_029,11206,7.44
CA_1,HOBBIES_1_029,11207,7.44
CA_1,HOBBIES_1_029,11208,7.44
CA_1,HOBBIES_1_029,11209,7.44
CA_1,HOBBIES_1_029,11210,7.44
CA_1,HOBBIES_1_029,11211,7.44
CA_1,HOBBIES_1_029,11212,7.44
CA_1,HOBBIES_1_029,11213,7.44
CA_1,HOBBIES_1_029,11214,7.44
CA_1,HOBBIES_1_029,11215,7.44
CA_1,HOBBIES_1_029,11216,7.44
CA_1,HOBBIES_1_029,11217,7.44
CA_1,HOBBIES_1_029,11218,7.44
CA_1,HOBBIES_1_029,11219,7.44
CA_1,HOBBIES_1_029,11220,7.44
CA_1,HOBBIES_1_029,11221,7.44
CA_1,HOBBIES_1_029,11222,7.44
CA_1,HOBBIES_1_029,11223,7.44
CA_1,HOBBIES_1_029,11224,7.44
CA_1,HOBBIES_1_029,11225,7.44
CA_1,HOBBIES_1_029,11226,7.44
CA_1,HOBBIES_1_029,11227,7.44
CA_1,HOBBIES_1_029,11228,7.44
CA_1,HOBBIES_1_029,11229,7.44
CA_1,HOBBIES_1_029,11230,7.44
CA_1,HOBBIES_1_029,11231,7.44
CA_1,HOBBIES_1_029,11232,7.44
CA_1,HOBBIES_1_029,11233,7.44
CA_1,HOBBIES_1_029,11234,7.44
CA_1,HOBBIES_1_029,11235,7.44
CA_1,HOBBIES_1_029,11236,7.44
CA_1,HOBBIES_1_029,11237,7.44
CA_1,HOBBIES_1_029,11238,7.44
CA_1,HOBBIES_1_029,11239,7.44
CA_1,HOBBIES_1_029,11240,7.44
CA_1,HOBBIES_1_029,11241,7.44
CA_1,HOBBIES_1_029,11242,7.44
CA_1,HOBBIES_1_029,11243,7.44
CA_1,HOBBIES_1_029,11244,7.44
CA_1,HOBBIES_1_029,11245,7.44
CA_1,HOBBIES_1_029,11246,7.44
CA_1,HOBBIES_1_029,11247,7.44
CA_1,HOBBIES_1_029,11248,7.44
CA_1,HOBBIES_1_029,11249,7.44
CA_1,HOBBIES_1_029,11250,7.44
CA_1,HOBBIES_1_029,11251,7.44
CA_1,HOBBIES_1_029,11252,7.44
CA_1,HOBBIES_1_029,11301,7.44
CA_1,HOBBIES_1_029,11302,7.44
CA_1,HOBBIES_1_029,11303,7.44
CA_1,HOBBIES_1_029,11304,7.44
CA_1,HOBBIES_1_029,11305,8.98
CA_1,HOBBIES_1_029,11306,8.98
CA_1,HOBBIES_1_029,11307,8.98
CA_1,HOBBIES_1_029,11308,8.98
CA_1,HOBBIES_1_029,11309,8.98
CA_1,HOBBIES_1_029,11310,8.98
CA_1,HOBBIES_1_029,11311,8.98
CA_1,HOBBIES_1_029,11312,8.98
CA_1,HOBBIES_1_029,11313,8.98
CA_1,HOBBIES_1_029,11314,8.98
CA_1,HOBBIES_1_029,11315,8.98
CA_1,HOBBIES_1_029,11316,8.98
CA_1,HOBBIES_1_029,11317,8.98
CA_1,HOBBIES_1_029,11318,8.98
CA_1,HOBBIES_1_029,11319,8.98
CA_1,HOBBIES_1_029,11320,8.98
CA_1,HOBBIES_1_029,11321,8.98
CA_1,HOBBIES_1_029,11322,8.98
CA_1,HOBBIES_1_029,11323,8.98
CA_1,HOBBIES_1_029,11324,8.98
CA_1,HOBBIES_1_029,11325,8.98
CA_1,HOBBIES_1_029,11326,8.98
CA_1,HOBBIES_1_029,11327,8.98
CA_1,HOBBIES_1_029,11328,8.98
CA_1,HOBBIES_1_029,11329,8.98
CA_1,HOBBIES_1_029,11330,8.98
CA_1,HOBBIES_1_029,11331,8.98
CA_1,HOBBIES_1_029,11332,8.98
CA_1,HOBBIES_1_029,11333,8.98
CA_1,HOBBIES_1_029,11334,8.98
CA_1,HOBBIES_1_029,11335,8.98
CA_1,HOBBIES_1_029,11336,8.98
CA_1,HOBBIES_1_029,11337,8.98
CA_1,HOBBIES_1_029,11338,8.98
CA_1,HOBBIES_1_029,11339,8.98
CA_1,HOBBIES_1_029,11340,8.98
CA_1,HOBBIES_1_029,11341,8.98
CA_1,HOBBIES_1_029,11342,8.98
CA_1,HOBBIES_1_029,11343,8.98
CA_1,HOBBIES_1_029,11344,8.98
CA_1,HOBBIES_1_029,11345,8.98
CA_1,HOBBIES_1_029,11346,8.98
CA_1,HOBBIES_1_029,11347,8.98
CA_1,HOBBIES_1_029,11348,8.98
CA_1,HOBBIES_1_029,11349,8.98
CA_1,HOBBIES_1_029,11350,8.98
CA_1,HOBBIES_1_029,11351,8.98
CA_1,HOBBIES_1_029,11352,8.98
CA_1,HOBBIES_1_029,11353,8.98
CA_1,HOBBIES_1_029,11401,8.98
CA_1,HOBBIES_1_029,11402,8.98
CA_1,HOBBIES_1_029,11403,8.98
CA_1,HOBBIES_1_029,11404,8.98
CA_1,HOBBIES_1_029,11405,8.98
CA_1,HOBBIES_1_029,11406,8.98
CA_1,HOBBIES_1_029,11407,8.98
CA_1,HOBBIES_1_029,11408,8.98
CA_1,HOBBIES_1_029,11409,7.98
CA_1,HOBBIES_1_029,11410,7.98
CA_1,HOBBIES_1_029,11411,7.98
CA_1,HOBBIES_1_029,11412,7.98
CA_1,HOBBIES_1_029,11413,7.98
CA_1,HOBBIES_1_029,11414,7.98
CA_1,HOBBIES_1_029,11415,7.98
CA_1,HOBBIES_1_029,11416,7.98
CA_1,HOBBIES_1_029,11417,7.98
CA_1,HOBBIES_1_029,11418,7.98
CA_1,HOBBIES_1_029,11419,7.98
CA_1,HOBBIES_1_029,11420,7.98
CA_1,HOBBIES_1_029,11421,7.98
CA_1,HOBBIES_1_029,11422,7.98
CA_1,HOBBIES_1_029,11423,7.98
CA_1,HOBBIES_1_029,11424,7.98
CA_1,HOBBIES_1_029,11425,8.98
CA_1,HOBBIES_1_029,11426,8.98
CA_1,HOBBIES_1_029,11427,8.98
CA_1,HOBBIES_1_029,11428,8.98
CA_1,HOBBIES_1_029,11429,8.98
CA_1,HOBBIES_1_029,11430,8.98
CA_1,HOBBIES_1_029,11431,8.98
CA_1,HOBBIES_1_029,11432,8.98
CA_1,HOBBIES_1_029,11433,8.98
CA_1,HOBBIES_1_029,11434,8.98
CA_1,HOBBIES_1_029,11435,8.98
CA_1,HOBBIES_1_029,11436,8.98
CA_1,HOBBIES_1_029,11437,8.98
CA_1,HOBBIES_1_029,11438,8.98
CA_1,HOBBIES_1_029,11439,8.98
CA_1,HOBBIES_1_029,11440,8.98
CA_1,HOBBIES_1_029,11441,8.98
CA_1,HOBBIES_1_029,11442,8.98
CA_1,HOBBIES_1_029,11443,8.98
CA_1,HOBBIES_1_029,11444,8.98
CA_1,HOBBIES_1_029,11445,8.98
CA_1,HOBBIES_1_029,11446,8.98
CA_1,HOBBIES_1_029,11447,8.98
CA_1,HOBBIES_1_029,11448,8.98
CA_1,HOBBIES_1_029,11449,8.98
CA_1,HOBBIES_1_029,11450,8.98
CA_1,HOBBIES_1_029,11451,8.98
CA_1,HOBBIES_1_029,11452,8.98
CA_1,HOBBIES_1_029,11501,8.98
CA_1,HOBBIES_1_029,11502,8.98
CA_1,HOBBIES_1_029,11503,8.98
CA_1,HOBBIES_1_029,11504,8.98
CA_1,HOBBIES_1_029,11505,8.98
CA_1,HOBBIES_1_029,11506,8.98
CA_1,HOBBIES_1_029,11507,8.98
CA_1,HOBBIES_1_029,11508,8.98
CA_1,HOBBIES_1_029,11509,8.98
CA_1,HOBBIES_1_029,11510,8.98
CA_1,HOBBIES_1_029,11511,8.98
CA_1,HOBBIES_1_029,11512,8.98
CA_1,HOBBIES_1_029,11513,8.98
CA_1,HOBBIES_1_029,11514,8.98
CA_1,HOBBIES_1_029,11515,8.98
CA_1,HOBBIES_1_029,11516,8.98
CA_1,HOBBIES_1_029,11517,8.98
CA_1,HOBBIES_1_029,11518,8.98
CA_1,HOBBIES_1_029,11519,8.98
CA_1,HOBBIES_1_029,11520,8.98
CA_1,HOBBIES_1_029,11521,8.98
CA_1,HOBBIES_1_029,11522,8.98
CA_1,HOBBIES_1_029,11523,8.98
CA_1,HOBBIES_1_029,11524,8.98
CA_1,HOBBIES_1_029,11525,8.98
CA_1,HOBBIES_1_029,11526,8.98
CA_1,HOBBIES_1_029,11527,8.98
CA_1,HOBBIES_1_029,11528,8.98
CA_1,HOBBIES_1_029,11529,8.98
CA_1,HOBBIES_1_029,11530,8.98
CA_1,HOBBIES_1_029,11531,8.98
CA_1,HOBBIES_1_029,11532,8.98
CA_1,HOBBIES_1_029,11533,8.98
CA_1,HOBBIES_1_029,11534,8.98
CA_1,HOBBIES_1_029,11535,8.98
CA_1,HOBBIES_1_029,11536,8.98
CA_1,HOBBIES_1_029,11537,8.98
CA_1,HOBBIES_1_029,11538,8.98
CA_1,HOBBIES_1_029,11539,8.98
CA_1,HOBBIES_1_029,11540,8.98
CA_1,HOBBIES_1_029,11541,8.98
CA_1,HOBBIES_1_029,11542,8.98
CA_1,HOBBIES_1_029,11543,8.98
CA_1,HOBBIES_1_029,11544,8.98
CA_1,HOBBIES_1_029,11545,8.98
CA_1,HOBBIES_1_029,11546,8.98
CA_1,HOBBIES_1_029,11547,8.98
CA_1,HOBBIES_1_029,11548,8.98
CA_1,HOBBIES_1_029,11549,8.98
CA_1,HOBBIES_1_029,11550,8.98
CA_1,HOBBIES_1_029,11551,8.98
CA_1,HOBBIES_1_029,11552,8.98
CA_1,HOBBIES_1_029,11601,8.98
CA_1,HOBBIES_1_029,11602,8.98
CA_1,HOBBIES_1_029,11603,8.98
CA_1,HOBBIES_1_029,11604,8.98
CA_1,HOBBIES_1_029,11605,8.98
CA_1,HOBBIES_1_029,11606,8.98
CA_1,HOBBIES_1_029,11607,8.98
CA_1,HOBBIES_1_029,11608,8.98
CA_1,HOBBIES_1_029,11609,8.98
CA_1,HOBBIES_1_029,11610,8.98
CA_1,HOBBIES_1_029,11611,8.98
CA_1,HOBBIES_1_029,11612,8.98
CA_1,HOBBIES_1_029,11613,8.98
CA_1,HOBBIES_1_029,11614,8.98
CA_1,HOBBIES_1_029,11615,8.98
CA_1,HOBBIES_1_029,11616,8.98
CA_1,HOBBIES_1_029,11617,8.98
CA_1,HOBBIES_1_029,11618,8.98
CA_1,HOBBIES_1_029,11619,8.98
CA_1,HOBBIES_1_029,11620,8.98
CA_1,HOBBIES_1_029,11621,8.98
CA_1,HOBBIES_1_030,11226,0.8
CA_1,HOBBIES_1_030,11227,0.8
CA_1,HOBBIES_1_030,11228,0.8
CA_1,HOBBIES_1_030,11229,0.8
CA_1,HOBBIES_1_030,11230,0.8
CA_1,HOBBIES_1_030,11231,0.8
CA_1,HOBBIES_1_030,11232,0.8
CA_1,HOBBIES_1_030,11233,0.8
CA_1,HOBBIES_1_030,11234,0.8
CA_1,HOBBIES_1_030,11235,0.8
CA_1,HOBBIES_1_030,11236,0.8
CA_1,HOBBIES_1_030,11237,0.8
CA_1,HOBBIES_1_030,11238,0.8
CA_1,HOBBIES_1_030,11239,0.8
CA_1,HOBBIES_1_030,11240,0.8
CA_1,HOBBIES_1_030,11241,0.8
CA_1,HOBBIES_1_030,11242,0.8
CA_1,HOBBIES_1_030,11243,0.8
CA_1,HOBBIES_1_030,11244,0.8
CA_1,HOBBIES_1_030,11245,0.8
CA_1,HOBBIES_1_030,11246,0.8
CA_1,HOBBIES_1_030,11247,0.8
CA_1,HOBBIES_1_030,11248,0.8
CA_1,HOBBIES_1_030,11249,0.8
CA_1,HOBBIES_1_030,11250,0.8
CA_1,HOBBIES_1_030,11251,0.8
CA_1,HOBBIES_1_030,11252,0.8
CA_1,HOBBIES_1_030,11301,0.8
CA_1,HOBBIES_1_030,11302,0.8
CA_1,HOBBIES_1_030,11303,0.8
CA_1,HOBBIES_1_030,11304,0.8
CA_1,HOBBIES_1_030,11305,0.8
CA_1,HOBBIES_1_030,11306,0.8
CA_1,HOBBIES_1_030,11307,0.8
CA_1,HOBBIES_1_030,11308,0.8
CA_1,HOBBIES_1_030,11309,0.8
CA_1,HOBBIES_1_030,11310,0.8
CA_1,HOBBIES_1_030,11311,0.8
CA_1,HOBBIES_1_030,11312,0.8
CA_1,HOBBIES_1_030,11313,0.8
CA_1,HOBBIES_1_030,11314,0.8
CA_1,HOBBIES_1_030,11315,0.8
CA_1,HOBBIES_1_030,11316,0.8
CA_1,HOBBIES_1_030,11317,0.8
CA_1,HOBBIES_1_030,11318,0.8
CA_1,HOBBIES_1_030,11319,0.8
CA_1,HOBBIES_1_030,11320,0.8
CA_1,HOBBIES_1_030,11321,0.8
CA_1,HOBBIES_1_030,11322,0.8
CA_1,HOBBIES_1_030,11323,0.8
CA_1,HOBBIES_1_030,11324,0.8
CA_1,HOBBIES_1_030,11325,0.8
CA_1,HOBBIES_1_030,11326,0.8
CA_1,HOBBIES_1_030,11327,0.8
CA_1,HOBBIES_1_030,11328,0.72
CA_1,HOBBIES_1_030,11329,0.72
CA_1,HOBBIES_1_030,11330,0.72
CA_1,HOBBIES_1_030,11331,0.72
CA_1,HOBBIES_1_030,11332,0.72
CA_1,HOBBIES_1_030,11333,0.72
CA_1,HOBBIES_1_030,11334,0.72
CA_1,HOBBIES_1_030,11335,0.72
CA_1,HOBBIES_1_030,11336,0.72
CA_1,HOBBIES_1_030,11337,0.72
CA_1,HOBBIES_1_030,11338,0.72
CA_1,HOBBIES_1_030,11339,0.72
CA_1,HOBBIES_1_030,11340,0.72
CA_1,HOBBIES_1_030,11341,0.72
CA_1,HOBBIES_1_030,11342,0.7
CA_1,HOBBIES_1_030,11343,0.7
CA_1,HOBBIES_1_030,11344,0.7
CA_1,HOBBIES_1_030,11345,0.7
CA_1,HOBBIES_1_030,11346,0.7
CA_1,HOBBIES_1_030,11347,0.7
CA_1,HOBBIES_1_030,11348,0.7
CA_1,HOBBIES_1_030,11349,0.7
CA_1,HOBBIES_1_030,11350,0.7
CA_1,HOBBIES_1_030,11351,0.7
CA_1,HOBBIES_1_030,11352,0.7
CA_1,HOBBIES_1_030,11353,0.7
CA_1,HOBBIES_1_030,11401,0.7
CA_1,HOBBIES_1_030,11402,0.7
CA_1,HOBBIES_1_030,11403,0.7
CA_1,HOBBIES_1_030,11404,0.7
CA_1,HOBBIES_1_030,11405,0.7
CA_1,HOBBIES_1_030,11406,0.7
CA_1,HOBBIES_1_030,11407,0.7
CA_1,HOBBIES_1_030,11408,0.7
CA_1,HOBBIES_1_030,11409,0.7
CA_1,HOBBIES_1_030,11410,0.7
CA_1,HOBBIES_1_030,11411,0.7
CA_1,HOBBIES_1_030,11412,0.7
CA_1,HOBBIES_1_030,11413,0.7
CA_1,HOBBIES_1_030,11414,0.7
CA_1,HOBBIES_1_030,11415,0.7
CA_1,HOBBIES_1_030,11416,0.7
CA_1,HOBBIES_1_030,11417,0.7
CA_1,HOBBIES_1_030,11418,0.7
CA_1,HOBBIES_1_030,11419,0.7
CA_1,HOBBIES_1_030,11420,0.7
CA_1,HOBBIES_1_030,11421,0.7
CA_1,HOBBIES_1_030,11422,0.7
CA_1,HOBBIES_1_030,11423,0.7
CA_1,HOBBIES_1_030,11424,0.7
CA_1,HOBBIES_1_030,11425,0.7
CA_1,HOBBIES_1_030,11426,0.7
CA_1,HOBBIES_1_030,11427,0.7
CA_1,HOBBIES_1_030,11428,0.7
CA_1,HOBBIES_1_030,11429,0.7
CA_1,HOBBIES_1_030,11430,0.7
CA_1,HOBBIES_1_030,11431,0.7
CA_1,HOBBIES_1_030,11432,0.7
CA_1,HOBBIES_1_030,11433,0.7
CA_1,HOBBIES_1_030,11434,0.7
CA_1,HOBBIES_1_030,11435,0.7
CA_1,HOBBIES_1_030,11436,0.7
CA_1,HOBBIES_1_030,11437,0.7
CA_1,HOBBIES_1_030,11438,0.7
CA_1,HOBBIES_1_030,11439,0.7
CA_1,HOBBIES_1_030,11440,0.7
CA_1,HOBBIES_1_030,11441,0.7
CA_1,HOBBIES_1_030,11442,0.7
CA_1,HOBBIES_1_030,11443,0.7
CA_1,HOBBIES_1_030,11444,0.7
CA_1,HOBBIES_1_030,11445,0.7
CA_1,HOBBIES_1_030,11446,0.7
CA_1,HOBBIES_1_030,11447,0.7
CA_1,HOBBIES_1_030,11448,0.7
CA_1,HOBBIES_1_030,11449,0.7
CA_1,HOBBIES_1_030,11450,0.7
CA_1,HOBBIES_1_030,11451,0.7
CA_1,HOBBIES_1_030,11452,0.7
CA_1,HOBBIES_1_030,11501,0.7
CA_1,HOBBIES_1_030,11502,0.7
CA_1,HOBBIES_1_030,11503,0.7
CA_1,HOBBIES_1_030,11504,0.7
CA_1,HOBBIES_1_030,11505,0.7
CA_1,HOBBIES_1_030,11506,0.7
CA_1,HOBBIES_1_030,11507,0.7
CA_1,HOBBIES_1_030,11508,0.7
CA_1,HOBBIES_1_030,11509,0.7
CA_1,HOBBIES_1_030,11510,0.7
CA_1,HOBBIES_1_030,11511,0.7
CA_1,HOBBIES_1_030,11512,0.7
CA_1,HOBBIES_1_030,11513,0.7
CA_1,HOBBIES_1_030,11514,0.7
CA_1,HOBBIES_1_030,11515,0.7
CA_1,HOBBIES_1_030,11516,0.7
CA_1,HOBBIES_1_030,11517,0.7
CA_1,HOBBIES_1_030,11518,0.7
CA_1,HOBBIES_1_030,11519,0.7
CA_1,HOBBIES_1_030,11520,0.7
CA_1,HOBBIES_1_030,11521,0.7
CA_1,HOBBIES_1_030,11522,0.7
CA_1,HOBBIES_1_030,11523,0.7
CA_1,HOBBIES_1_030,11524,0.7
CA_1,HOBBIES_1_030,11525,0.7
CA_1,HOBBIES_1_030,11526,0.7
CA_1,HOBBIES_1_030,11527,0.7
CA_1,HOBBIES_1_030,11528,0.7
CA_1,HOBBIES_1_030,11529,0.7
CA_1,HOBBIES_1_030,11530,0.7
CA_1,HOBBIES_1_030,11531,0.7
CA_1,HOBBIES_1_030,11532,0.7
CA_1,HOBBIES_1_030,11533,0.7
CA_1,HOBBIES_1_030,11534,0.7
CA_1,HOBBIES_1_030,11535,0.7
CA_1,HOBBIES_1_030,11536,0.7
CA_1,HOBBIES_1_030,11537,0.7
CA_1,HOBBIES_1_030,11538,0.7
CA_1,HOBBIES_1_030,11539,0.7
CA_1,HOBBIES_1_030,11540,0.7
CA_1,HOBBIES_1_030,11541,0.7
CA_1,HOBBIES_1_030,11542,0.7
CA_1,HOBBIES_1_030,11543,0.7
CA_1,HOBBIES_1_030,11544,0.7
CA_1,HOBBIES_1_030,11545,0.7
CA_1,HOBBIES_1_030,11546,0.7
CA_1,HOBBIES_1_030,11547,0.7
CA_1,HOBBIES_1_030,11548,0.7
CA_1,HOBBIES_1_030,11549,0.7
CA_1,HOBBIES_1_030,11550,0.7
CA_1,HOBBIES_1_030,11551,0.7
CA_1,HOBBIES_1_030,11552,0.7
CA_1,HOBBIES_1_030,11601,0.7
CA_1,HOBBIES_1_030,11602,0.7
CA_1,HOBBIES_1_030,11603,0.7
CA_1,HOBBIES_1_030,11604,0.7
CA_1,HOBBIES_1_030,11605,0.7
CA_1,HOBBIES_1_030,11606,0.7
CA_1,HOBBIES_1_030,11607,0.7
CA_1,HOBBIES_1_030,11608,0.7
CA_1,HOBBIES_1_030,11609,0.7
CA_1,HOBBIES_1_030,11610,0.7
CA_1,HOBBIES_1_030,11611,0.7
CA_1,HOBBIES_1_030,11612,0.7
CA_1,HOBBIES_1_030,11613,0.7
CA_1,HOBBIES_1_030,11614,0.7
CA_1,HOBBIES_1_030,11615,0.7
CA_1,HOBBIES_1_030,11616,0.7
CA_1,HOBBIES_1_030,11617,0.7
CA_1,HOBBIES_1_030,11618,0.7
CA_1,HOBBIES_1_030,11619,0.7
CA_1,HOBBIES_1_030,11620,0.7
CA_1,HOBBIES_1_030,11621,0.7
CA_1,HOBBIES_1_031,11103,10.85
CA_1,HOBBIES_1_031,11104,10.85
CA_1,HOBBIES_1_031,11105,10.85
CA_1,HOBBIES_1_031,11106,10.85
CA_1,HOBBIES_1_031,11107,10.85
CA_1,HOBBIES_1_031,11108,10.98
CA_1,HOBBIES_1_031,11109,10.98
CA_1,HOBBIES_1_031,11110,10.98
CA_1,HOBBIES_1_031,11111,10.98
CA_1,HOBBIES_1_031,11112,10.98
CA_1,HOBBIES_1_031,11113,10.98
CA_1,HOBBIES_1_031,11114,10.98
CA_1,HOBBIES_1_031,11115,10.98
CA_1,HOBBIES_1_031,11116,10.98
CA_1,HOBBIES_1_031,11117,10.98
CA_1,HOBBIES_1_031,11118,10.98
CA_1,HOBBIES_1_031,11119,10.98
CA_1,HOBBIES_1_031,11120,10.98
CA_1,HOBBIES_1_031,11121,10.98
CA_1,HOBBIES_1_031,11122,10.98
CA_1,HOBBIES_1_031,11123,10.98
CA_1,HOBBIES_1_031,11124,10.98
CA_1,HOBBIES_1_031,11125,10.98
CA_1,HOBBIES_1_031,11126,10.98
CA_1,HOBBIES_1_031,11127,10.98
CA_1,HOBBIES_1_031,11128,10.98
CA_1,HOBBIES_1_031,11129,10.98
CA_1,HOBBIES_1_031,11130,10.98
CA_1,HOBBIES_1_031,11131,10.98
CA_1,HOBBIES_1_031,11132,10.98
CA_1,HOBBIES_1_031,11133,10.98
CA_1,HOBBIES_1_031,11134,10.98
CA_1,HOBBIES_1_031,11135,10.98
CA_1,HOBBIES_1_031,11136,10.98
CA_1,HOBBIES_1_031,11137,10.98
CA_1,HOBBIES_1_031,11138,10.98
CA_1,HOBBIES_1_031,11139,10.98
CA_1,HOBBIES_1_031,11140,10.98
CA_1,HOBBIES_1_031,11141,10.98
CA_1,HOBBIES_1_031,11142,10.98
CA_1,HOBBIES_1_031,11143,10.98
CA_1,HOBBIES_1_031,11144,10.98
CA_1,HOBBIES_1_031,11145,10.98
CA_1,HOBBIES_1_031,11146,10.98
CA_1,HOBBIES_1_031,11147,10.98
CA_1,HOBBIES_1_031,11148,10.98
CA_1,HOBBIES_1_031,11149,10.98
CA_1,HOBBIES_1_031,11150,10.98
CA_1,HOBBIES_1_031,11151,10.98
CA_1,HOBBIES_1_031,11152,10.98
CA_1,HOBBIES_1_031,11201,10.98
CA_1,HOBBIES_1_031,11202,10.98
CA_1,HOBBIES_1_031,11203,10.98
CA_1,HOBBIES_1_031,11204,10.98
CA_1,HOBBIES_1_031,11205,10.98
CA_1,HOBBIES_1_031,11206,10.98
CA_1,HOBBIES_1_031,11207,10.98
CA_1,HOBBIES_1_031,11208,10.98
CA_1,HOBBIES_1_031,11209,10.98
CA_1,HOBBIES_1_031,11210,10.98
CA_1,HOBBIES_1_031,11211,10.98
CA_1,HOBBIES_1_031,11212,10.98
CA_1,HOBBIES_1_031,11213,10.98
CA_1,HOBBIES_1_031,11214,10.98
CA_1,HOBBIES_1_031,11215,10.98
CA_1,HOBBIES_1_031,11216,10.98
CA_1,HOBBIES_1_031,11217,10.98
CA_1,HOBBIES_1_031,11218,10.98
CA_1,HOBBIES_1_031,11219,10.98
CA_1,HOBBIES_1_031,11220,10.98
CA_1,HOBBIES_1_031,11221,10.98
CA_1,HOBBIES_1_031,11222,10.98
CA_1,HOBBIES_1_031,11223,10.98
CA_1,HOBBIES_1_031,11224,10.98
CA_1,HOBBIES_1_031,11225,10.98
CA_1,HOBBIES_1_031,11226,10.98
CA_1,HOBBIES_1_031,11227,10.98
CA_1,HOBBIES_1_031,11228,10.98
CA_1,HOBBIES_1_031,11229,10.98
CA_1,HOBBIES_1_031,11230,10.98
CA_1,HOBBIES_1_031,11231,10.98
CA_1,HOBBIES_1_031,11232,10.98
CA_1,HOBBIES_1_031,11233,10.98
CA_1,HOBBIES_1_031,11234,10.98
CA_1,HOBBIES_1_031,11235,10.98
CA_1,HOBBIES_1_031,11236,10.98
CA_1,HOBBIES_1_031,11237,10.98
CA_1,HOBBIES_1_031,11238,10.98
CA_1,HOBBIES_1_031,11239,10.98
CA_1,HOBBIES_1_031,11240,10.98
CA_1,HOBBIES_1_031,11241,10.98
CA_1,HOBBIES_1_031,11242,10.98
CA_1,HOBBIES_1_031,11243,10.98
CA_1,HOBBIES_1_031,11244,10.98
CA_1,HOBBIES_1_031,11245,10.98
CA_1,HOBBIES_1_031,11246,10.98
CA_1,HOBBIES_1_031,11247,10.98
CA_1,HOBBIES_1_031,11248,10.98
CA_1,HOBBIES_1_031,11249,10.98
CA_1,HOBBIES_1_031,11250,10.98
CA_1,HOBBIES_1_031,11251,10.98
CA_1,HOBBIES_1_031,11252,10.98
CA_1,HOBBIES_1_031,11301,10.98
CA_1,HOBBIES_1_031,11302,10.98
CA_1,HOBBIES_1_031,11303,10.98
CA_1,HOBBIES_1_031,11304,10.98
CA_1,HOBBIES_1_031,11305,10.98
CA_1,HOBBIES_1_031,11306,10.98
CA_1,HOBBIES_1_031,11307,10.98
CA_1,HOBBIES_1_031,11308,10.98
CA_1,HOBBIES_1_031,11309,10.98
CA_1,HOBBIES_1_031,11310,10.98
CA_1,HOBBIES_1_031,11311,10.98
CA_1,HOBBIES_1_031,11312,10.98
CA_1,HOBBIES_1_031,11313,10.98
CA_1,HOBBIES_1_031,11314,10.98
CA_1,HOBBIES_1_031,11315,10.98
CA_1,HOBBIES_1_031,11316,10.98
CA_1,HOBBIES_1_031,11317,10.98
CA_1,HOBBIES_1_031,11318,10.98
CA_1,HOBBIES_1_031,11319,10.98
CA_1,HOBBIES_1_031,11320,10.98
CA_1,HOBBIES_1_031,11321,10.98
CA_1,HOBBIES_1_031,11322,10.98
CA_1,HOBBIES_1_031,11323,10.98
CA_1,HOBBIES_1_031,11324,10.98
CA_1,HOBBIES_1_031,11325,10.98
CA_1,HOBBIES_1_031,11326,10.98
CA_1,HOBBIES_1_031,11327,10.98
CA_1,HOBBIES_1_031,11328,10.98
CA_1,HOBBIES_1_031,11329,10.98
CA_1,HOBBIES_1_031,11330,10.98
CA_1,HOBBIES_1_031,11331,10.98
CA_1,HOBBIES_1_031,11332,10.98
CA_1,HOBBIES_1_031,11333,10.98
CA_1,HOBBIES_1_031,11334,10.98
CA_1,HOBBIES_1_031,11335,10.98
CA_1,HOBBIES_1_031,11336,10.98
CA_1,HOBBIES_1_031,11337,10.98
CA_1,HOBBIES_1_031,11338,10.98
CA_1,HOBBIES_1_031,11339,10.98
CA_1,HOBBIES_1_031,11340,10.98
CA_1,HOBBIES_1_031,11341,10.98
CA_1,HOBBIES_1_031,11342,10.98
CA_1,HOBBIES_1_031,11343,10.98
CA_1,HOBBIES_1_031,11344,10.98
CA_1,HOBBIES_1_031,11345,10.98
CA_1,HOBBIES_1_031,11346,10.98
CA_1,HOBBIES_1_031,11347,10.98
CA_1,HOBBIES_1_031,11348,10.98
CA_1,HOBBIES_1_031,11349,10.98
CA_1,HOBBIES_1_031,11350,10.98
CA_1,HOBBIES_1_031,11351,10.98
CA_1,HOBBIES_1_031,11352,10.98
CA_1,HOBBIES_1_031,11353,10.98
CA_1,HOBBIES_1_031,11401,10.98
CA_1,HOBBIES_1_031,11402,10.98
CA_1,HOBBIES_1_031,11403,10.98
CA_1,HOBBIES_1_031,11404,10.98
CA_1,HOBBIES_1_031,11405,10.98
CA_1,HOBBIES_1_031,11406,10.98
CA_1,HOBBIES_1_031,11407,10.98
CA_1,HOBBIES_1_031,11408,10.98
CA_1,HOBBIES_1_031,11409,10.98
CA_1,HOBBIES_1_031,11410,10.98
CA_1,HOBBIES_1_031,11411,10.98
CA_1,HOBBIES_1_031,11412,10.98
CA_1,HOBBIES_1_031,11413,10.98
CA_1,HOBBIES_1_031,11414,10.98
CA_1,HOBBIES_1_031,11415,10.98
CA_1,HOBBIES_1_031,11416,10.98
CA_1,HOBBIES_1_031,11417,10.98
CA_1,HOBBIES_1_031,11418,10.98
CA_1,HOBBIES_1_031,11419,10.98
CA_1,HOBBIES_1_031,11420,10.98
CA_1,HOBBIES_1_031,11421,10.98
CA_1,HOBBIES_1_031,11422,10.98
CA_1,HOBBIES_1_031,11423,10.98
CA_1,HOBBIES_1_031,11424,10.98
CA_1,HOBBIES_1_031,11425,10.98
CA_1,HOBBIES_1_031,11426,10.98
CA_1,HOBBIES_1_031,11427,10.98
CA_1,HOBBIES_1_031,11428,10.98
CA_1,HOBBIES_1_031,11429,10.98
CA_1,HOBBIES_1_031,11430,10.98
CA_1,HOBBIES_1_031,11431,10.98
CA_1,HOBBIES_1_031,11432,10.98
CA_1,HOBBIES_1_031,11433,10.98
CA_1,HOBBIES_1_031,11434,10.98
CA_1,HOBBIES_1_031,11435,10.98
CA_1,HOBBIES_1_031,11436,10.98
CA_1,HOBBIES_1_031,11437,10.98
CA_1,HOBBIES_1_031,11438,10.98
CA_1,HOBBIES_1_031,11439,10.98
CA_1,HOBBIES_1_031,11440,10.98
CA_1,HOBBIES_1_031,11441,10.98
CA_1,HOBBIES_1_031,11442,10.98
CA_1,HOBBIES_1_031,11443,10.98
CA_1,HOBBIES_1_031,11444,10.98
CA_1,HOBBIES_1_031,11445,10.98
CA_1,HOBBIES_1_031,11446,10.98
CA_1,HOBBIES_1_031,11447,10.98
CA_1,HOBBIES_1_031,11448,10.98
CA_1,HOBBIES_1_031,11449,10.98
CA_1,HOBBIES_1_031,11450,10.98
CA_1,HOBBIES_1_031,11451,10.98
CA_1,HOBBIES_1_031,11452,10.98
CA_1,HOBBIES_1_031,11501,10.98
CA_1,HOBBIES_1_031,11502,10.98
CA_1,HOBBIES_1_031,11503,10.98
CA_1,HOBBIES_1_031,11504,10.98
CA_1,HOBBIES_1_031,11505,10.98
CA_1,HOBBIES_1_031,11506,10.98
CA_1,HOBBIES_1_031,11507,10.98
CA_1,HOBBIES_1_031,11508,10.98
CA_1,HOBBIES_1_031,11509,10.98
CA_1,HOBBIES_1_031,11510,10.98
CA_1,HOBBIES_1_031,11511,10.98
CA_1,HOBBIES_1_031,11512,10.98
CA_1,HOBBIES_1_031,11513,10.98
CA_1,HOBBIES_1_031,11514,10.98
CA_1,HOBBIES_1_031,11515,10.98
CA_1,HOBBIES_1_031,11516,10.98
CA_1,HOBBIES_1_031,11517,10.98
CA_1,HOBBIES_1_031,11518,10.98
CA_1,HOBBIES_1_031,11519,10.98
CA_1,HOBBIES_1_031,11520,10.98
CA_1,HOBBIES_1_031,11521,10.98
CA_1,HOBBIES_1_031,11522,10.98
CA_1,HOBBIES_1_031,11523,10.98
CA_1,HOBBIES_1_031,11524,10.98
CA_1,HOBBIES_1_031,11525,10.98
CA_1,HOBBIES_1_031,11526,10.98
CA_1,HOBBIES_1_031,11527,10.98
CA_1,HOBBIES_1_031,11528,10.98
CA_1,HOBBIES_1_031,11529,10.98
CA_1,HOBBIES_1_031,11530,10.98
CA_1,HOBBIES_1_031,11531,10.98
CA_1,HOBBIES_1_031,11532,10.98
CA_1,HOBBIES_1_031,11533,10.98
CA_1,HOBBIES_1_031,11534,10.98
CA_1,HOBBIES_1_031,11535,10.98
CA_1,HOBBIES_1_031,11536,10.98
CA_1,HOBBIES_1_031,11537,10.98
CA_1,HOBBIES_1_031,11538,10.98
CA_1,HOBBIES_1_031,11539,10.98
CA_1,HOBBIES_1_031,11540,10.98
CA_1,HOBBIES_1_031,11541,10.98
CA_1,HOBBIES_1_031,11542,10.98
CA_1,HOBBIES_1_031,11543,10.98
CA_1,HOBBIES_1_031,11544,10.98
CA_1,HOBBIES_1_031,11545,10.98
CA_1,HOBBIES_1_031,11546,10.98
CA_1,HOBBIES_1_031,11547,10.98
CA_1,HOBBIES_1_031,11548,10.98
CA_1,HOBBIES_1_031,11549,10.98
CA_1,HOBBIES_1_031,11550,10.98
CA_1,HOBBIES_1_031,11551,10.98
CA_1,HOBBIES_1_031,11552,10.98
CA_1,HOBBIES_1_031,11601,10.98
CA_1,HOBBIES_1_031,11602,10.98
CA_1,HOBBIES_1_031,11603,10.98
CA_1,HOBBIES_1_031,11604,10.98
CA_1,HOBBIES_1_031,11605,10.98
CA_1,HOBBIES_1_031,11606,10.98
CA_1,HOBBIES_1_031,11607,10.98
CA_1,HOBBIES_1_031,11608,10.98
CA_1,HOBBIES_1_031,11609,10.98
CA_1,HOBBIES_1_031,11610,10.98
CA_1,HOBBIES_1_031,11611,10.98
CA_1,HOBBIES_1_031,11612,10.98
CA_1,HOBBIES_1_031,11613,10.98
CA_1,HOBBIES_1_031,11614,10.98
CA_1,HOBBIES_1_031,11615,10.98
CA_1,HOBBIES_1_031,11616,10.98
CA_1,HOBBIES_1_031,11617,10.98
CA_1,HOBBIES_1_031,11618,10.98
CA_1,HOBBIES_1_031,11619,10.98
CA_1,HOBBIES_1_031,11620,10.98
CA_1,HOBBIES_1_031,11621,10.98
CA_1,HOBBIES_1_032,11101,0.47
CA_1,HOBBIES_1_032,11102,0.47
CA_1,HOBBIES_1_032,11103,0.47
CA_1,HOBBIES_1_032,11104,0.47
CA_1,HOBBIES_1_032,11105,0.47
CA_1,HOBBIES_1_032,11106,0.47
CA_1,HOBBIES_1_032,11107,0.47
CA_1,HOBBIES_1_032,11108,0.47
CA_1,HOBBIES_1_032,11109,0.47
CA_1,HOBBIES_1_032,11110,0.47
CA_1,HOBBIES_1_032,11111,0.47
CA_1,HOBBIES_1_032,11112,0.54
CA_1,HOBBIES_1_032,11113,0.54
CA_1,HOBBIES_1_032,11114,0.54
CA_1,HOBBIES_1_032,11115,0.54
CA_1,HOBBIES_1_032,11116,0.54
CA_1,HOBBIES_1_032,11117,0.54
CA_1,HOBBIES_1_032,11118,0.54
CA_1,HOBBIES_1_032,11119,0.54
CA_1,HOBBIES_1_032,11120,0.54
CA_1,HOBBIES_1_032,11121,0.54
CA_1,HOBBIES_1_032,11122,0.54
CA_1,HOBBIES_1_032,11123,0.54
CA_1,HOBBIES_1_032,11124,0.54
CA_1,HOBBIES_1_032,11125,0.54
CA_1,HOBBIES_1_032,11126,0.54
CA_1,HOBBIES_1_032,11127,0.54
CA_1,HOBBIES_1_032,11128,0.54
CA_1,HOBBIES_1_032,11129,0.54
CA_1,HOBBIES_1_032,11130,0.54
CA_1,HOBBIES_1_032,11131,0.54
CA_1,HOBBIES_1_032,11132,0.54
CA_1,HOBBIES_1_032,11133,0.54
CA_1,HOBBIES_1_032,11134,0.54
CA_1,HOBBIES_1_032,11135,0.54
CA_1,HOBBIES_1_032,11136,0.54
CA_1,HOBBIES_1_032,11137,0.54
CA_1,HOBBIES_1_032,11138,0.54
CA_1,HOBBIES_1_032,11139,0.54
CA_1,HOBBIES_1_032,11140,0.54
CA_1,HOBBIES_1_032,11141,0.54
CA_1,HOBBIES_1_032,11142,0.54
CA_1,HOBBIES_1_032,11143,0.54
CA_1,HOBBIES_1_032,11144,0.54
CA_1,HOBBIES_1_032,11145,0.54
CA_1,HOBBIES_1_032,11146,0.54
CA_1,HOBBIES_1_032,11147,0.54
CA_1,HOBBIES_1_032,11148,0.54
CA_1,HOBBIES_1_032,11149,0.54
CA_1,HOBBIES_1_032,11150,0.54
CA_1,HOBBIES_1_032,11151,0.54
CA_1,HOBBIES_1_032,11152,0.54
CA_1,HOBBIES_1_032,11201,0.54
CA_1,HOBBIES_1_032,11202,0.54
CA_1,HOBBIES_1_032,11203,0.54
CA_1,HOBBIES_1_032,11204,0.54
CA_1,HOBBIES_1_032,11205,0.54
CA_1,HOBBIES_1_032,11206,0.54
CA_1,HOBBIES_1_032,11207,0.54
CA_1,HOBBIES_1_032,11208,0.54
CA_1,HOBBIES_1_032,11209,0.58
CA_1,HOBBIES_1_032,11210,0.58
CA_1,HOBBIES_1_032,11211,0.58
CA_1,HOBBIES_1_032,11212,0.58
CA_1,HOBBIES_1_032,11213,0.58
CA_1,HOBBIES_1_032,11214,0.58
CA_1,HOBBIES_1_032,11215,0.58
CA_1,HOBBIES_1_032,11216,0.58
CA_1,HOBBIES_1_032,11217,0.58
CA_1,HOBBIES_1_032,11218,0.58
CA_1,HOBBIES_1_032,11219,0.58
CA_1,HOBBIES_1_032,11220,0.58
CA_1,HOBBIES_1_032,11221,0.58
CA_1,HOBBIES_1_032,11222,0.58
CA_1,HOBBIES_1_032,11223,0.58
CA_1,HOBBIES_1_032,11224,0.58
CA_1,HOBBIES_1_032,11225,0.58
CA_1,HOBBIES_1_032,11226,0.58
CA_1,HOBBIES_1_032,11227,0.58
CA_1,HOBBIES_1_032,11228,0.58
CA_1,HOBBIES_1_032,11229,0.58
CA_1,HOBBIES_1_032,11230,0.58
CA_1,HOBBIES_1_032,11231,0.58
CA_1,HOBBIES_1_032,11232,0.58
CA_1,HOBBIES_1_032,11233,0.58
CA_1,HOBBIES_1_032,11234,0.58
CA_1,HOBBIES_1_032,11235,0.58
CA_1,HOBBIES_1_032,11236,0.58
CA_1,HOBBIES_1_032,11237,0.58
CA_1,HOBBIES_1_032,11238,0.58
CA_1,HOBBIES_1_032,11239,0.58
CA_1,HOBBIES_1_032,11240,0.58
CA_1,HOBBIES_1_032,11241,0.58
CA_1,HOBBIES_1_032,11242,0.58
CA_1,HOBBIES_1_032,11243,0.58
CA_1,HOBBIES_1_032,11244,0.58
CA_1,HOBBIES_1_032,11245,0.58
CA_1,HOBBIES_1_032,11246,0.58
CA_1,HOBBIES_1_032,11247,0.58
CA_1,HOBBIES_1_032,11248,0.58
CA_1,HOBBIES_1_032,11249,0.58
CA_1,HOBBIES_1_032,11250,0.58
CA_1,HOBBIES_1_032,11251,0.58
CA_1,HOBBIES_1_032,11252,0.58
CA_1,HOBBIES_1_032,11301,0.58
CA_1,HOBBIES_1_032,11302,0.58
CA_1,HOBBIES_1_032,11303,0.58
CA_1,HOBBIES_1_032,11304,0.58
CA_1,HOBBIES_1_032,11305,0.58
CA_1,HOBBIES_1_032,11306,0.58
CA_1,HOBBIES_1_032,11307,0.58
CA_1,HOBBIES_1_032,11308,0.58
CA_1,HOBBIES_1_032,11309,0.58
CA_1,HOBBIES_1_032,11310,0.58
CA_1,HOBBIES_1_032,11311,0.58
CA_1,HOBBIES_1_032,11312,0.58
CA_1,HOBBIES_1_032,11313,0.58
CA_1,HOBBIES_1_032,11314,0.58
CA_1,HOBBIES_1_032,11315,0.58
CA_1,HOBBIES_1_032,11316,0.58
CA_1,HOBBIES_1_032,11317,0.58
CA_1,HOBBIES_1_032,11318,0.58
CA_1,HOBBIES_1_032,11319,0.58
CA_1,HOBBIES_1_032,11320,0.58
CA_1,HOBBIES_1_032,11321,0.58
CA_1,HOBBIES_1_032,11322,0.58
CA_1,HOBBIES_1_032,11323,0.58
CA_1,HOBBIES_1_032,11324,0.58
CA_1,HOBBIES_1_032,11325,0.58
CA_1,HOBBIES_1_032,11326,0.58
CA_1,HOBBIES_1_032,11327,0.58
CA_1,HOBBIES_1_032,11328,0.58
CA_1,HOBBIES_1_032,11329,0.58
CA_1,HOBBIES_1_032,11330,0.58
CA_1,HOBBIES_1_032,11331,0.58
CA_1,HOBBIES_1_032,11332,0.58
CA_1,HOBBIES_1_032,11333,0.58
CA_1,HOBBIES_1_032,11334,0.58
CA_1,HOBBIES_1_032,11335,0.58
CA_1,HOBBIES_1_032,11336,0.58
CA_1,HOBBIES_1_032,11337,0.58
CA_1,HOBBIES_1_032,11338,0.58
CA_1,HOBBIES_1_032,11339,0.58
CA_1,HOBBIES_1_032,11340,0.58
CA_1,HOBBIES_1_032,11341,0.58
CA_1,HOBBIES_1_032,11342,0.58
CA_1,HOBBIES_1_032,11343,0.58
CA_1,HOBBIES_1_032,11344,0.58
CA_1,HOBBIES_1_032,11345,0.58
CA_1,HOBBIES_1_032,11346,0.58
CA_1,HOBBIES_1_032,11347,0.58
CA_1,HOBBIES_1_032,11348,0.58
CA_1,HOBBIES_1_032,11349,0.58
CA_1,HOBBIES_1_032,11350,0.58
CA_1,HOBBIES_1_032,11351,0.58
CA_1,HOBBIES_1_032,11352,0.58
CA_1,HOBBIES_1_032,11353,0.58
CA_1,HOBBIES_1_032,11401,0.58
CA_1,HOBBIES_1_032,11402,0.58
CA_1,HOBBIES_1_032,11403,0.58
CA_1,HOBBIES_1_032,11404,0.58
CA_1,HOBBIES_1_032,11405,0.58
CA_1,HOBBIES_1_032,11406,0.58
CA_1,HOBBIES_1_032,11407,0.58
CA_1,HOBBIES_1_032,11408,0.58
CA_1,HOBBIES_1_032,11409,0.58
CA_1,HOBBIES_1_032,11410,0.58
CA_1,HOBBIES_1_032,11411,0.58
CA_1,HOBBIES_1_032,11412,0.58
CA_1,HOBBIES_1_032,11413,0.58
CA_1,HOBBIES_1_032,11414,0.58
CA_1,HOBBIES_1_032,11415,0.58
CA_1,HOBBIES_1_032,11416,0.58
CA_1,HOBBIES_1_032,11417,0.58
CA_1,HOBBIES_1_032,11418,0.58
CA_1,HOBBIES_1_032,11419,0.58
CA_1,HOBBIES_1_032,11420,0.58
CA_1,HOBBIES_1_032,11421,0.58
CA_1,HOBBIES_1_032,11422,0.58
CA_1,HOBBIES_1_032,11423,0.58
CA_1,HOBBIES_1_032,11424,0.58
CA_1,HOBBIES_1_032,11425,0.58
CA_1,HOBBIES_1_032,11426,0.58
CA_1,HOBBIES_1_032,11427,0.58
CA_1,HOBBIES_1_032,11428,0.58
CA_1,HOBBIES_1_032,11429,0.58
CA_1,HOBBIES_1_032,11430,0.58
CA_1,HOBBIES_1_032,11431,0.58
CA_1,HOBBIES_1_032,11432,0.58
CA_1,HOBBIES_1_032,11433,0.58
CA_1,HOBBIES_1_032,11434,0.58
CA_1,HOBBIES_1_032,11435,0.58
CA_1,HOBBIES_1_032,11436,0.58
CA_1,HOBBIES_1_032,11437,0.58
CA_1,HOBBIES_1_032,11438,0.58
CA_1,HOBBIES_1_032,11439,0.58
CA_1,HOBBIES_1_032,11440,0.58
CA_1,HOBBIES_1_032,11441,0.58
CA_1,HOBBIES_1_032,11442,0.58
CA_1,HOBBIES_1_032,11443,0.58
CA_1,HOBBIES_1_032,11444,0.58
CA_1,HOBBIES_1_032,11445,0.58
CA_1,HOBBIES_1_032,11446,0.58
CA_1,HOBBIES_1_032,11447,0.58
CA_1,HOBBIES_1_032,11448,0.58
CA_1,HOBBIES_1_032,11449,0.58
CA_1,HOBBIES_1_032,11450,0.58
CA_1,HOBBIES_1_032,11451,0.54
CA_1,HOBBIES_1_032,11452,0.54
CA_1,HOBBIES_1_032,11501,0.54
CA_1,HOBBIES_1_032,11502,0.54
CA_1,HOBBIES_1_032,11503,0.54
CA_1,HOBBIES_1_032,11504,0.54
CA_1,HOBBIES_1_032,11505,0.54
CA_1,HOBBIES_1_032,11506,0.54
CA_1,HOBBIES_1_032,11507,0.54
CA_1,HOBBIES_1_032,11508,0.54
CA_1,HOBBIES_1_032,11509,0.54
CA_1,HOBBIES_1_032,11510,0.54
CA_1,HOBBIES_1_032,11511,0.54
CA_1,HOBBIES_1_032,11512,0.57
CA_1,HOBBIES_1_032,11513,0.57
CA_1,HOBBIES_1_032,11514,0.57
CA_1,HOBBIES_1_032,11515,0.57
CA_1,HOBBIES_1_032,11516,0.57
CA_1,HOBBIES_1_032,11517,0.57
CA_1,HOBBIES_1_032,11518,0.57
CA_1,HOBBIES_1_032,11519,0.57
CA_1,HOBBIES_1_032,11520,0.57
CA_1,HOBBIES_1_032,11521,0.57
CA_1,HOBBIES_1_032,11522,0.57
CA_1,HOBBIES_1_032,11523,0.57
CA_1,HOBBIES_1_032,11524,0.57
CA_1,HOBBIES_1_032,11525,0.57
CA_1,HOBBIES_1_032,11526,0.57
CA_1,HOBBIES_1_032,11527,0.57
CA_1,HOBBIES_1_032,11528,0.57
CA_1,HOBBIES_1_032,11529,0.57
CA_1,HOBBIES_1_032,11530,0.57
CA_1,HOBBIES_1_032,11531,0.57
CA_1,HOBBIES_1_032,11532,0.57
CA_1,HOBBIES_1_032,11533,0.57
CA_1,HOBBIES_1_032,11534,0.57
CA_1,HOBBIES_1_032,11535,0.57
CA_1,HOBBIES_1_032,11536,0.57
CA_1,HOBBIES_1_032,11537,0.57
CA_1,HOBBIES_1_032,11538,0.57
CA_1,HOBBIES_1_032,11539,0.57
CA_1,HOBBIES_1_032,11540,0.57
CA_1,HOBBIES_1_032,11541,0.57
CA_1,HOBBIES_1_032,11542,0.57
CA_1,HOBBIES_1_032,11543,0.57
CA_1,HOBBIES_1_032,11544,0.57
CA_1,HOBBIES_1_032,11545,0.57
CA_1,HOBBIES_1_032,11546,0.57
CA_1,HOBBIES_1_032,11547,0.57
CA_1,HOBBIES_1_032,11548,0.57
CA_1,HOBBIES_1_032,11549,0.57
CA_1,HOBBIES_1_032,11550,0.57
CA_1,HOBBIES_1_032,11551,0.57
CA_1,HOBBIES_1_032,11552,0.57
CA_1,HOBBIES_1_032,11601,0.57
CA_1,HOBBIES_1_032,11602,0.57
CA_1,HOBBIES_1_032,11603,0.57
CA_1,HOBBIES_1_032,11604,0.57
CA_1,HOBBIES_1_032,11605,0.57
CA_1,HOBBIES_1_032,11606,0.57
CA_1,HOBBIES_1_032,11607,0.57
CA_1,HOBBIES_1_032,11608,0.57
CA_1,HOBBIES_1_032,11609,0.57
CA_1,HOBBIES_1_032,11610,0.57
CA_1,HOBBIES_1_032,11611,0.57
CA_1,HOBBIES_1_032,11612,0.57
CA_1,HOBBIES_1_032,11613,0.57
CA_1,HOBBIES_1_032,11614,0.57
CA_1,HOBBIES_1_032,11615,0.57
CA_1,HOBBIES_1_032,11616,0.57
CA_1,HOBBIES_1_032,11617,0.57
CA_1,HOBBIES_1_032,11618,0.57
CA_1,HOBBIES_1_032,11619,0.57
CA_1,HOBBIES_1_032,11620,0.57
CA_1,HOBBIES_1_032,11621,0.57
CA_1,HOBBIES_1_033,11334,15.97
CA_1,HOBBIES_1_033,11335,15.97
CA_1,HOBBIES_1_033,11336,15.97
CA_1,HOBBIES_1_033,11337,15.97
CA_1,HOBBIES_1_033,11338,15.97
CA_1,HOBBIES_1_033,11339,15.97
CA_1,HOBBIES_1_033,11340,15.97
CA_1,HOBBIES_1_033,11341,15.97
CA_1,HOBBIES_1_033,11342,15.97
CA_1,HOBBIES_1_033,11343,15.97
CA_1,HOBBIES_1_033,11344,15.97
CA_1,HOBBIES_1_033,11345,15.97
CA_1,HOBBIES_1_033,11346,15.97
CA_1,HOBBIES_1_033,11347,15.97
CA_1,HOBBIES_1_033,11348,15.97
CA_1,HOBBIES_1_033,11349,15.97
CA_1,HOBBIES_1_033,11350,15.97
CA_1,HOBBIES_1_033,11351,15.97
CA_1,HOBBIES_1_033,11352,15.97
CA_1,HOBBIES_1_033,11353,15.97
CA_1,HOBBIES_1_033,11401,15.97
CA_1,HOBBIES_1_033,11402,15.97
CA_1,HOBBIES_1_033,11403,15.97
CA_1,HOBBIES_1_033,11404,15.97
CA_1,HOBBIES_1_033,11405,15.97
CA_1,HOBBIES_1_033,11406,15.97
CA_1,HOBBIES_1_033,11407,15.97
CA_1,HOBBIES_1_033,11408,15.97
CA_1,HOBBIES_1_033,11409,15.97
CA_1,HOBBIES_1_033,11410,15.97
CA_1,HOBBIES_1_033,11411,15.97
CA_1,HOBBIES_1_033,11412,15.97
CA_1,HOBBIES_1_033,11413,15.97
CA_1,HOBBIES_1_033,11414,15.97
CA_1,HOBBIES_1_033,11415,15.97
CA_1,HOBBIES_1_033,11416,15.97
CA_1,HOBBIES_1_033,11417,15.97
CA_1,HOBBIES_1_033,11418,15.97
CA_1,HOBBIES_1_033,11419,15.97
CA_1,HOBBIES_1_033,11420,15.97
CA_1,HOBBIES_1_033,11421,15.97
CA_1,HOBBIES_1_033,11422,15.97
CA_1,HOBBIES_1_033,11423,15.97
CA_1,HOBBIES_1_033,11424,15.97
CA_1,HOBBIES_1_033,11425,15.97
CA_1,HOBBIES_1_033,11426,15.97
CA_1,HOBBIES_1_033,11427,15.97
CA_1,HOBBIES_1_033,11428,15.97
CA_1,HOBBIES_1_033,11429,15.97
CA_1,HOBBIES_1_033,11430,15.97
CA_1,HOBBIES_1_033,11431,15.97
CA_1,HOBBIES_1_033,11432,15.97
CA_1,HOBBIES_1_033,11433,15.97
CA_1,HOBBIES_1_033,11434,15.97
CA_1,HOBBIES_1_033,11435,15.97
CA_1,HOBBIES_1_033,11436,15.97
CA_1,HOBBIES_1_033,11437,15.97
CA_1,HOBBIES_1_033,11438,15.97
CA_1,HOBBIES_1_033,11439,15.97
CA_1,HOBBIES_1_033,11440,15.97
CA_1,HOBBIES_1_033,11441,15.97
CA_1,HOBBIES_1_033,11442,15.97
CA_1,HOBBIES_1_033,11443,15.97
CA_1,HOBBIES_1_033,11444,15.97
CA_1,HOBBIES_1_033,11445,15.97
CA_1,HOBBIES_1_033,11446,15.97
CA_1,HOBBIES_1_033,11447,15.97
CA_1,HOBBIES_1_033,11448,15.97
CA_1,HOBBIES_1_033,11449,15.97
CA_1,HOBBIES_1_033,11450,15.97
CA_1,HOBBIES_1_033,11451,15.97
CA_1,HOBBIES_1_033,11452,15.97
CA_1,HOBBIES_1_033,11501,15.97
CA_1,HOBBIES_1_033,11502,15.97
CA_1,HOBBIES_1_033,11503,15.97
CA_1,HOBBIES_1_033,11504,15.97
CA_1,HOBBIES_1_033,11505,15.97
CA_1,HOBBIES_1_033,11506,15.97
CA_1,HOBBIES_1_033,11507,15.97
CA_1,HOBBIES_1_033,11508,15.97
CA_1,HOBBIES_1_033,11509,15.97
CA_1,HOBBIES_1_033,11510,15.97
CA_1,HOBBIES_1_033,11511,15.97
CA_1,HOBBIES_1_033,11512,15.97
CA_1,HOBBIES_1_033,11513,15.97
CA_1,HOBBIES_1_033,11514,15.97
CA_1,HOBBIES_1_033,11515,15.97
CA_1,HOBBIES_1_033,11516,15.97
CA_1,HOBBIES_1_033,11517,15.97
CA_1,HOBBIES_1_033,11518,15.97
CA_1,HOBBIES_1_033,11519,15.97
CA_1,HOBBIES_1_033,11520,15.97
CA_1,HOBBIES_1_033,11521,15.97
CA_1,HOBBIES_1_033,11522,15.97
CA_1,HOBBIES_1_033,11523,15.97
CA_1,HOBBIES_1_033,11524,15.97
CA_1,HOBBIES_1_033,11525,15.97
CA_1,HOBBIES_1_033,11526,15.97
CA_1,HOBBIES_1_033,11527,15.97
CA_1,HOBBIES_1_033,11528,15.97
CA_1,HOBBIES_1_033,11529,15.97
CA_1,HOBBIES_1_033,11530,15.97
CA_1,HOBBIES_1_033,11531,15.97
CA_1,HOBBIES_1_033,11532,15.97
CA_1,HOBBIES_1_033,11533,15.97
CA_1,HOBBIES_1_033,11534,15.97
CA_1,HOBBIES_1_033,11535,15.97
CA_1,HOBBIES_1_033,11536,15.97
CA_1,HOBBIES_1_033,11537,15.97
CA_1,HOBBIES_1_033,11538,15.97
CA_1,HOBBIES_1_033,11539,15.97
CA_1,HOBBIES_1_033,11540,15.97
CA_1,HOBBIES_1_033,11541,15.97
CA_1,HOBBIES_1_033,11542,15.97
CA_1,HOBBIES_1_033,11543,15.97
CA_1,HOBBIES_1_033,11544,15.97
CA_1,HOBBIES_1_033,11545,15.97
CA_1,HOBBIES_1_033,11546,15.97
CA_1,HOBBIES_1_033,11547,15.97
CA_1,HOBBIES_1_033,11548,15.97
CA_1,HOBBIES_1_033,11549,15.97
CA_1,HOBBIES_1_033,11550,15.97
CA_1,HOBBIES_1_033,11551,16.86
CA_1,HOBBIES_1_033,11552,16.86
CA_1,HOBBIES_1_033,11601,16.86
CA_1,HOBBIES_1_033,11602,16.86
CA_1,HOBBIES_1_033,11603,16.86
CA_1,HOBBIES_1_033,11604,16.86
CA_1,HOBBIES_1_033,11605,16.86
CA_1,HOBBIES_1_033,11606,16.86
CA_1,HOBBIES_1_033,11607,16.86
CA_1,HOBBIES_1_033,11608,16.86
CA_1,HOBBIES_1_033,11609,16.86
CA_1,HOBBIES_1_033,11610,16.86
CA_1,HOBBIES_1_033,11611,16.86
CA_1,HOBBIES_1_033,11612,16.86
CA_1,HOBBIES_1_033,11613,16.86
CA_1,HOBBIES_1_033,11614,16.86
CA_1,HOBBIES_1_033,11615,16.86
CA_1,HOBBIES_1_033,11616,16.86
CA_1,HOBBIES_1_033,11617,16.86
CA_1,HOBBIES_1_033,11618,16.86
CA_1,HOBBIES_1_033,11619,16.86
CA_1,HOBBIES_1_033,11620,16.86
CA_1,HOBBIES_1_033,11621,16.86
CA_1,HOBBIES_1_034,11102,4.66
CA_1,HOBBIES_1_034,11103,4.66
CA_1,HOBBIES_1_034,11104,4.66
CA_1,HOBBIES_1_034,11105,4.66
CA_1,HOBBIES_1_034,11106,4.66
CA_1,HOBBIES_1_034,11107,4.66
CA_1,HOBBIES_1_034,11108,4.66
CA_1,HOBBIES_1_034,11109,4.66
CA_1,HOBBIES_1_034,11110,4.66
CA_1,HOBBIES_1_034,11111,4.66
CA_1,HOBBIES_1_034,11112,4.66
CA_1,HOBBIES_1_034,11113,4.66
CA_1,HOBBIES_1_034,11114,4.66
CA_1,HOBBIES_1_034,11115,4.66
CA_1,HOBBIES_1_034,11116,4.66
CA_1,HOBBIES_1_034,11117,4.66
CA_1,HOBBIES_1_034,11118,4.66
CA_1,HOBBIES_1_034,11119,4.66
CA_1,HOBBIES_1_034,11120,4.66
CA_1,HOBBIES_1_034,11121,4.66
CA_1,HOBBIES_1_034,11122,4.66
CA_1,HOBBIES_1_034,11123,4.66
CA_1,HOBBIES_1_034,11124,4.66
CA_1,HOBBIES_1_034,11125,4.66
CA_1,HOBBIES_1_034,11126,4.66
CA_1,HOBBIES_1_034,11127,4.66
CA_1,HOBBIES_1_034,11128,4.66
CA_1,HOBBIES_1_034,11129,4.66
CA_1,HOBBIES_1_034,11130,4.66
CA_1,HOBBIES_1_034,11131,4.66
CA_1,HOBBIES_1_034,11132,4.66
CA_1,HOBBIES_1_034,11133,4.66
CA_1,HOBBIES_1_034,11134,4.66
CA_1,HOBBIES_1_034,11135,4.66
CA_1,HOBBIES_1_034,11136,4.66
CA_1,HOBBIES_1_034,11137,4.66
CA_1,HOBBIES_1_034,11138,4.66
CA_1,HOBBIES_1_034,11139,4.66
CA_1,HOBBIES_1_034,11140,4.66
CA_1,HOBBIES_1_034,11141,4.66
CA_1,HOBBIES_1_034,11142,4.66
CA_1,HOBBIES_1_034,11143,4.66
CA_1,HOBBIES_1_034,11144,4.66
CA_1,HOBBIES_1_034,11145,4.66
CA_1,HOBBIES_1_034,11146,4.66
CA_1,HOBBIES_1_034,11147,4.66
CA_1,HOBBIES_1_034,11148,4.66
CA_1,HOBBIES_1_034,11149,4.66
CA_1,HOBBIES_1_034,11150,4.66
CA_1,HOBBIES_1_034,11151,4.66
CA_1,HOBBIES_1_034,11152,4.66
CA_1,HOBBIES_1_034,11201,4.66
CA_1,HOBBIES_1_034,11202,4.66
CA_1,HOBBIES_1_034,11203,4.66
CA_1,HOBBIES_1_034,11204,4.66
CA_1,HOBBIES_1_034,11205,4.66
CA_1,HOBBIES_1_034,11206,4.66
CA_1,HOBBIES_1_034,11207,4.66
CA_1,HOBBIES_1_034,11208,4.66
CA_1,HOBBIES_1_034,11209,4.66
CA_1,HOBBIES_1_034,11210,4.66
CA_1,HOBBIES_1_034,11211,4.66
CA_1,HOBBIES_1_034,11212,4.66
CA_1,HOBBIES_1_034,11213,4.66
CA_1,HOBBIES_1_034,11214,4.66
CA_1,HOBBIES_1_034,11215,4.66
CA_1,HOBBIES_1_034,11216,4.66
CA_1,HOBBIES_1_034,11217,4.66
CA_1,HOBBIES_1_034,11218,4.66
CA_1,HOBBIES_1_034,11219,4.66
CA_1,HOBBIES_1_034,11220,4.66
CA_1,HOBBIES_1_034,11221,4.66
CA_1,HOBBIES_1_034,11222,4.66
CA_1,HOBBIES_1_034,11223,4.66
CA_1,HOBBIES_1_034,11224,4.66
CA_1,HOBBIES_1_034,11225,4.66
CA_1,HOBBIES_1_034,11226,4.66
CA_1,HOBBIES_1_034,11227,4.66
CA_1,HOBBIES_1_034,11228,4.66
CA_1,HOBBIES_1_034,11229,4.66
CA_1,HOBBIES_1_034,11230,4.66
CA_1,HOBBIES_1_034,11231,4.66
CA_1,HOBBIES_1_034,11232,4.66
CA_1,HOBBIES_1_034,11233,4.66
CA_1,HOBBIES_1_034,11234,4.66
CA_1,HOBBIES_1_034,11235,4.66
CA_1,HOBBIES_1_034,11236,4.66
CA_1,HOBBIES_1_034,11237,4.66
CA_1,HOBBIES_1_034,11238,4.66
CA_1,HOBBIES_1_034,11239,4.66
CA_1,HOBBIES_1_034,11240,4.66
CA_1,HOBBIES_1_034,11241,4.66
CA_1,HOBBIES_1_034,11242,4.66
CA_1,HOBBIES_1_034,11243,4.66
CA_1,HOBBIES_1_034,11244,4.66
CA_1,HOBBIES_1_034,11245,4.66
CA_1,HOBBIES_1_034,11246,4.66
CA_1,HOBBIES_1_034,11247,4.66
CA_1,HOBBIES_1_034,11248,4.66
CA_1,HOBBIES_1_034,11249,4.66
CA_1,HOBBIES_1_034,11250,4.66
CA_1,HOBBIES_1_034,11251,4.66
CA_1,HOBBIES_1_034,11252,4.66
CA_1,HOBBIES_1_034,11301,4.66
CA_1,HOBBIES_1_034,11302,4.66
CA_1,HOBBIES_1_034,11303,4.66
CA_1,HOBBIES_1_034,11304,4.66
CA_1,HOBBIES_1_034,11305,4.66
CA_1,HOBBIES_1_034,11306,4.66
CA_1,HOBBIES_1_034,11307,4.66
CA_1,HOBBIES_1_034,11308,4.66
CA_1,HOBBIES_1_034,11309,4.66
CA_1,HOBBIES_1_034,11310,4.66
CA_1,HOBBIES_1_034,11311,4.66
CA_1,HOBBIES_1_034,11312,4.66
CA_1,HOBBIES_1_034,11313,4.66
CA_1,HOBBIES_1_034,11314,4.66
CA_1,HOBBIES_1_034,11315,4.66
CA_1,HOBBIES_1_034,11316,4.66
CA_1,HOBBIES_1_034,11317,4.66
CA_1,HOBBIES_1_034,11318,4.66
CA_1,HOBBIES_1_034,11319,4.66
CA_1,HOBBIES_1_034,11320,4.66
CA_1,HOBBIES_1_034,11321,4.66
CA_1,HOBBIES_1_034,11322,4.66
CA_1,HOBBIES_1_034,11323,4.66
CA_1,HOBBIES_1_034,11324,4.66
CA_1,HOBBIES_1_034,11325,4.66
CA_1,HOBBIES_1_034,11326,4.66
CA_1,HOBBIES_1_034,11327,4.66
CA_1,HOBBIES_1_034,11328,4.66
CA_1,HOBBIES_1_034,11329,4.66
CA_1,HOBBIES_1_034,11330,4.66
CA_1,HOBBIES_1_034,11331,4.66
CA_1,HOBBIES_1_034,11332,4.66
CA_1,HOBBIES_1_034,11333,4.66
CA_1,HOBBIES_1_034,11334,4.66
CA_1,HOBBIES_1_034,11335,4.66
CA_1,HOBBIES_1_034,11336,4.66
CA_1,HOBBIES_1_034,11337,4.66
CA_1,HOBBIES_1_034,11338,4.66
CA_1,HOBBIES_1_034,11339,4.66
CA_1,HOBBIES_1_034,11340,4.66
CA_1,HOBBIES_1_034,11341,4.66
CA_1,HOBBIES_1_034,11342,4.66
CA_1,HOBBIES_1_034,11343,4.66
CA_1,HOBBIES_1_034,11344,4.66
CA_1,HOBBIES_1_034,11345,4.66
CA_1,HOBBIES_1_034,11346,4.66
CA_1,HOBBIES_1_034,11347,4.66
CA_1,HOBBIES_1_034,11348,4.66
CA_1,HOBBIES_1_034,11349,4.66
CA_1,HOBBIES_1_034,11350,4.66
CA_1,HOBBIES_1_034,11351,4.66
CA_1,HOBBIES_1_034,11352,4.66
CA_1,HOBBIES_1_034,11353,4.66
CA_1,HOBBIES_1_034,11401,4.66
CA_1,HOBBIES_1_034,11402,4.66
CA_1,HOBBIES_1_034,11403,4.66
CA_1,HOBBIES_1_034,11404,4.66
CA_1,HOBBIES_1_034,11405,4.66
CA_1,HOBBIES_1_034,11406,4.66
CA_1,HOBBIES_1_034,11407,4.66
CA_1,HOBBIES_1_034,11408,4.66
CA_1,HOBBIES_1_034,11409,4.66
CA_1,HOBBIES_1_034,11410,4.66
CA_1,HOBBIES_1_034,11411,4.66
CA_1,HOBBIES_1_034,11412,4.66
CA_1,HOBBIES_1_034,11413,4.66
CA_1,HOBBIES_1_034,11414,4.66
CA_1,HOBBIES_1_034,11415,4.66
CA_1,HOBBIES_1_034,11416,4.66
CA_1,HOBBIES_1_034,11417,4.66
CA_1,HOBBIES_1_034,11418,4.66
CA_1,HOBBIES_1_034,11419,4.66
CA_1,HOBBIES_1_034,11420,4.66
CA_1,HOBBIES_1_034,11421,4.66
CA_1,HOBBIES_1_034,11422,4.66
CA_1,HOBBIES_1_034,11423,4.66
CA_1,HOBBIES_1_034,11424,4.66
CA_1,HOBBIES_1_034,11425,4.66
CA_1,HOBBIES_1_034,11426,4.66
CA_1,HOBBIES_1_034,11427,4.66
CA_1,HOBBIES_1_034,11428,4.66
CA_1,HOBBIES_1_034,11429,4.66
CA_1,HOBBIES_1_034,11430,4.66
CA_1,HOBBIES_1_034,11431,4.66
CA_1,HOBBIES_1_034,11432,4.66
CA_1,HOBBIES_1_034,11433,4.66
CA_1,HOBBIES_1_034,11434,4.66
CA_1,HOBBIES_1_034,11435,4.66
CA_1,HOBBIES_1_034,11436,4.66
CA_1,HOBBIES_1_034,11437,4.66
CA_1,HOBBIES_1_034,11438,4.66
CA_1,HOBBIES_1_034,11439,4.66
CA_1,HOBBIES_1_034,11440,4.66
CA_1,HOBBIES_1_034,11441,4.66
CA_1,HOBBIES_1_034,11442,4.66
CA_1,HOBBIES_1_034,11443,4.66
CA_1,HOBBIES_1_034,11444,4.66
CA_1,HOBBIES_1_034,11445,4.66
CA_1,HOBBIES_1_034,11446,4.66
CA_1,HOBBIES_1_034,11447,4.66
CA_1,HOBBIES_1_034,11448,4.66
CA_1,HOBBIES_1_034,11449,4.66
CA_1,HOBBIES_1_034,11450,4.66
CA_1,HOBBIES_1_034,11451,4.66
CA_1,HOBBIES_1_034,11452,4.66
CA_1,HOBBIES_1_034,11501,4.66
CA_1,HOBBIES_1_034,11502,4.66
CA_1,HOBBIES_1_034,11503,4.66
CA_1,HOBBIES_1_034,11504,4.66
CA_1,HOBBIES_1_034,11505,4.66
CA_1,HOBBIES_1_034,11506,4.66
CA_1,HOBBIES_1_034,11507,4.66
CA_1,HOBBIES_1_034,11508,4.66
CA_1,HOBBIES_1_034,11509,4.66
CA_1,HOBBIES_1_034,11510,4.66
CA_1,HOBBIES_1_034,11511,4.66
CA_1,HOBBIES_1_034,11512,4.66
CA_1,HOBBIES_1_034,11513,4.66
CA_1,HOBBIES_1_034,11514,4.66
CA_1,HOBBIES_1_034,11515,4.66
CA_1,HOBBIES_1_034,11516,4.66
CA_1,HOBBIES_1_034,11517,4.66
CA_1,HOBBIES_1_034,11518,4.66
CA_1,HOBBIES_1_034,11519,4.66
CA_1,HOBBIES_1_034,11520,4.66
CA_1,HOBBIES_1_034,11521,4.66
CA_1,HOBBIES_1_034,11522,4.66
CA_1,HOBBIES_1_034,11523,4.66
CA_1,HOBBIES_1_034,11524,4.66
CA_1,HOBBIES_1_034,11525,4.66
CA_1,HOBBIES_1_034,11526,4.66
CA_1,HOBBIES_1_034,11527,4.66
CA_1,HOBBIES_1_034,11528,4.66
CA_1,HOBBIES_1_034,11529,4.66
CA_1,HOBBIES_1_034,11530,4.66
CA_1,HOBBIES_1_034,11531,4.66
CA_1,HOBBIES_1_034,11532,4.66
CA_1,HOBBIES_1_034,11533,4.66
CA_1,HOBBIES_1_034,11534,4.78
CA_1,HOBBIES_1_034,11535,4.78
CA_1,HOBBIES_1_034,11536,4.78
CA_1,HOBBIES_1_034,11537,4.78
CA_1,HOBBIES_1_034,11538,4.78
CA_1,HOBBIES_1_034,11539,4.78
CA_1,HOBBIES_1_034,11540,4.78
CA_1,HOBBIES_1_034,11541,4.78
CA_1,HOBBIES_1_034,11542,4.78
CA_1,HOBBIES_1_034,11543,4.78
CA_1,HOBBIES_1_034,11544,4.78
CA_1,HOBBIES_1_034,11545,4.78
CA_1,HOBBIES_1_034,11546,4.78
CA_1,HOBBIES_1_034,11547,4.78
CA_1,HOBBIES_1_034,11548,4.78
CA_1,HOBBIES_1_034,11549,4.78
CA_1,HOBBIES_1_034,11550,4.78
CA_1,HOBBIES_1_034,11551,4.78
CA_1,HOBBIES_1_034,11552,4.78
CA_1,HOBBIES_1_034,11601,4.78
CA_1,HOBBIES_1_034,11602,4.78
CA_1,HOBBIES_1_034,11603,4.78
CA_1,HOBBIES_1_034,11604,4.86
CA_1,HOBBIES_1_034,11605,4.86
CA_1,HOBBIES_1_034,11606,4.86
CA_1,HOBBIES_1_034,11607,4.86
CA_1,HOBBIES_1_034,11608,4.86
CA_1,HOBBIES_1_034,11609,4.86
CA_1,HOBBIES_1_034,11610,4.86
CA_1,HOBBIES_1_034,11611,4.86
CA_1,HOBBIES_1_034,11612,4.86
CA_1,HOBBIES_1_034,11613,4.86
CA_1,HOBBIES_1_034,11614,4.86
CA_1,HOBBIES_1_034,11615,4.86
CA_1,HOBBIES_1_034,11616,4.86
CA_1,HOBBIES_1_034,11617,4.86
CA_1,HOBBIES_1_034,11618,4.86
CA_1,HOBBIES_1_034,11619,4.86
CA_1,HOBBIES_1_034,11620,4.86
CA_1,HOBBIES_1_034,11621,4.86
CA_1,HOBBIES_1_035,11123,1.59
CA_1,HOBBIES_1_035,11124,1.59
CA_1,HOBBIES_1_035,11125,1.59
CA_1,HOBBIES_1_035,11126,1.59
CA_1,HOBBIES_1_035,11127,1.59
CA_1,HOBBIES_1_035,11128,1.59
CA_1,HOBBIES_1_035,11129,1.59
CA_1,HOBBIES_1_035,11130,1.59
CA_1,HOBBIES_1_035,11131,1.59
CA_1,HOBBIES_1_035,11132,1.59
CA_1,HOBBIES_1_035,11133,1.59
CA_1,HOBBIES_1_035,11134,1.59
CA_1,HOBBIES_1_035,11135,1.59
CA_1,HOBBIES_1_035,11136,1.59
CA_1,HOBBIES_1_035,11137,1.59
CA_1,HOBBIES_1_035,11138,1.59
CA_1,HOBBIES_1_035,11139,1.59
CA_1,HOBBIES_1_035,11140,1.59
CA_1,HOBBIES_1_035,11141,1.59
CA_1,HOBBIES_1_035,11142,1.59
CA_1,HOBBIES_1_035,11143,1.59
CA_1,HOBBIES_1_035,11144,1.59
CA_1,HOBBIES_1_035,11145,1.59
CA_1,HOBBIES_1_035,11146,1.78
CA_1,HOBBIES_1_035,11147,1.78
CA_1,HOBBIES_1_035,11148,1.78
CA_1,HOBBIES_1_035,11149,1.78
CA_1,HOBBIES_1_035,11150,1.78
CA_1,HOBBIES_1_035,11151,1.98
CA_1,HOBBIES_1_035,11152,1.98
CA_1,HOBBIES_1_035,11201,1.98
CA_1,HOBBIES_1_035,11202,1.98
CA_1,HOBBIES_1_035,11203,1.98
CA_1,HOBBIES_1_035,11204,1.98
CA_1,HOBBIES_1_035,11205,1.98
CA_1,HOBBIES_1_035,11206,1.98
CA_1,HOBBIES_1_035,11207,1.98
CA_1,HOBBIES_1_035,11208,1.98
CA_1,HOBBIES_1_035,11209,1.98
CA_1,HOBBIES_1_035,11210,1.98
CA_1,HOBBIES_1_035,11211,1.98
CA_1,HOBBIES_1_035,11212,1.98
CA_1,HOBBIES_1_035,11213,1.98
CA_1,HOBBIES_1_035,11214,1.98
CA_1,HOBBIES_1_035,11215,1.98
CA_1,HOBBIES_1_035,11216,1.98
CA_1,HOBBIES_1_035,11217,1.98
CA_1,HOBBIES_1_035,11218,1.98
CA_1,HOBBIES_1_035,11219,1.98
CA_1,HOBBIES_1_035,11220,1.98
CA_1,HOBBIES_1_035,11221,1.98
CA_1,HOBBIES_1_035,11222,1.98
CA_1,HOBBIES_1_035,11223,1.98
CA_1,HOBBIES_1_035,11224,1.98
CA_1,HOBBIES_1_035,11225,1.98
CA_1,HOBBIES_1_035,11226,1.98
CA_1,HOBBIES_1_035,11227,1.98
CA_1,HOBBIES_1_035,11228,1.98
CA_1,HOBBIES_1_035,11229,1.98
CA_1,HOBBIES_1_035,11230,1.98
CA_1,HOBBIES_1_035,11231,1.98
CA_1,HOBBIES_1_035,11232,1.98
CA_1,HOBBIES_1_035,11233,1.98
CA_1,HOBBIES_1_035,11234,1.98
CA_1,HOBBIES_1_035,11235,1.98
CA_1,HOBBIES_1_035,11236,1.98
CA_1,HOBBIES_1_035,11237,1.98
CA_1,HOBBIES_1_035,11238,1.98
CA_1,HOBBIES_1_035,11239,1.98
CA_1,HOBBIES_1_035,11240,1.98
CA_1,HOBBIES_1_035,11241,1.98
CA_1,HOBBIES_1_035,11242,1.98
CA_1,HOBBIES_1_035,11243,1.98
CA_1,HOBBIES_1_035,11244,1.98
CA_1,HOBBIES_1_035,11245,1.98
CA_1,HOBBIES_1_035,11246,1.98
CA_1,HOBBIES_1_035,11247,1.98
CA_1,HOBBIES_1_035,11248,1.98
CA_1,HOBBIES_1_035,11249,1.98
CA_1,HOBBIES_1_035,11250,1.98
CA_1,HOBBIES_1_035,11251,1.98
CA_1,HOBBIES_1_035,11252,1.98
CA_1,HOBBIES_1_035,11301,1.98
CA_1,HOBBIES_1_035,11302,1.98
CA_1,HOBBIES_1_035,11303,1.98
CA_1,HOBBIES_1_035,11304,1.98
CA_1,HOBBIES_1_035,11305,1.98
CA_1,HOBBIES_1_035,11306,1.98
CA_1,HOBBIES_1_035,11307,1.98
CA_1,HOBBIES_1_035,11308,1.98
CA_1,HOBBIES_1_035,11309,1.98
CA_1,HOBBIES_1_035,11310,1.98
CA_1,HOBBIES_1_035,11311,1.98
CA_1,HOBBIES_1_035,11312,1.98
CA_1,HOBBIES_1_035,11313,1.98
CA_1,HOBBIES_1_035,11314,1.98
CA_1,HOBBIES_1_035,11315,1.98
CA_1,HOBBIES_1_035,11316,1.98
CA_1,HOBBIES_1_035,11317,1.98
CA_1,HOBBIES_1_035,11318,1.98
CA_1,HOBBIES_1_035,11319,1.98
CA_1,HOBBIES_1_035,11320,1.98
CA_1,HOBBIES_1_035,11321,1.98
CA_1,HOBBIES_1_035,11322,1.98
CA_1,HOBBIES_1_035,11323,1.98
CA_1,HOBBIES_1_035,11324,1.98
CA_1,HOBBIES_1_035,11325,1.98
CA_1,HOBBIES_1_035,11326,1.98
CA_1,HOBBIES_1_035,11327,2.12
CA_1,HOBBIES_1_035,11328,2.12
CA_1,HOBBIES_1_035,11329,2.12
CA_1,HOBBIES_1_035,11330,2.12
CA_1,HOBBIES_1_035,11331,2.12
CA_1,HOBBIES_1_035,11332,2.12
CA_1,HOBBIES_1_035,11333,2.12
CA_1,HOBBIES_1_035,11334,2.12
CA_1,HOBBIES_1_035,11335,2.12
CA_1,HOBBIES_1_035,11336,2.12
CA_1,HOBBIES_1_035,11337,2.12
CA_1,HOBBIES_1_035,11338,2.12
CA_1,HOBBIES_1_035,11339,2.12
CA_1,HOBBIES_1_035,11340,2.12
CA_1,HOBBIES_1_035,11341,2.12
CA_1,HOBBIES_1_035,11342,2.12
CA_1,HOBBIES_1_035,11343,2.12
CA_1,HOBBIES_1_035,11344,2.12
CA_1,HOBBIES_1_035,11345,2.12
CA_1,HOBBIES_1_035,11346,2.12
CA_1,HOBBIES_1_035,11347,2.12
CA_1,HOBBIES_1_035,11348,2.12
CA_1,HOBBIES_1_035,11349,2.12
CA_1,HOBBIES_1_035,11350,2.12
CA_1,HOBBIES_1_035,11351,2.12
CA_1,HOBBIES_1_035,11352,2.12
CA_1,HOBBIES_1_035,11353,2.12
CA_1,HOBBIES_1_035,11401,2.12
CA_1,HOBBIES_1_035,11402,2.12
CA_1,HOBBIES_1_035,11403,2.12
CA_1,HOBBIES_1_035,11404,2.12
CA_1,HOBBIES_1_035,11405,2.12
CA_1,HOBBIES_1_035,11406,2.12
CA_1,HOBBIES_1_035,11407,2.12
CA_1,HOBBIES_1_035,11408,2.12
CA_1,HOBBIES_1_035,11409,2.12
CA_1,HOBBIES_1_035,11410,2.12
CA_1,HOBBIES_1_035,11411,2.12
CA_1,HOBBIES_1_035,11412,2.12
CA_1,HOBBIES_1_035,11413,2.12
CA_1,HOBBIES_1_035,11414,2.12
CA_1,HOBBIES_1_035,11415,2.12
CA_1,HOBBIES_1_035,11416,2.12
CA_1,HOBBIES_1_035,11417,2.12
CA_1,HOBBIES_1_035,11418,2.12
CA_1,HOBBIES_1_035,11419,2.12
CA_1,HOBBIES_1_035,11420,2.12
CA_1,HOBBIES_1_035,11421,2.12
CA_1,HOBBIES_1_035,11422,2.12
CA_1,HOBBIES_1_035,11423,2.12
CA_1,HOBBIES_1_035,11424,2.12
CA_1,HOBBIES_1_035,11425,2.12
CA_1,HOBBIES_1_035,11426,2.12
CA_1,HOBBIES_1_035,11427,2.12
CA_1,HOBBIES_1_035,11428,2.12
CA_1,HOBBIES_1_035,11429,2.12
CA_1,HOBBIES_1_035,11430,2.12
CA_1,HOBBIES_1_035,11431,2.12
CA_1,HOBBIES_1_035,11432,2.12
CA_1,HOBBIES_1_035,11433,2.12
CA_1,HOBBIES_1_035,11434,2.12
CA_1,HOBBIES_1_035,11435,2.12
CA_1,HOBBIES_1_035,11436,2.12
CA_1,HOBBIES_1_035,11437,2.12
CA_1,HOBBIES_1_035,11438,2.12
CA_1,HOBBIES_1_035,11439,2.12
CA_1,HOBBIES_1_035,11440,2.12
CA_1,HOBBIES_1_035,11441,2.12
CA_1,HOBBIES_1_035,11442,2.12
CA_1,HOBBIES_1_035,11443,2.12
CA_1,HOBBIES_1_035,11444,2.12
CA_1,HOBBIES_1_035,11445,2.12
CA_1,HOBBIES_1_035,11446,2.12
CA_1,HOBBIES_1_035,11447,2.12
CA_1,HOBBIES_1_035,11448,2.12
CA_1,HOBBIES_1_035,11449,2.12
CA_1,HOBBIES_1_035,11450,2.12
CA_1,HOBBIES_1_035,11451,2.12
CA_1,HOBBIES_1_035,11452,2.12
CA_1,HOBBIES_1_035,11501,2.12
CA_1,HOBBIES_1_035,11502,2.12
CA_1,HOBBIES_1_035,11503,2.12
CA_1,HOBBIES_1_035,11504,2.12
CA_1,HOBBIES_1_035,11505,2.12
CA_1,HOBBIES_1_035,11506,2.12
CA_1,HOBBIES_1_035,11507,2.12
CA_1,HOBBIES_1_035,11508,2.12
CA_1,HOBBIES_1_035,11509,2.12
CA_1,HOBBIES_1_035,11510,2.12
CA_1,HOBBIES_1_035,11511,2.12
CA_1,HOBBIES_1_035,11512,2.12
CA_1,HOBBIES_1_035,11513,2.12
CA_1,HOBBIES_1_035,11514,2.12
CA_1,HOBBIES_1_035,11515,2.12
CA_1,HOBBIES_1_035,11516,2.12
CA_1,HOBBIES_1_035,11517,2.12
CA_1,HOBBIES_1_035,11518,2.12
CA_1,HOBBIES_1_035,11519,2.12
CA_1,HOBBIES_1_035,11520,2.12
CA_1,HOBBIES_1_035,11521,2.12
CA_1,HOBBIES_1_035,11522,2.12
CA_1,HOBBIES_1_035,11523,2.12
CA_1,HOBBIES_1_035,11524,2.12
CA_1,HOBBIES_1_035,11525,2.12
CA_1,HOBBIES_1_035,11526,2.12
CA_1,HOBBIES_1_035,11527,2.12
CA_1,HOBBIES_1_035,11528,2.12
CA_1,HOBBIES_1_035,11529,2.12
CA_1,HOBBIES_1_035,11530,2.12
CA_1,HOBBIES_1_035,11531,2.12
CA_1,HOBBIES_1_035,11532,2.12
CA_1,HOBBIES_1_035,11533,2.12
CA_1,HOBBIES_1_035,11534,2.12
CA_1,HOBBIES_1_035,11535,2.12
CA_1,HOBBIES_1_035,11536,2.12
CA_1,HOBBIES_1_035,11537,2.12
CA_1,HOBBIES_1_035,11538,2.12
CA_1,HOBBIES_1_035,11539,2.12
CA_1,HOBBIES_1_035,11540,2.12
CA_1,HOBBIES_1_035,11541,2.12
CA_1,HOBBIES_1_035,11542,2.12
CA_1,HOBBIES_1_035,11543,2.12
CA_1,HOBBIES_1_035,11544,2.12
CA_1,HOBBIES_1_035,11545,2.12
CA_1,HOBBIES_1_035,11546,2.12
CA_1,HOBBIES_1_035,11547,2.12
CA_1,HOBBIES_1_035,11548,2.12
CA_1,HOBBIES_1_035,11549,2.12
CA_1,HOBBIES_1_035,11550,2.12
CA_1,HOBBIES_1_035,11551,2.12
CA_1,HOBBIES_1_035,11552,2.12
CA_1,HOBBIES_1_035,11601,2.12
CA_1,HOBBIES_1_035,11602,2.12
CA_1,HOBBIES_1_035,11603,2.12
CA_1,HOBBIES_1_035,11604,2.12
CA_1,HOBBIES_1_035,11605,2.12
CA_1,HOBBIES_1_035,11606,2.12
CA_1,HOBBIES_1_035,11607,2.12
CA_1,HOBBIES_1_035,11608,2.12
CA_1,HOBBIES_1_035,11609,2.12
CA_1,HOBBIES_1_035,11610,2.12
CA_1,HOBBIES_1_035,11611,2.12
CA_1,HOBBIES_1_035,11612,2.12
CA_1,HOBBIES_1_035,11613,2.12
CA_1,HOBBIES_1_035,11614,2.12
CA_1,HOBBIES_1_035,11615,2.12
CA_1,HOBBIES_1_035,11616,2.12
CA_1,HOBBIES_1_035,11617,2.12
CA_1,HOBBIES_1_035,11618,2.12
CA_1,HOBBIES_1_035,11619,2.12
CA_1,HOBBIES_1_035,11620,2.12
CA_1,HOBBIES_1_035,11621,2.12
CA_1,HOBBIES_1_036,11101,0.96
CA_1,HOBBIES_1_036,11102,0.96
CA_1,HOBBIES_1_036,11103,0.96
CA_1,HOBBIES_1_036,11104,0.96
CA_1,HOBBIES_1_036,11105,0.96
CA_1,HOBBIES_1_036,11106,0.96
CA_1,HOBBIES_1_036,11107,0.96
CA_1,HOBBIES_1_036,11108,0.96
CA_1,HOBBIES_1_036,11109,0.96
CA_1,HOBBIES_1_036,11110,0.96
CA_1,HOBBIES_1_036,11111,0.96
CA_1,HOBBIES_1_036,11112,0.96
CA_1,HOBBIES_1_036,11113,0.96
CA_1,HOBBIES_1_036,11114,0.96
CA_1,HOBBIES_1_036,11115,0.96
CA_1,HOBBIES_1_036,11116,0.96
CA_1,HOBBIES_1_036,11117,0.96
CA_1,HOBBIES_1_036,11118,0.96
CA_1,HOBBIES_1_036,11119,0.96
CA_1,HOBBIES_1_036,11120,0.96
CA_1,HOBBIES_1_036,11121,0.96
CA_1,HOBBIES_1_036,11122,0.96
CA_1,HOBBIES_1_036,11123,0.96
CA_1,HOBBIES_1_036,11124,0.96
CA_1,HOBBIES_1_036,11125,0.96
CA_1,HOBBIES_1_036,11126,0.96
CA_1,HOBBIES_1_036,11127,0.96
CA_1,HOBBIES_1_036,11128,0.96
CA_1,HOBBIES_1_036,11129,0.96
CA_1,HOBBIES_1_036,11130,0.96
CA_1,HOBBIES_1_036,11131,0.96
CA_1,HOBBIES_1_036,11132,0.96
CA_1,HOBBIES_1_036,11133,0.96
CA_1,HOBBIES_1_036,11134,0.96
CA_1,HOBBIES_1_036,11135,0.96
CA_1,HOBBIES_1_036,11136,0.96
CA_1,HOBBIES_1_036,11137,0.96
CA_1,HOBBIES_1_036,11138,0.96
CA_1,HOBBIES_1_036,11139,0.96
CA_1,HOBBIES_1_036,11140,0.96
CA_1,HOBBIES_1_036,11141,0.96
CA_1,HOBBIES_1_036,11142,0.96
CA_1,HOBBIES_1_036,11143,0.96
CA_1,HOBBIES_1_036,11144,0.96
CA_1,HOBBIES_1_036,11145,0.96
CA_1,HOBBIES_1_036,11146,0.96
CA_1,HOBBIES_1_036,11147,0.96
CA_1,HOBBIES_1_036,11148,0.96
CA_1,HOBBIES_1_036,11149,0.96
CA_1,HOBBIES_1_036,11150,0.98
CA_1,HOBBIES_1_036,11151,0.98
CA_1,HOBBIES_1_036,11152,0.98
CA_1,HOBBIES_1_036,11201,0.98
CA_1,HOBBIES_1_036,11202,0.98
CA_1,HOBBIES_1_036,11203,0.98
CA_1,HOBBIES_1_036,11204,0.98
CA_1,HOBBIES_1_036,11205,0.98
CA_1,HOBBIES_1_036,11206,0.98
CA_1,HOBBIES_1_036,11207,0.98
CA_1,HOBBIES_1_036,11208,0.98
CA_1,HOBBIES_1_036,11209,0.98
CA_1,HOBBIES_1_036,11210,0.98
CA_1,HOBBIES_1_036,11211,0.98
CA_1,HOBBIES_1_036,11212,0.98
CA_1,HOBBIES_1_036,11213,0.98
CA_1,HOBBIES_1_036,11214,0.98
CA_1,HOBBIES_1_036,11215,0.98
CA_1,HOBBIES_1_036,11216,0.98
CA_1,HOBBIES_1_036,11217,0.98
CA_1,HOBBIES_1_036,11218,0.98
CA_1,HOBBIES_1_036,11219,0.98
CA_1,HOBBIES_1_036,11220,0.98
CA_1,HOBBIES_1_036,11221,0.98
CA_1,HOBBIES_1_036,11222,0.98
CA_1,HOBBIES_1_036,11223,0.98
CA_1,HOBBIES_1_036,11224,0.98
CA_1,HOBBIES_1_036,11225,0.98
CA_1,HOBBIES_1_036,11226,0.98
CA_1,HOBBIES_1_036,11227,0.98
CA_1,HOBBIES_1_036,11228,0.98
CA_1,HOBBIES_1_036,11229,0.98
CA_1,HOBBIES_1_036,11230,0.98
CA_1,HOBBIES_1_036,11231,0.98
CA_1,HOBBIES_1_036,11232,0.98
CA_1,HOBBIES_1_036,11233,0.98
CA_1,HOBBIES_1_036,11234,0.98
CA_1,HOBBIES_1_036,11235,0.98
CA_1,HOBBIES_1_036,11236,0.98
CA_1,HOBBIES_1_036,11237,0.98
CA_1,HOBBIES_1_036,11238,0.98
CA_1,HOBBIES_1_036,11239,0.98
CA_1,HOBBIES_1_036,11240,0.98
CA_1,HOBBIES_1_036,11241,0.98
CA_1,HOBBIES_1_036,11242,0.98
CA_1,HOBBIES_1_036,11243,0.98
CA_1,HOBBIES_1_036,11244,0.98
CA_1,HOBBIES_1_036,11245,0.98
CA_1,HOBBIES_1_036,11246,0.98
CA_1,HOBBIES_1_036,11247,0.98
CA_1,HOBBIES_1_036,11248,0.98
CA_1,HOBBIES_1_036,11249,0.98
CA_1,HOBBIES_1_036,11250,0.98
CA_1,HOBBIES_1_036,11251,0.98
CA_1,HOBBIES_1_036,11252,0.98
CA_1,HOBBIES_1_036,11301,0.98
CA_1,HOBBIES_1_036,11302,0.98
CA_1,HOBBIES_1_036,11303,0.98
CA_1,HOBBIES_1_036,11304,0.98
CA_1,HOBBIES_1_036,11305,1.12
CA_1,HOBBIES_1_036,11306,1.12
CA_1,HOBBIES_1_036,11307,1.12
CA_1,HOBBIES_1_036,11308,1.12
CA_1,HOBBIES_1_036,11309,1.12
CA_1,HOBBIES_1_036,11310,1.12
CA_1,HOBBIES_1_036,11311,1.12
CA_1,HOBBIES_1_036,11312,1.12
CA_1,HOBBIES_1_036,11313,1.12
CA_1,HOBBIES_1_036,11314,1.12
CA_1,HOBBIES_1_036,11315,1.12
CA_1,HOBBIES_1_036,11316,1.12
CA_1,HOBBIES_1_036,11317,1.12
CA_1,HOBBIES_1_036,11318,1.12
CA_1,HOBBIES_1_036,11319,1.12
CA_1,HOBBIES_1_036,11320,1.12
CA_1,HOBBIES_1_036,11321,1.12
CA_1,HOBBIES_1_036,11322,1.12
CA_1,HOBBIES_1_036,11323,1.12
CA_1,HOBBIES_1_036,11324,1.12
CA_1,HOBBIES_1_036,11325,1.12
CA_1,HOBBIES_1_036,11326,1.12
CA_1,HOBBIES_1_036,11327,1.12
CA_1,HOBBIES_1_036,11328,1.12
CA_1,HOBBIES_1_036,11329,1.12
CA_1,HOBBIES_1_036,11330,1.12
CA_1,HOBBIES_1_036,11331,1.12
CA_1,HOBBIES_1_036,11332,1.12
CA_1,HOBBIES_1_036,11333,1.12
CA_1,HOBBIES_1_036,11334,1.12
CA_1,HOBBIES_1_036,11335,1.12
CA_1,HOBBIES_1_036,11336,1.12
CA_1,HOBBIES_1_036,11337,1.12
CA_1,HOBBIES_1_036,11338,1.12
CA_1,HOBBIES_1_036,11339,1.12
CA_1,HOBBIES_1_036,11340,1.12
CA_1,HOBBIES_1_036,11341,1.12
CA_1,HOBBIES_1_036,11342,1.12
CA_1,HOBBIES_1_036,11343,1.12
CA_1,HOBBIES_1_036,11344,1.12
CA_1,HOBBIES_1_036,11345,1.12
CA_1,HOBBIES_1_036,11346,1.12
CA_1,HOBBIES_1_036,11347,1.12
CA_1,HOBBIES_1_036,11348,1.12
CA_1,HOBBIES_1_036,11349,1.12
CA_1,HOBBIES_1_036,11350,1.12
CA_1,HOBBIES_1_036,11351,1.12
CA_1,HOBBIES_1_036,11352,1.12
CA_1,HOBBIES_1_036,11353,1.12
CA_1,HOBBIES_1_036,11401,1.12
CA_1,HOBBIES_1_036,11402,1.12
CA_1,HOBBIES_1_036,11403,1.12
CA_1,HOBBIES_1_036,11404,1.12
CA_1,HOBBIES_1_036,11405,1.12
CA_1,HOBBIES_1_036,11406,1.12
CA_1,HOBBIES_1_036,11407,1.12
CA_1,HOBBIES_1_036,11408,1.12
CA_1,HOBBIES_1_036,11409,1.12
CA_1,HOBBIES_1_036,11410,1.12
CA_1,HOBBIES_1_036,11411,1.12
CA_1,HOBBIES_1_036,11412,1.12
CA_1,HOBBIES_1_036,11413,1.12
CA_1,HOBBIES_1_036,11414,1.12
CA_1,HOBBIES_1_036,11415,1.12
CA_1,HOBBIES_1_036,11416,1.12
CA_1,HOBBIES_1_036,11417,1.12
CA_1,HOBBIES_1_036,11418,1.12
CA_1,HOBBIES_1_036,11419,1.12
CA_1,HOBBIES_1_036,11420,1.12
CA_1,HOBBIES_1_036,11421,1.12
CA_1,HOBBIES_1_036,11422,1.12
CA_1,HOBBIES_1_036,11423,1.12
CA_1,HOBBIES_1_036,11424,1.12
CA_1,HOBBIES_1_036,11425,1.12
CA_1,HOBBIES_1_036,11426,1.12
CA_1,HOBBIES_1_036,11427,1.12
CA_1,HOBBIES_1_036,11428,1.12
CA_1,HOBBIES_1_036,11429,1.12
CA_1,HOBBIES_1_036,11430,1.12
CA_1,HOBBIES_1_036,11431,1.12
CA_1,HOBBIES_1_036,11432,1.12
CA_1,HOBBIES_1_036,11433,1.12
CA_1,HOBBIES_1_036,11434,1.12
CA_1,HOBBIES_1_036,11435,1.12
CA_1,HOBBIES_1_036,11436,1.12
CA_1,HOBBIES_1_036,11437,1.12
CA_1,HOBBIES_1_036,11438,1.12
CA_1,HOBBIES_1_036,11439,1.12
CA_1,HOBBIES_1_036,11440,1.12
CA_1,HOBBIES_1_036,11441,1.12
CA_1,HOBBIES_1_036,11442,1.12
CA_1,HOBBIES_1_036,11443,1.12
CA_1,HOBBIES_1_036,11444,1.12
CA_1,HOBBIES_1_036,11445,1.12
CA_1,HOBBIES_1_036,11446,1.12
CA_1,HOBBIES_1_036,11447,1.12
CA_1,HOBBIES_1_036,11448,1.12
CA_1,HOBBIES_1_036,11449,1.12
CA_1,HOBBIES_1_036,11450,1.12
CA_1,HOBBIES_1_036,11451,1.12
CA_1,HOBBIES_1_036,11452,1.12
CA_1,HOBBIES_1_036,11501,1.12
CA_1,HOBBIES_1_036,11502,1.12
CA_1,HOBBIES_1_036,11503,1.12
CA_1,HOBBIES_1_036,11504,1.12
CA_1,HOBBIES_1_036,11505,1.12
CA_1,HOBBIES_1_036,11506,1.12
CA_1,HOBBIES_1_036,11507,1.12
CA_1,HOBBIES_1_036,11508,1.12
CA_1,HOBBIES_1_036,11509,1.12
CA_1,HOBBIES_1_036,11510,1.12
CA_1,HOBBIES_1_036,11511,1.12
CA_1,HOBBIES_1_036,11512,1.12
CA_1,HOBBIES_1_036,11513,1.12
CA_1,HOBBIES_1_036,11514,1.12
CA_1,HOBBIES_1_036,11515,1.12
CA_1,HOBBIES_1_036,11516,1.12
CA_1,HOBBIES_1_036,11517,1.12
CA_1,HOBBIES_1_036,11518,1.12
CA_1,HOBBIES_1_036,11519,1.12
CA_1,HOBBIES_1_036,11520,1.12
CA_1,HOBBIES_1_036,11521,1.12
CA_1,HOBBIES_1_036,11522,1.12
CA_1,HOBBIES_1_036,11523,1.12
CA_1,HOBBIES_1_036,11524,1.12
CA_1,HOBBIES_1_036,11525,1.12
CA_1,HOBBIES_1_036,11526,1.12
CA_1,HOBBIES_1_036,11527,1.12
CA_1,HOBBIES_1_036,11528,1.12
CA_1,HOBBIES_1_036,11529,1.12
CA_1,HOBBIES_1_036,11530,1.12
CA_1,HOBBIES_1_036,11531,1.12
CA_1,HOBBIES_1_036,11532,1.12
CA_1,HOBBIES_1_036,11533,1.12
CA_1,HOBBIES_1_036,11534,1.12
CA_1,HOBBIES_1_036,11535,1.12
CA_1,HOBBIES_1_036,11536,1.12
CA_1,HOBBIES_1_036,11537,1.12
CA_1,HOBBIES_1_036,11538,1.12
CA_1,HOBBIES_1_036,11539,1.12
CA_1,HOBBIES_1_036,11540,1.12
CA_1,HOBBIES_1_036,11541,1.12
CA_1,HOBBIES_1_036,11542,1.12
CA_1,HOBBIES_1_036,11543,1.12
CA_1,HOBBIES_1_036,11544,1.12
CA_1,HOBBIES_1_036,11545,1.12
CA_1,HOBBIES_1_036,11546,1.12
CA_1,HOBBIES_1_036,11547,1.12
CA_1,HOBBIES_1_036,11548,1.12
CA_1,HOBBIES_1_036,11549,1.12
CA_1,HOBBIES_1_036,11550,1.12
CA_1,HOBBIES_1_036,11551,1.12
CA_1,HOBBIES_1_036,11552,1.12
CA_1,HOBBIES_1_036,11601,1.12
CA_1,HOBBIES_1_036,11602,1.12
CA_1,HOBBIES_1_036,11603,1.12
CA_1,HOBBIES_1_036,11604,1.12
CA_1,HOBBIES_1_036,11605,1.12
CA_1,HOBBIES_1_036,11606,1.12
CA_1,HOBBIES_1_036,11607,1.12
CA_1,HOBBIES_1_036,11608,1.12
CA_1,HOBBIES_1_036,11609,1.12
CA_1,HOBBIES_1_036,11610,1.12
CA_1,HOBBIES_1_036,11611,1.12
CA_1,HOBBIES_1_036,11612,1.12
CA_1,HOBBIES_1_036,11613,1.12
CA_1,HOBBIES_1_036,11614,1.12
CA_1,HOBBIES_1_036,11615,1.12
CA_1,HOBBIES_1_036,11616,1.12
CA_1,HOBBIES_1_036,11617,1.12
CA_1,HOBBIES_1_036,11618,1.12
CA_1,HOBBIES_1_036,11619,1.12
CA_1,HOBBIES_1_036,11620,1.12
CA_1,HOBBIES_1_036,11621,1.12
CA_1,HOBBIES_1_037,11207,12.97
CA_1,HOBBIES_1_037,11208,12.97
CA_1,HOBBIES_1_037,11209,12.97
CA_1,HOBBIES_1_037,11210,12.97
CA_1,HOBBIES_1_037,11211,12.97
CA_1,HOBBIES_1_037,11212,12.97
CA_1,HOBBIES_1_037,11213,12.97
CA_1,HOBBIES_1_037,11214,12.97
CA_1,HOBBIES_1_037,11215,12.97
CA_1,HOBBIES_1_037,11216,12.97
CA_1,HOBBIES_1_037,11217,12.97
CA_1,HOBBIES_1_037,11218,12.97
CA_1,HOBBIES_1_037,11219,12.97
CA_1,HOBBIES_1_037,11220,12.97
CA_1,HOBBIES_1_037,11221,12.97
CA_1,HOBBIES_1_037,11222,12.97
CA_1,HOBBIES_1_037,11223,12.97
CA_1,HOBBIES_1_037,11224,12.97
CA_1,HOBBIES_1_037,11225,12.97
CA_1,HOBBIES_1_037,11226,12.97
CA_1,HOBBIES_1_037,11227,12.97
CA_1,HOBBIES_1_037,11228,12.97
CA_1,HOBBIES_1_037,11229,12.97
CA_1,HOBBIES_1_037,11230,12.97
CA_1,HOBBIES_1_037,11231,12.97
CA_1,HOBBIES_1_037,11232,12.97
CA_1,HOBBIES_1_037,11233,12.97
CA_1,HOBBIES_1_037,11234,12.97
CA_1,HOBBIES_1_037,11235,12.97
CA_1,HOBBIES_1_037,11236,12.97
CA_1,HOBBIES_1_037,11237,12.97
CA_1,HOBBIES_1_037,11238,12.97
CA_1,HOBBIES_1_037,11239,12.97
CA_1,HOBBIES_1_037,11240,12.97
CA_1,HOBBIES_1_037,11241,12.97
CA_1,HOBBIES_1_037,11242,12.97
CA_1,HOBBIES_1_037,11243,12.97
CA_1,HOBBIES_1_037,11244,12.97
CA_1,HOBBIES_1_037,11245,12.97
CA_1,HOBBIES_1_037,11246,13.48
CA_1,HOBBIES_1_037,11247,12.97
CA_1,HOBBIES_1_037,11248,12.97
CA_1,HOBBIES_1_037,11249,12.97
CA_1,HOBBIES_1_037,11250,12.97
CA_1,HOBBIES_1_037,11251,12.97
CA_1,HOBBIES_1_037,11252,12.97
CA_1,HOBBIES_1_037,11301,12.97
CA_1,HOBBIES_1_037,11302,12.97
CA_1,HOBBIES_1_037,11303,12.97
CA_1,HOBBIES_1_037,11304,12.97
CA_1,HOBBIES_1_037,11305,12.97
CA_1,HOBBIES_1_037,11306,12.97
CA_1,HOBBIES_1_037,11307,12.97
CA_1,HOBBIES_1_037,11308,12.97
CA_1,HOBBIES_1_037,11309,12.97
CA_1,HOBBIES_1_037,11310,12.97
CA_1,HOBBIES_1_037,11311,12.97
CA_1,HOBBIES_1_037,11312,12.97
CA_1,HOBBIES_1_037,11313,12.97
CA_1,HOBBIES_1_037,11314,12.97
CA_1,HOBBIES_1_037,11315,12.97
CA_1,HOBBIES_1_037,11316,12.97
CA_1,HOBBIES_1_037,11317,12.97
CA_1,HOBBIES_1_037,11318,12.97
CA_1,HOBBIES_1_037,11319,12.97
CA_1,HOBBIES_1_037,11320,12.97
CA_1,HOBBIES_1_037,11321,12.97
CA_1,HOBBIES_1_037,11322,12.97
CA_1,HOBBIES_1_037,11323,12.97
CA_1,HOBBIES_1_037,11324,12.97
CA_1,HOBBIES_1_037,11325,12.97
CA_1,HOBBIES_1_037,11326,12.97
CA_1,HOBBIES_1_037,11327,12.97
CA_1,HOBBIES_1_037,11328,12.97
CA_1,HOBBIES_1_037,11329,12.97
CA_1,HOBBIES_1_037,11330,12.97
CA_1,HOBBIES_1_037,11331,12.97
CA_1,HOBBIES_1_037,11332,12.97
CA_1,HOBBIES_1_037,11333,12.97
CA_1,HOBBIES_1_037,11334,12.97
CA_1,HOBBIES_1_037,11335,12.97
CA_1,HOBBIES_1_037,11336,12.97
CA_1,HOBBIES_1_037,11337,12.97
CA_1,HOBBIES_1_037,11338,12.97
CA_1,HOBBIES_1_037,11339,12.97
CA_1,HOBBIES_1_037,11340,12.97
CA_1,HOBBIES_1_037,11341,12.97
CA_1,HOBBIES_1_037,11342,12.97
CA_1,HOBBIES_1_037,11343,12.97
CA_1,HOBBIES_1_037,11344,12.97
CA_1,HOBBIES_1_037,11345,12.97
CA_1,HOBBIES_1_037,11346,12.97
CA_1,HOBBIES_1_037,11347,12.97
CA_1,HOBBIES_1_037,11348,12.97
CA_1,HOBBIES_1_037,11349,12.97
CA_1,HOBBIES_1_037,11350,12.97
CA_1,HOBBIES_1_037,11351,12.97
CA_1,HOBBIES_1_037,11352,12.97
CA_1,HOBBIES_1_037,11353,12.97
CA_1,HOBBIES_1_037,11401,12.97
CA_1,HOBBIES_1_037,11402,12.97
CA_1,HOBBIES_1_037,11403,12.97
CA_1,HOBBIES_1_037,11404,12.97
CA_1,HOBBIES_1_037,11405,12.97
CA_1,HOBBIES_1_037,11406,12.97
CA_1,HOBBIES_1_037,11407,12.97
CA_1,HOBBIES_1_037,11408,12.97
CA_1,HOBBIES_1_037,11409,12.97
CA_1,HOBBIES_1_037,11410,12.97
CA_1,HOBBIES_1_037,11411,12.97
CA_1,HOBBIES_1_037,11412,12.97
CA_1,HOBBIES_1_037,11413,12.97
CA_1,HOBBIES_1_037,11414,12.97
CA_1,HOBBIES_1_037,11415,12.97
CA_1,HOBBIES_1_037,11416,12.97
CA_1,HOBBIES_1_037,11417,12.97
CA_1,HOBBIES_1_037,11418,12.97
CA_1,HOBBIES_1_037,11419,12.97
CA_1,HOBBIES_1_037,11420,12.97
CA_1,HOBBIES_1_037,11421,12.97
CA_1,HOBBIES_1_037,11422,12.97
CA_1,HOBBIES_1_037,11423,12.97
CA_1,HOBBIES_1_037,11424,12.97
CA_1,HOBBIES_1_037,11425,12.97
CA_1,HOBBIES_1_037,11426,12.97
CA_1,HOBBIES_1_037,11427,12.97
CA_1,HOBBIES_1_037,11428,12.97
CA_1,HOBBIES_1_037,11429,12.97
CA_1,HOBBIES_1_037,11430,12.97
CA_1,HOBBIES_1_037,11431,12.97
CA_1,HOBBIES_1_037,11432,12.97
CA_1,HOBBIES_1_037,11433,12.97
CA_1,HOBBIES_1_037,11434,12.97
CA_1,HOBBIES_1_037,11435,12.97
CA_1,HOBBIES_1_037,11436,12.97
CA_1,HOBBIES_1_037,11437,12.97
CA_1,HOBBIES_1_037,11438,12.97
CA_1,HOBBIES_1_037,11439,12.97
CA_1,HOBBIES_1_037,11440,12.97
CA_1,HOBBIES_1_037,11441,12.97
CA_1,HOBBIES_1_037,11442,12.97
CA_1,HOBBIES_1_037,11443,12.97
CA_1,HOBBIES_1_037,11444,12.97
CA_1,HOBBIES_1_037,11445,12.97
CA_1,HOBBIES_1_037,11446,12.97
CA_1,HOBBIES_1_037,11447,12.97
CA_1,HOBBIES_1_037,11448,12.97
CA_1,HOBBIES_1_037,11449,12.97
CA_1,HOBBIES_1_037,11450,12.97
CA_1,HOBBIES_1_037,11451,12.97
CA_1,HOBBIES_1_037,11452,12.97
CA_1,HOBBIES_1_037,11501,12.97
CA_1,HOBBIES_1_037,11502,12.97
CA_1,HOBBIES_1_037,11503,12.97
CA_1,HOBBIES_1_037,11504,12.97
CA_1,HOBBIES_1_037,11505,12.97
CA_1,HOBBIES_1_037,11506,12.97
CA_1,HOBBIES_1_037,11507,12.97
CA_1,HOBBIES_1_037,11508,12.97
CA_1,HOBBIES_1_037,11509,12.97
CA_1,HOBBIES_1_037,11510,12.97
CA_1,HOBBIES_1_037,11511,12.97
CA_1,HOBBIES_1_037,11512,12.97
CA_1,HOBBIES_1_037,11513,12.97
CA_1,HOBBIES_1_037,11514,12.97
CA_1,HOBBIES_1_037,11515,12.97
CA_1,HOBBIES_1_037,11516,12.97
CA_1,HOBBIES_1_037,11517,12.97
CA_1,HOBBIES_1_037,11518,12.97
CA_1,HOBBIES_1_037,11519,12.97
CA_1,HOBBIES_1_037,11520,12.97
CA_1,HOBBIES_1_037,11521,12.97
CA_1,HOBBIES_1_037,11522,12.97
CA_1,HOBBIES_1_037,11523,12.97
CA_1,HOBBIES_1_037,11524,12.97
CA_1,HOBBIES_1_037,11525,12.97
CA_1,HOBBIES_1_037,11526,12.97
CA_1,HOBBIES_1_037,11527,12.97
CA_1,HOBBIES_1_037,11528,12.97
CA_1,HOBBIES_1_037,11529,12.97
CA_1,HOBBIES_1_037,11530,12.97
CA_1,HOBBIES_1_037,11531,12.97
CA_1,HOBBIES_1_037,11532,12.97
CA_1,HOBBIES_1_037,11533,12.97
CA_1,HOBBIES_1_037,11534,12.97
CA_1,HOBBIES_1_037,11535,12.97
CA_1,HOBBIES_1_037,11536,12.97
CA_1,HOBBIES_1_037,11537,12.97
CA_1,HOBBIES_1_037,11538,12.97
CA_1,HOBBIES_1_037,11539,12.97
CA_1,HOBBIES_1_037,11540,12.97
CA_1,HOBBIES_1_037,11541,12.97
CA_1,HOBBIES_1_037,11542,12.97
CA_1,HOBBIES_1_037,11543,12.97
CA_1,HOBBIES_1_037,11544,12.97
CA_1,HOBBIES_1_037,11545,12.97
CA_1,HOBBIES_1_037,11546,12.97
CA_1,HOBBIES_1_037,11547,12.97
CA_1,HOBBIES_1_037,11548,12.97
CA_1,HOBBIES_1_037,11549,12.97
CA_1,HOBBIES_1_037,11550,12.97
CA_1,HOBBIES_1_037,11551,12.97
CA_1,HOBBIES_1_037,11552,12.97
CA_1,HOBBIES_1_037,11601,12.97
CA_1,HOBBIES_1_037,11602,12.97
CA_1,HOBBIES_1_037,11603,12.97
CA_1,HOBBIES_1_037,11604,12.97
CA_1,HOBBIES_1_037,11605,12.97
CA_1,HOBBIES_1_037,11606,12.97
CA_1,HOBBIES_1_037,11607,12.97
CA_1,HOBBIES_1_037,11608,12.97
CA_1,HOBBIES_1_037,11609,12.97
CA_1,HOBBIES_1_037,11610,12.97
CA_1,HOBBIES_1_037,11611,12.97
CA_1,HOBBIES_1_037,11612,12.97
CA_1,HOBBIES_1_037,11613,12.97
CA_1,HOBBIES_1_037,11614,12.97
CA_1,HOBBIES_1_037,11615,12.97
CA_1,HOBBIES_1_037,11616,12.97
CA_1,HOBBIES_1_037,11617,12.44
CA_1,HOBBIES_1_037,11618,12.44
CA_1,HOBBIES_1_037,11619,12.44
CA_1,HOBBIES_1_037,11620,12.44
CA_1,HOBBIES_1_037,11621,12.44
CA_1,HOBBIES_1_038,11101,3.17
CA_1,HOBBIES_1_038,11102,3.17
CA_1,HOBBIES_1_038,11103,3.17
CA_1,HOBBIES_1_038,11104,3.17
CA_1,HOBBIES_1_038,11105,3.17
CA_1,HOBBIES_1_038,11106,3.17
CA_1,HOBBIES_1_038,11107,3.17
CA_1,HOBBIES_1_038,11108,3.17
CA_1,HOBBIES_1_038,11109,3.17
CA_1,HOBBIES_1_038,11110,3.17
CA_1,HOBBIES_1_038,11111,3.17
CA_1,HOBBIES_1_038,11112,3.17
CA_1,HOBBIES_1_038,11113,3.17
CA_1,HOBBIES_1_038,11114,3.17
CA_1,HOBBIES_1_038,11115,3.17
CA_1,HOBBIES_1_038,11116,3.17
CA_1,HOBBIES_1_038,11117,3.17
CA_1,HOBBIES_1_038,11118,3.17
CA_1,HOBBIES_1_038,11119,3.17
CA_1,HOBBIES_1_038,11120,3.17
CA_1,HOBBIES_1_038,11121,3.17
CA_1,HOBBIES_1_038,11122,3.17
CA_1,HOBBIES_1_038,11123,3.17
CA_1,HOBBIES_1_038,11124,3.17
CA_1,HOBBIES_1_038,11125,3.17
CA_1,HOBBIES_1_038,11126,3.17
CA_1,HOBBIES_1_038,11127,3.17
CA_1,HOBBIES_1_038,11128,3.17
CA_1,HOBBIES_1_038,11129,3.17
CA_1,HOBBIES_1_038,11130,3.17
CA_1,HOBBIES_1_038,11131,3.17
CA_1,HOBBIES_1_038,11132,3.17
CA_1,HOBBIES_1_038,11133,3.17
CA_1,HOBBIES_1_038,11134,3.17
CA_1,HOBBIES_1_038,11135,3.17
CA_1,HOBBIES_1_038,11136,3.17
CA_1,HOBBIES_1_038,11137,3.17
CA_1,HOBBIES_1_038,11138,3.17
CA_1,HOBBIES_1_038,11139,3.17
CA_1,HOBBIES_1_038,11140,3.17
CA_1,HOBBIES_1_038,11141,3.17
CA_1,HOBBIES_1_038,11142,3.17
CA_1,HOBBIES_1_038,11143,3.17
CA_1,HOBBIES_1_038,11144,3.17
CA_1,HOBBIES_1_038,11145,3.17
CA_1,HOBBIES_1_038,11146,3.17
CA_1,HOBBIES_1_038,11147,3.17
CA_1,HOBBIES_1_038,11148,3.17
CA_1,HOBBIES_1_038,11149,3.17
CA_1,HOBBIES_1_038,11150,3.22
CA_1,HOBBIES_1_038,11151,3.22
CA_1,HOBBIES_1_038,11152,3.22
CA_1,HOBBIES_1_038,11201,3.22
CA_1,HOBBIES_1_038,11202,3.22
CA_1,HOBBIES_1_038,11203,3.22
CA_1,HOBBIES_1_038,11204,3.22
CA_1,HOBBIES_1_038,11205,3.22
CA_1,HOBBIES_1_038,11206,3.22
CA_1,HOBBIES_1_038,11207,3.22
CA_1,HOBBIES_1_038,11208,3.22
CA_1,HOBBIES_1_038,11209,3.22
CA_1,HOBBIES_1_038,11210,3.22
CA_1,HOBBIES_1_038,11211,3.22
CA_1,HOBBIES_1_038,11212,3.22
CA_1,HOBBIES_1_038,11213,3.22
CA_1,HOBBIES_1_038,11214,3.22
CA_1,HOBBIES_1_038,11215,3.22
CA_1,HOBBIES_1_038,11216,3.22
CA_1,HOBBIES_1_038,11217,3.22
CA_1,HOBBIES_1_038,11218,3.22
CA_1,HOBBIES_1_038,11219,3.22
CA_1,HOBBIES_1_038,11220,3.22
CA_1,HOBBIES_1_038,11221,3.22
CA_1,HOBBIES_1_038,11222,3.22
CA_1,HOBBIES_1_038,11223,3.22
CA_1,HOBBIES_1_038,11224,3.22
CA_1,HOBBIES_1_038,11225,3.22
CA_1,HOBBIES_1_038,11226,3.22
CA_1,HOBBIES_1_038,11227,3.22
CA_1,HOBBIES_1_038,11228,3.22
CA_1,HOBBIES_1_038,11229,3.22
CA_1,HOBBIES_1_038,11230,3.22
CA_1,HOBBIES_1_038,11231,3.22
CA_1,HOBBIES_1_038,11232,3.22
CA_1,HOBBIES_1_038,11233,3.22
CA_1,HOBBIES_1_038,11234,3.22
CA_1,HOBBIES_1_038,11235,3.22
CA_1,HOBBIES_1_038,11236,3.22
CA_1,HOBBIES_1_038,11237,3.22
CA_1,HOBBIES_1_038,11238,3.22
CA_1,HOBBIES_1_038,11239,3.22
CA_1,HOBBIES_1_038,11240,3.22
CA_1,HOBBIES_1_038,11241,3.22
CA_1,HOBBIES_1_038,11242,3.22
CA_1,HOBBIES_1_038,11243,3.22
CA_1,HOBBIES_1_038,11244,3.22
CA_1,HOBBIES_1_038,11245,3.22
CA_1,HOBBIES_1_038,11246,3.22
CA_1,HOBBIES_1_038,11247,3.22
CA_1,HOBBIES_1_038,11248,3.22
CA_1,HOBBIES_1_038,11249,3.22
CA_1,HOBBIES_1_038,11250,3.22
CA_1,HOBBIES_1_038,11251,3.22
CA_1,HOBBIES_1_038,11252,3.22
CA_1,HOBBIES_1_038,11301,3.22
CA_1,HOBBIES_1_038,11302,3.22
CA_1,HOBBIES_1_038,11303,3.22
CA_1,HOBBIES_1_038,11304,3.22
CA_1,HOBBIES_1_038,11305,3.22
CA_1,HOBBIES_1_038,11306,3.22
CA_1,HOBBIES_1_038,11307,3.22
CA_1,HOBBIES_1_038,11308,3.22
CA_1,HOBBIES_1_038,11309,3.22
CA_1,HOBBIES_1_038,11310,3.22
CA_1,HOBBIES_1_038,11311,3.22
CA_1,HOBBIES_1_038,11312,3.22
CA_1,HOBBIES_1_038,11313,3.22
CA_1,HOBBIES_1_038,11314,3.22
CA_1,HOBBIES_1_038,11315,3.22
CA_1,HOBBIES_1_038,11316,3.22
CA_1,HOBBIES_1_038,11317,3.22
CA_1,HOBBIES_1_038,11318,3.22
CA_1,HOBBIES_1_038,11319,3.22
CA_1,HOBBIES_1_038,11320,3.22
CA_1,HOBBIES_1_038,11321,3.22
CA_1,HOBBIES_1_038,11322,3.22
CA_1,HOBBIES_1_038,11323,3.22
CA_1,HOBBIES_1_038,11324,3.22
CA_1,HOBBIES_1_038,11325,3.22
CA_1,HOBBIES_1_038,11326,3.22
CA_1,HOBBIES_1_038,11327,3.22
CA_1,HOBBIES_1_038,11328,3.22
CA_1,HOBBIES_1_038,11329,3.22
CA_1,HOBBIES_1_038,11330,3.22
CA_1,HOBBIES_1_038,11331,3.22
CA_1,HOBBIES_1_038,11332,3.22
CA_1,HOBBIES_1_038,11333,3.22
CA_1,HOBBIES_1_038,11334,3.22
CA_1,HOBBIES_1_038,11335,3.22
CA_1,HOBBIES_1_038,11336,3.22
CA_1,HOBBIES_1_038,11337,3.22
CA_1,HOBBIES_1_038,11338,3.22
CA_1,HOBBIES_1_038,11339,3.22
CA_1,HOBBIES_1_038,11340,3.22
CA_1,HOBBIES_1_038,11341,3.22
CA_1,HOBBIES_1_038,11342,3.22
CA_1,HOBBIES_1_038,11343,3.22
CA_1,HOBBIES_1_038,11344,3.22
CA_1,HOBBIES_1_038,11345,3.22
CA_1,HOBBIES_1_038,11346,3.22
CA_1,HOBBIES_1_038,11347,3.22
CA_1,HOBBIES_1_038,11348,3.22
CA_1,HOBBIES_1_038,11349,3.22
CA_1,HOBBIES_1_038,11350,3.22
CA_1,HOBBIES_1_038,11351,3.22
CA_1,HOBBIES_1_038,11352,3.22
CA_1,HOBBIES_1_038,11353,3.22
CA_1,HOBBIES_1_038,11401,3.22
CA_1,HOBBIES_1_038,11402,3.22
CA_1,HOBBIES_1_038,11403,3.22
CA_1,HOBBIES_1_038,11404,3.22
CA_1,HOBBIES_1_038,11405,3.22
CA_1,HOBBIES_1_038,11406,3.22
CA_1,HOBBIES_1_038,11407,3.22
CA_1,HOBBIES_1_038,11408,3.22
CA_1,HOBBIES_1_038,11409,3.22
CA_1,HOBBIES_1_038,11410,3.22
CA_1,HOBBIES_1_038,11411,3.22
CA_1,HOBBIES_1_038,11412,3.22
CA_1,HOBBIES_1_038,11413,3.22
CA_1,HOBBIES_1_038,11414,3.22
CA_1,HOBBIES_1_038,11415,3.22
CA_1,HOBBIES_1_038,11416,3.22
CA_1,HOBBIES_1_038,11417,3.22
CA_1,HOBBIES_1_038,11418,3.22
CA_1,HOBBIES_1_038,11419,3.22
CA_1,HOBBIES_1_038,11420,3.22
CA_1,HOBBIES_1_038,11421,3.22
CA_1,HOBBIES_1_038,11422,3.22
CA_1,HOBBIES_1_038,11423,3.22
CA_1,HOBBIES_1_038,11424,3.22
CA_1,HOBBIES_1_038,11425,3.22
CA_1,HOBBIES_1_038,11426,3.22
CA_1,HOBBIES_1_038,11427,3.22
CA_1,HOBBIES_1_038,11428,3.22
CA_1,HOBBIES_1_038,11429,3.22
CA_1,HOBBIES_1_038,11430,3.22
CA_1,HOBBIES_1_038,11431,3.22
CA_1,HOBBIES_1_038,11432,3.22
CA_1,HOBBIES_1_038,11433,3.22
CA_1,HOBBIES_1_038,11434,3.22
CA_1,HOBBIES_1_038,11435,3.22
CA_1,HOBBIES_1_038,11436,3.22
CA_1,HOBBIES_1_038,11437,3.22
CA_1,HOBBIES_1_038,11438,3.22
CA_1,HOBBIES_1_038,11439,3.22
CA_1,HOBBIES_1_038,11440,3.22
CA_1,HOBBIES_1_038,11441,3.22
CA_1,HOBBIES_1_038,11442,3.22
CA_1,HOBBIES_1_038,11443,3.22
CA_1,HOBBIES_1_038,11444,3.22
CA_1,HOBBIES_1_038,11445,3.22
CA_1,HOBBIES_1_038,11446,3.22
CA_1,HOBBIES_1_038,11447,3.22
CA_1,HOBBIES_1_038,11448,3.22
CA_1,HOBBIES_1_038,11449,3.22
CA_1,HOBBIES_1_038,11450,3.22
CA_1,HOBBIES_1_038,11451,3.22
CA_1,HOBBIES_1_038,11452,3.22
CA_1,HOBBIES_1_038,11501,3.22
CA_1,HOBBIES_1_038,11502,3.22
CA_1,HOBBIES_1_038,11503,3.22
CA_1,HOBBIES_1_038,11504,3.22
CA_1,HOBBIES_1_038,11505,3.22
CA_1,HOBBIES_1_038,11506,3.22
CA_1,HOBBIES_1_038,11507,3.22
CA_1,HOBBIES_1_038,11508,3.22
CA_1,HOBBIES_1_038,11509,3.22
CA_1,HOBBIES_1_038,11510,3.22
CA_1,HOBBIES_1_038,11511,3.22
CA_1,HOBBIES_1_038,11512,3.22
CA_1,HOBBIES_1_038,11513,3.22
CA_1,HOBBIES_1_038,11514,3.22
CA_1,HOBBIES_1_038,11515,3.22
CA_1,HOBBIES_1_038,11516,3.22
CA_1,HOBBIES_1_038,11517,3.22
CA_1,HOBBIES_1_038,11518,3.22
CA_1,HOBBIES_1_038,11519,3.22
CA_1,HOBBIES_1_038,11520,3.22
CA_1,HOBBIES_1_038,11521,3.22
CA_1,HOBBIES_1_038,11522,3.22
CA_1,HOBBIES_1_038,11523,3.22
CA_1,HOBBIES_1_038,11524,3.22
CA_1,HOBBIES_1_038,11525,3.22
CA_1,HOBBIES_1_038,11526,3.22
CA_1,HOBBIES_1_038,11527,3.22
CA_1,HOBBIES_1_038,11528,3.22
CA_1,HOBBIES_1_038,11529,3.22
CA_1,HOBBIES_1_038,11530,3.22
CA_1,HOBBIES_1_038,11531,3.22
CA_1,HOBBIES_1_038,11532,3.22
CA_1,HOBBIES_1_038,11533,3.22
CA_1,HOBBIES_1_038,11534,3.22
CA_1,HOBBIES_1_038,11535,3.22
CA_1,HOBBIES_1_038,11536,3.22
CA_1,HOBBIES_1_038,11537,3.22
CA_1,HOBBIES_1_038,11538,3.22
CA_1,HOBBIES_1_038,11539,3.22
CA_1,HOBBIES_1_038,11540,3.22
CA_1,HOBBIES_1_038,11541,3.22
CA_1,HOBBIES_1_038,11542,3.22
CA_1,HOBBIES_1_038,11543,3.22
CA_1,HOBBIES_1_038,11544,3.22
CA_1,HOBBIES_1_038,11545,3.22
CA_1,HOBBIES_1_038,11546,3.22
CA_1,HOBBIES_1_038,11547,3.22
CA_1,HOBBIES_1_038,11548,3.22
CA_1,HOBBIES_1_038,11549,3.22
CA_1,HOBBIES_1_038,11550,3.22
CA_1,HOBBIES_1_038,11551,3.22
CA_1,HOBBIES_1_038,11552,3.22
CA_1,HOBBIES_1_038,11601,3.22
CA_1,HOBBIES_1_038,11602,3.22
CA_1,HOBBIES_1_038,11603,3.22
CA_1,HOBBIES_1_038,11604,3.22
CA_1,HOBBIES_1_038,11605,3.22
CA_1,HOBBIES_1_038,11606,3.22
CA_1,HOBBIES_1_038,11607,3.22
CA_1,HOBBIES_1_038,11608,3.22
CA_1,HOBBIES_1_038,11609,3.22
CA_1,HOBBIES_1_038,11610,3.22
CA_1,HOBBIES_1_038,11611,3.22
CA_1,HOBBIES_1_038,11612,3.22
CA_1,HOBBIES_1_038,11613,3.22
CA_1,HOBBIES_1_038,11614,3.22
CA_1,HOBBIES_1_038,11615,3.22
CA_1,HOBBIES_1_038,11616,3.22
CA_1,HOBBIES_1_038,11617,3.22
CA_1,HOBBIES_1_038,11618,3.22
CA_1,HOBBIES_1_038,11619,3.22
CA_1,HOBBIES_1_038,11620,3.22
CA_1,HOBBIES_1_038,11621,3.22
CA_1,HOBBIES_1_039,11213,5.88
CA_1,HOBBIES_1_039,11214,5.88
CA_1,HOBBIES_1_039,11215,5.88
CA_1,HOBBIES_1_039,11216,5.88
CA_1,HOBBIES_1_039,11217,5.88
CA_1,HOBBIES_1_039,11218,5.88
CA_1,HOBBIES_1_039,11219,5.88
CA_1,HOBBIES_1_039,11220,5.88
CA_1,HOBBIES_1_039,11221,5.88
CA_1,HOBBIES_1_039,11222,5.88
CA_1,HOBBIES_1_039,11223,5.88
CA_1,HOBBIES_1_039,11224,5.88
CA_1,HOBBIES_1_039,11225,5.88
CA_1,HOBBIES_1_039,11226,5.88
CA_1,HOBBIES_1_039,11227,5.88
CA_1,HOBBIES_1_039,11228,5.88
CA_1,HOBBIES_1_039,11229,5.88
CA_1,HOBBIES_1_039,11230,5.88
CA_1,HOBBIES_1_039,11231,5.88
CA_1,HOBBIES_1_039,11232,5.88
CA_1,HOBBIES_1_039,11233,5.88
CA_1,HOBBIES_1_039,11234,5.88
CA_1,HOBBIES_1_039,11235,5.88
CA_1,HOBBIES_1_039,11236,5.88
CA_1,HOBBIES_1_039,11237,5.88
CA_1,HOBBIES_1_039,11238,5.88
CA_1,HOBBIES_1_039,11239,5.88
CA_1,HOBBIES_1_039,11240,5.88
CA_1,HOBBIES_1_039,11241,5.88
CA_1,HOBBIES_1_039,11242,5.88
CA_1,HOBBIES_1_039,11243,5.88
CA_1,HOBBIES_1_039,11244,5.88
CA_1,HOBBIES_1_039,11245,5.88
CA_1,HOBBIES_1_039,11246,5.88
CA_1,HOBBIES_1_039,11247,5.88
CA_1,HOBBIES_1_039,11248,5.88
CA_1,HOBBIES_1_039,11249,5.88
CA_1,HOBBIES_1_039,11250,5.88
CA_1,HOBBIES_1_039,11251,5.88
CA_1,HOBBIES_1_039,11252,5.88
CA_1,HOBBIES_1_039,11301,5.88
CA_1,HOBBIES_1_039,11302,5.88
CA_1,HOBBIES_1_039,11303,5.88
CA_1,HOBBIES_1_039,11304,5.88
CA_1,HOBBIES_1_039,11305,5.88
CA_1,HOBBIES_1_039,11306,5.88
CA_1,HOBBIES_1_039,11307,5.88
CA_1,HOBBIES_1_039,11308,5.88
CA_1,HOBBIES_1_039,11309,5.88
CA_1,HOBBIES_1_039,11310,5.88
CA_1,HOBBIES_1_039,11311,5.88
CA_1,HOBBIES_1_039,11312,5.88
CA_1,HOBBIES_1_039,11313,5.88
CA_1,HOBBIES_1_039,11314,5.88
CA_1,HOBBIES_1_039,11315,5.88
CA_1,HOBBIES_1_039,11316,5.88
CA_1,HOBBIES_1_039,11317,5.88
CA_1,HOBBIES_1_039,11318,5.88
CA_1,HOBBIES_1_039,11319,5.88
CA_1,HOBBIES_1_039,11320,5.88
CA_1,HOBBIES_1_039,11321,5.88
CA_1,HOBBIES_1_039,11322,5.88
CA_1,HOBBIES_1_039,11323,5.88
CA_1,HOBBIES_1_039,11324,5.88
CA_1,HOBBIES_1_039,11325,5.88
CA_1,HOBBIES_1_039,11326,5.88
CA_1,HOBBIES_1_039,11327,5.88
CA_1,HOBBIES_1_039,11328,5.88
CA_1,HOBBIES_1_039,11329,5.88
CA_1,HOBBIES_1_039,11330,5.88
CA_1,HOBBIES_1_039,11331,5.88
CA_1,HOBBIES_1_039,11332,5.88
CA_1,HOBBIES_1_039,11333,5.88
CA_1,HOBBIES_1_039,11334,5.88
CA_1,HOBBIES_1_039,11335,5.88
CA_1,HOBBIES_1_039,11336,5.88
CA_1,HOBBIES_1_039,11337,5.88
CA_1,HOBBIES_1_039,11338,5.88
CA_1,HOBBIES_1_039,11339,5.88
CA_1,HOBBIES_1_039,11340,5.88
CA_1,HOBBIES_1_039,11341,5.88
CA_1,HOBBIES_1_039,11342,5.88
CA_1,HOBBIES_1_039,11343,5.88
CA_1,HOBBIES_1_039,11344,5.88
CA_1,HOBBIES_1_039,11345,5.88
CA_1,HOBBIES_1_039,11346,5.88
CA_1,HOBBIES_1_039,11347,5.88
CA_1,HOBBIES_1_039,11348,5.88
CA_1,HOBBIES_1_039,11349,5.88
CA_1,HOBBIES_1_039,11350,5.88
CA_1,HOBBIES_1_039,11351,5.88
CA_1,HOBBIES_1_039,11352,5.88
CA_1,HOBBIES_1_039,11353,5.88
CA_1,HOBBIES_1_039,11401,5.88
CA_1,HOBBIES_1_039,11402,5.88
CA_1,HOBBIES_1_039,11403,5.88
CA_1,HOBBIES_1_039,11404,5.88
CA_1,HOBBIES_1_039,11405,5.88
CA_1,HOBBIES_1_039,11406,5.88
CA_1,HOBBIES_1_039,11407,5.88
CA_1,HOBBIES_1_039,11408,5.88
CA_1,HOBBIES_1_039,11409,5.88
CA_1,HOBBIES_1_039,11410,5.88
CA_1,HOBBIES_1_039,11411,5.88
CA_1,HOBBIES_1_039,11412,5.88
CA_1,HOBBIES_1_039,11413,5.88
CA_1,HOBBIES_1_039,11414,5.88
CA_1,HOBBIES_1_039,11415,5.88
CA_1,HOBBIES_1_039,11416,5.88
CA_1,HOBBIES_1_039,11417,5.88
CA_1,HOBBIES_1_039,11418,5.88
CA_1,HOBBIES_1_039,11419,5.88
CA_1,HOBBIES_1_039,11420,5.88
CA_1,HOBBIES_1_039,11421,5.88
CA_1,HOBBIES_1_039,11422,5.88
CA_1,HOBBIES_1_039,11423,5.88
CA_1,HOBBIES_1_039,11424,5.88
CA_1,HOBBIES_1_039,11425,5.88
CA_1,HOBBIES_1_039,11426,5.88
CA_1,HOBBIES_1_039,11427,5.88
CA_1,HOBBIES_1_039,11428,5.88
CA_1,HOBBIES_1_039,11429,5.88
CA_1,HOBBIES_1_039,11430,5.88
CA_1,HOBBIES_1_039,11431,5.88
CA_1,HOBBIES_1_039,11432,5.88
CA_1,HOBBIES_1_039,11433,5.88
CA_1,HOBBIES_1_039,11434,5.88
CA_1,HOBBIES_1_039,11435,5.88
CA_1,HOBBIES_1_039,11436,5.88
CA_1,HOBBIES_1_039,11437,5.88
CA_1,HOBBIES_1_039,11438,5.88
CA_1,HOBBIES_1_039,11439,5.88
CA_1,HOBBIES_1_039,11440,5.88
CA_1,HOBBIES_1_039,11441,5.88
CA_1,HOBBIES_1_039,11442,5.88
CA_1,HOBBIES_1_039,11443,5.88
CA_1,HOBBIES_1_039,11444,5.88
CA_1,HOBBIES_1_039,11445,5.88
CA_1,HOBBIES_1_039,11446,5.88
CA_1,HOBBIES_1_039,11447,5.88
CA_1,HOBBIES_1_039,11448,5.88
CA_1,HOBBIES_1_039,11449,5.88
CA_1,HOBBIES_1_039,11450,5.88
CA_1,HOBBIES_1_039,11451,5.88
CA_1,HOBBIES_1_039,11452,5.88
CA_1,HOBBIES_1_039,11501,5.88
CA_1,HOBBIES_1_039,11502,5.88
CA_1,HOBBIES_1_039,11503,5.88
CA_1,HOBBIES_1_039,11504,5.88
CA_1,HOBBIES_1_039,11505,5.88
CA_1,HOBBIES_1_039,11506,5.88
CA_1,HOBBIES_1_039,11507,5.88
CA_1,HOBBIES_1_039,11508,5.88
CA_1,HOBBIES_1_039,11509,5.88
CA_1,HOBBIES_1_039,11510,5.88
CA_1,HOBBIES_1_039,11511,5.88
CA_1,HOBBIES_1_039,11512,5.88
CA_1,HOBBIES_1_039,11513,5.88
CA_1,HOBBIES_1_039,11514,5.88
CA_1,HOBBIES_1_039,11515,5.88
CA_1,HOBBIES_1_039,11516,5.88
CA_1,HOBBIES_1_039,11517,5.88
CA_1,HOBBIES_1_039,11518,5.88
CA_1,HOBBIES_1_039,11519,5.88
CA_1,HOBBIES_1_039,11520,5.88
CA_1,HOBBIES_1_039,11521,5.88
CA_1,HOBBIES_1_039,11522,5.88
CA_1,HOBBIES_1_039,11523,5.88
CA_1,HOBBIES_1_039,11524,5.88
CA_1,HOBBIES_1_039,11525,5.88
CA_1,HOBBIES_1_039,11526,5.88
CA_1,HOBBIES_1_039,11527,5.88
CA_1,HOBBIES_1_039,11528,5.88
CA_1,HOBBIES_1_039,11529,5.88
CA_1,HOBBIES_1_039,11530,5.88
CA_1,HOBBIES_1_039,11531,5.88
CA_1,HOBBIES_1_039,11532,5.88
CA_1,HOBBIES_1_039,11533,5.88
CA_1,HOBBIES_1_039,11534,5.88
CA_1,HOBBIES_1_039,11535,5.88
CA_1,HOBBIES_1_039,11536,5.88
CA_1,HOBBIES_1_039,11537,5.88
CA_1,HOBBIES_1_039,11538,5.88
CA_1,HOBBIES_1_039,11539,5.88
CA_1,HOBBIES_1_039,11540,5.88
CA_1,HOBBIES_1_039,11541,5.88
CA_1,HOBBIES_1_039,11542,5.88
CA_1,HOBBIES_1_039,11543,5.88
CA_1,HOBBIES_1_039,11544,5.88
CA_1,HOBBIES_1_039,11545,5.88
CA_1,HOBBIES_1_039,11546,5.88
CA_1,HOBBIES_1_039,11547,5.88
CA_1,HOBBIES_1_039,11548,5.88
CA_1,HOBBIES_1_039,11549,5.88
CA_1,HOBBIES_1_039,11550,5.88
CA_1,HOBBIES_1_039,11551,5.88
CA_1,HOBBIES_1_039,11552,5.88
CA_1,HOBBIES_1_039,11601,5.88
CA_1,HOBBIES_1_039,11602,5.88
CA_1,HOBBIES_1_039,11603,5.88
CA_1,HOBBIES_1_039,11604,5.88
CA_1,HOBBIES_1_039,11605,5.88
CA_1,HOBBIES_1_039,11606,5.88
CA_1,HOBBIES_1_039,11607,5.88
CA_1,HOBBIES_1_039,11608,5.88
CA_1,HOBBIES_1_039,11609,5.88
CA_1,HOBBIES_1_039,11610,5.88
CA_1,HOBBIES_1_039,11611,5.88
CA_1,HOBBIES_1_039,11612,5.88
CA_1,HOBBIES_1_039,11613,5.88
CA_1,HOBBIES_1_039,11614,5.88
CA_1,HOBBIES_1_039,11615,5.88
CA_1,HOBBIES_1_039,11616,5.88
CA_1,HOBBIES_1_039,11617,5.88
CA_1,HOBBIES_1_039,11618,5.88
CA_1,HOBBIES_1_039,11619,5.88
CA_1,HOBBIES_1_039,11620,5.88
CA_1,HOBBIES_1_039,11621,5.88
CA_1,HOBBIES_1_040,11219,12.97
CA_1,HOBBIES_1_040,11220,12.97
CA_1,HOBBIES_1_040,11221,12.97
CA_1,HOBBIES_1_040,11222,12.97
CA_1,HOBBIES_1_040,11223,12.97
CA_1,HOBBIES_1_040,11224,12.97
CA_1,HOBBIES_1_040,11225,12.97
CA_1,HOBBIES_1_040,11226,12.97
CA_1,HOBBIES_1_040,11227,12.97
CA_1,HOBBIES_1_040,11228,12.97
CA_1,HOBBIES_1_040,11229,12.97
CA_1,HOBBIES_1_040,11230,12.97
CA_1,HOBBIES_1_040,11231,12.97
CA_1,HOBBIES_1_040,11232,12.97
CA_1,HOBBIES_1_040,11233,12.97
CA_1,HOBBIES_1_040,11234,12.97
CA_1,HOBBIES_1_040,11235,12.97
CA_1,HOBBIES_1_040,11236,12.97
CA_1,HOBBIES_1_040,11237,12.97
CA_1,HOBBIES_1_040,11238,12.97
CA_1,HOBBIES_1_040,11239,12.97
CA_1,HOBBIES_1_040,11240,12.97
CA_1,HOBBIES_1_040,11241,12.97
CA_1,HOBBIES_1_040,11242,12.97
CA_1,HOBBIES_1_040,11243,12.97
CA_1,HOBBIES_1_040,11244,12.97
CA_1,HOBBIES_1_040,11245,13.48
CA_1,HOBBIES_1_040,11246,13.48
CA_1,HOBBIES_1_040,11247,13.48
CA_1,HOBBIES_1_040,11248,13.48
CA_1,HOBBIES_1_040,11249,13.48
CA_1,HOBBIES_1_040,11250,12.97
CA_1,HOBBIES_1_040,11251,12.97
CA_1,HOBBIES_1_040,11252,12.97
CA_1,HOBBIES_1_040,11301,12.97
CA_1,HOBBIES_1_040,11302,12.97
CA_1,HOBBIES_1_040,11303,12.97
CA_1,HOBBIES_1_040,11304,12.97
CA_1,HOBBIES_1_040,11305,12.97
CA_1,HOBBIES_1_040,11306,12.97
CA_1,HOBBIES_1_040,11307,12.97
CA_1,HOBBIES_1_040,11308,12.97
CA_1,HOBBIES_1_040,11309,12.97
CA_1,HOBBIES_1_040,11310,12.97
CA_1,HOBBIES_1_040,11311,12.97
CA_1,HOBBIES_1_040,11312,12.97
CA_1,HOBBIES_1_040,11313,12.97
CA_1,HOBBIES_1_040,11314,12.97
CA_1,HOBBIES_1_040,11315,12.97
CA_1,HOBBIES_1_040,11316,12.97
CA_1,HOBBIES_1_040,11317,12.97
CA_1,HOBBIES_1_040,11318,12.97
CA_1,HOBBIES_1_040,11319,12.97
CA_1,HOBBIES_1_040,11320,12.97
CA_1,HOBBIES_1_040,11321,12.97
CA_1,HOBBIES_1_040,11322,12.97
CA_1,HOBBIES_1_040,11323,12.97
CA_1,HOBBIES_1_040,11324,12.97
CA_1,HOBBIES_1_040,11325,12.97
CA_1,HOBBIES_1_040,11326,12.97
CA_1,HOBBIES_1_040,11327,12.97
CA_1,HOBBIES_1_040,11328,12.97
CA_1,HOBBIES_1_040,11329,12.97
CA_1,HOBBIES_1_040,11330,12.97
CA_1,HOBBIES_1_040,11331,12.97
CA_1,HOBBIES_1_040,11332,12.97
CA_1,HOBBIES_1_040,11333,12.97
CA_1,HOBBIES_1_040,11334,12.97
CA_1,HOBBIES_1_040,11335,12.97
CA_1,HOBBIES_1_040,11336,12.97
CA_1,HOBBIES_1_040,11337,12.97
CA_1,HOBBIES_1_040,11338,12.97
CA_1,HOBBIES_1_040,11339,12.97
CA_1,HOBBIES_1_040,11340,12.97
CA_1,HOBBIES_1_040,11341,12.97
CA_1,HOBBIES_1_040,11342,12.97
CA_1,HOBBIES_1_040,11343,12.97
CA_1,HOBBIES_1_040,11344,12.97
CA_1,HOBBIES_1_040,11345,12.97
CA_1,HOBBIES_1_040,11346,12.97
CA_1,HOBBIES_1_040,11347,12.97
CA_1,HOBBIES_1_040,11348,12.97
CA_1,HOBBIES_1_040,11349,12.97
CA_1,HOBBIES_1_040,11350,12.97
CA_1,HOBBIES_1_040,11351,12.97
CA_1,HOBBIES_1_040,11352,12.97
CA_1,HOBBIES_1_040,11353,12.97
CA_1,HOBBIES_1_040,11401,12.97
CA_1,HOBBIES_1_040,11402,12.97
CA_1,HOBBIES_1_040,11403,12.97
CA_1,HOBBIES_1_040,11404,12.97
CA_1,HOBBIES_1_040,11405,12.97
CA_1,HOBBIES_1_040,11406,12.97
CA_1,HOBBIES_1_040,11407,12.97
CA_1,HOBBIES_1_040,11408,12.97
CA_1,HOBBIES_1_040,11409,12.97
CA_1,HOBBIES_1_040,11410,12.97
CA_1,HOBBIES_1_040,11411,12.97
CA_1,HOBBIES_1_040,11412,12.97
CA_1,HOBBIES_1_040,11413,12.97
CA_1,HOBBIES_1_040,11414,12.97
CA_1,HOBBIES_1_040,11415,12.97
CA_1,HOBBIES_1_040,11416,12.97
CA_1,HOBBIES_1_040,11417,12.97
CA_1,HOBBIES_1_040,11418,12.97
CA_1,HOBBIES_1_040,11419,12.97
CA_1,HOBBIES_1_040,11420,12.97
CA_1,HOBBIES_1_040,11421,12.97
CA_1,HOBBIES_1_040,11422,12.97
CA_1,HOBBIES_1_040,11423,12.97
CA_1,HOBBIES_1_040,11424,12.97
CA_1,HOBBIES_1_040,11425,12.97
CA_1,HOBBIES_1_040,11426,12.97
CA_1,HOBBIES_1_040,11427,12.97
CA_1,HOBBIES_1_040,11428,12.97
CA_1,HOBBIES_1_040,11429,12.97
CA_1,HOBBIES_1_040,11430,12.97
CA_1,HOBBIES_1_040,11431,12.97
CA_1,HOBBIES_1_040,11432,12.97
CA_1,HOBBIES_1_040,11433,12.97
CA_1,HOBBIES_1_040,11434,12.97
CA_1,HOBBIES_1_040,11435,12.97
CA_1,HOBBIES_1_040,11436,12.97
CA_1,HOBBIES_1_040,11437,12.97
CA_1,HOBBIES_1_040,11438,12.97
CA_1,HOBBIES_1_040,11439,12.97
CA_1,HOBBIES_1_040,11440,12.97
CA_1,HOBBIES_1_040,11441,12.97
CA_1,HOBBIES_1_040,11442,12.97
CA_1,HOBBIES_1_040,11443,12.97
CA_1,HOBBIES_1_040,11444,12.97
CA_1,HOBBIES_1_040,11445,12.97
CA_1,HOBBIES_1_040,11446,12.97
CA_1,HOBBIES_1_040,11447,12.97
CA_1,HOBBIES_1_040,11448,12.97
CA_1,HOBBIES_1_040,11449,12.97
CA_1,HOBBIES_1_040,11450,12.97
CA_1,HOBBIES_1_040,11451,12.97
CA_1,HOBBIES_1_040,11452,12.97
CA_1,HOBBIES_1_040,11501,12.97
CA_1,HOBBIES_1_040,11502,12.97
CA_1,HOBBIES_1_040,11503,12.97
CA_1,HOBBIES_1_040,11504,12.97
CA_1,HOBBIES_1_040,11505,12.97
CA_1,HOBBIES_1_040,11506,12.97
CA_1,HOBBIES_1_040,11507,12.97
CA_1,HOBBIES_1_040,11508,12.97
CA_1,HOBBIES_1_040,11509,12.97
CA_1,HOBBIES_1_040,11510,12.97
CA_1,HOBBIES_1_040,11511,12.97
CA_1,HOBBIES_1_040,11512,12.97
CA_1,HOBBIES_1_040,11513,12.97
CA_1,HOBBIES_1_040,11514,12.97
CA_1,HOBBIES_1_040,11515,12.97
CA_1,HOBBIES_1_040,11516,12.97
CA_1,HOBBIES_1_040,11517,12.97
CA_1,HOBBIES_1_040,11518,12.97
CA_1,HOBBIES_1_040,11519,12.97
CA_1,HOBBIES_1_040,11520,12.97
CA_1,HOBBIES_1_040,11521,12.97
CA_1,HOBBIES_1_040,11522,12.97
CA_1,HOBBIES_1_040,11523,12.97
CA_1,HOBBIES_1_040,11524,12.97
CA_1,HOBBIES_1_040,11525,12.97
CA_1,HOBBIES_1_040,11526,12.97
CA_1,HOBBIES_1_040,11527,12.97
CA_1,HOBBIES_1_040,11528,12.97
CA_1,HOBBIES_1_040,11529,12.97
CA_1,HOBBIES_1_040,11530,12.97
CA_1,HOBBIES_1_040,11531,12.97
CA_1,HOBBIES_1_040,11532,12.97
CA_1,HOBBIES_1_040,11533,12.97
CA_1,HOBBIES_1_040,11534,12.97
CA_1,HOBBIES_1_040,11535,12.97
CA_1,HOBBIES_1_040,11536,12.97
CA_1,HOBBIES_1_040,11537,12.97
CA_1,HOBBIES_1_040,11538,12.97
CA_1,HOBBIES_1_040,11539,12.97
CA_1,HOBBIES_1_040,11540,12.97
CA_1,HOBBIES_1_040,11541,12.97
CA_1,HOBBIES_1_040,11542,12.97
CA_1,HOBBIES_1_040,11543,12.97
CA_1,HOBBIES_1_040,11544,12.97
CA_1,HOBBIES_1_040,11545,12.97
CA_1,HOBBIES_1_040,11546,12.97
CA_1,HOBBIES_1_040,11547,12.97
CA_1,HOBBIES_1_040,11548,12.97
CA_1,HOBBIES_1_040,11549,12.97
CA_1,HOBBIES_1_040,11550,12.97
CA_1,HOBBIES_1_040,11551,12.97
CA_1,HOBBIES_1_040,11552,12.97
CA_1,HOBBIES_1_040,11601,12.97
CA_1,HOBBIES_1_040,11602,12.97
CA_1,HOBBIES_1_040,11603,12.97
CA_1,HOBBIES_1_040,11604,12.97
CA_1,HOBBIES_1_040,11605,12.97
CA_1,HOBBIES_1_040,11606,12.97
CA_1,HOBBIES_1_040,11607,12.97
CA_1,HOBBIES_1_040,11608,12.97
CA_1,HOBBIES_1_040,11609,12.97
CA_1,HOBBIES_1_040,11610,12.97
CA_1,HOBBIES_1_040,11611,12.97
CA_1,HOBBIES_1_040,11612,12.97
CA_1,HOBBIES_1_040,11613,12.97
CA_1,HOBBIES_1_040,11614,12.97
CA_1,HOBBIES_1_040,11615,12.97
CA_1,HOBBIES_1_040,11616,12.44
CA_1,HOBBIES_1_040,11617,12.44
CA_1,HOBBIES_1_040,11618,12.44
CA_1,HOBBIES_1_040,11619,12.44
CA_1,HOBBIES_1_040,11620,12.44
CA_1,HOBBIES_1_040,11621,12.44
CA_1,HOBBIES_1_041,11118,3.4
CA_1,HOBBIES_1_041,11119,3.4
CA_1,HOBBIES_1_041,11120,3.4
CA_1,HOBBIES_1_041,11121,3.4
CA_1,HOBBIES_1_041,11122,3.4
CA_1,HOBBIES_1_041,11123,3.4
CA_1,HOBBIES_1_041,11124,3.4
CA_1,HOBBIES_1_041,11125,3.4
CA_1,HOBBIES_1_041,11126,3.4
CA_1,HOBBIES_1_041,11127,3.4
CA_1,HOBBIES_1_041,11128,3.4
CA_1,HOBBIES_1_041,11129,3.4
CA_1,HOBBIES_1_041,11130,3.4
CA_1,HOBBIES_1_041,11131,3.4
CA_1,HOBBIES_1_041,11132,3.4
CA_1,HOBBIES_1_041,11133,3.4
CA_1,HOBBIES_1_041,11134,3.4
CA_1,HOBBIES_1_041,11135,3.4
CA_1,HOBBIES_1_041,11136,3.4
CA_1,HOBBIES_1_041,11137,3.4
CA_1,HOBBIES_1_041,11138,3.4
CA_1,HOBBIES_1_041,11139,3.4
CA_1,HOBBIES_1_041,11140,3.4
CA_1,HOBBIES_1_041,11141,3.4
CA_1,HOBBIES_1_041,11142,3.4
CA_1,HOBBIES_1_041,11143,3.4
CA_1,HOBBIES_1_041,11144,3.4
CA_1,HOBBIES_1_041,11145,3.4
CA_1,HOBBIES_1_041,11146,3.4
CA_1,HOBBIES_1_041,11147,3.4
CA_1,HOBBIES_1_041,11148,3.4
CA_1,HOBBIES_1_041,11149,3.4
CA_1,HOBBIES_1_041,11150,3.4
CA_1,HOBBIES_1_041,11151,3.53
CA_1,HOBBIES_1_041,11152,3.53
CA_1,HOBBIES_1_041,11201,3.53
CA_1,HOBBIES_1_041,11202,3.53
CA_1,HOBBIES_1_041,11203,3.53
CA_1,HOBBIES_1_041,11204,3.53
CA_1,HOBBIES_1_041,11205,3.53
CA_1,HOBBIES_1_041,11206,3.53
CA_1,HOBBIES_1_041,11207,3.53
CA_1,HOBBIES_1_041,11208,3.53
CA_1,HOBBIES_1_041,11209,3.53
CA_1,HOBBIES_1_041,11210,3.53
CA_1,HOBBIES_1_041,11211,3.53
CA_1,HOBBIES_1_041,11212,3.53
CA_1,HOBBIES_1_041,11213,3.53
CA_1,HOBBIES_1_041,11214,3.53
CA_1,HOBBIES_1_041,11215,3.53
CA_1,HOBBIES_1_041,11216,3.53
CA_1,HOBBIES_1_041,11217,3.53
CA_1,HOBBIES_1_041,11218,3.53
CA_1,HOBBIES_1_041,11219,3.53
CA_1,HOBBIES_1_041,11220,3.53
CA_1,HOBBIES_1_041,11221,3.53
CA_1,HOBBIES_1_041,11222,3.53
CA_1,HOBBIES_1_041,11223,3.53
CA_1,HOBBIES_1_041,11224,3.53
CA_1,HOBBIES_1_041,11225,3.53
CA_1,HOBBIES_1_041,11226,3.53
CA_1,HOBBIES_1_041,11227,3.53
CA_1,HOBBIES_1_041,11228,3.53
CA_1,HOBBIES_1_041,11229,3.53
CA_1,HOBBIES_1_041,11230,3.53
CA_1,HOBBIES_1_041,11231,3.53
CA_1,HOBBIES_1_041,11232,3.53
CA_1,HOBBIES_1_041,11233,3.53
CA_1,HOBBIES_1_041,11234,3.53
CA_1,HOBBIES_1_041,11235,3.53
CA_1,HOBBIES_1_041,11236,3.53
CA_1,HOBBIES_1_041,11237,3.53
CA_1,HOBBIES_1_041,11238,3.53
CA_1,HOBBIES_1_041,11239,3.53
CA_1,HOBBIES_1_041,11240,3.53
CA_1,HOBBIES_1_041,11241,3.53
CA_1,HOBBIES_1_041,11242,3.53
CA_1,HOBBIES_1_041,11243,3.53
CA_1,HOBBIES_1_041,11244,3.53
CA_1,HOBBIES_1_041,11245,3.53
CA_1,HOBBIES_1_041,11246,3.53
CA_1,HOBBIES_1_041,11247,3.53
CA_1,HOBBIES_1_041,11248,3.53
CA_1,HOBBIES_1_041,11249,3.53
CA_1,HOBBIES_1_041,11250,3.53
CA_1,HOBBIES_1_041,11251,3.53
CA_1,HOBBIES_1_041,11252,3.53
CA_1,HOBBIES_1_041,11301,3.53
CA_1,HOBBIES_1_041,11302,3.53
CA_1,HOBBIES_1_041,11303,4.22
CA_1,HOBBIES_1_041,11304,4.22
CA_1,HOBBIES_1_041,11305,4.22
CA_1,HOBBIES_1_041,11306,4.22
CA_1,HOBBIES_1_041,11307,4.22
CA_1,HOBBIES_1_041,11308,4.22
CA_1,HOBBIES_1_041,11309,4.22
CA_1,HOBBIES_1_041,11310,4.22
CA_1,HOBBIES_1_041,11311,4.22
CA_1,HOBBIES_1_041,11312,4.22
CA_1,HOBBIES_1_041,11313,4.22
CA_1,HOBBIES_1_041,11314,4.22
CA_1,HOBBIES_1_041,11315,4.22
CA_1,HOBBIES_1_041,11316,4.22
CA_1,HOBBIES_1_041,11317,4.22
CA_1,HOBBIES_1_041,11318,4.22
CA_1,HOBBIES_1_041,11319,4.22
CA_1,HOBBIES_1_041,11320,4.22
CA_1,HOBBIES_1_041,11321,4.22
CA_1,HOBBIES_1_041,11322,4.22
CA_1,HOBBIES_1_041,11323,4.22
CA_1,HOBBIES_1_041,11324,4.22
CA_1,HOBBIES_1_041,11325,4.22
CA_1,HOBBIES_1_041,11326,4.22
CA_1,HOBBIES_1_041,11327,4.22
CA_1,HOBBIES_1_041,11328,4.22
CA_1,HOBBIES_1_041,11329,4.22
CA_1,HOBBIES_1_041,11330,4.22
CA_1,HOBBIES_1_041,11331,4.22
CA_1,HOBBIES_1_041,11332,4.22
CA_1,HOBBIES_1_041,11333,4.22
CA_1,HOBBIES_1_041,11334,4.22
CA_1,HOBBIES_1_041,11335,4.22
CA_1,HOBBIES_1_041,11336,4.22
CA_1,HOBBIES_1_041,11337,4.22
CA_1,HOBBIES_1_041,11338,4.22
CA_1,HOBBIES_1_041,11339,4.22
CA_1,HOBBIES_1_041,11340,4.22
CA_1,HOBBIES_1_041,11341,4.22
CA_1,HOBBIES_1_041,11342,4.22
CA_1,HOBBIES_1_041,11343,4.22
CA_1,HOBBIES_1_041,11344,4.22
CA_1,HOBBIES_1_041,11345,4.22
CA_1,HOBBIES_1_041,11346,4.22
CA_1,HOBBIES_1_041,11347,4.22
CA_1,HOBBIES_1_041,11348,4.22
CA_1,HOBBIES_1_041,11349,4.22
CA_1,HOBBIES_1_041,11350,4.22
CA_1,HOBBIES_1_041,11351,4.22
CA_1,HOBBIES_1_041,11352,4.22
CA_1,HOBBIES_1_041,11353,4.22
CA_1,HOBBIES_1_041,11401,4.22
CA_1,HOBBIES_1_041,11402,4.22
CA_1,HOBBIES_1_041,11403,4.22
CA_1,HOBBIES_1_041,11404,4.22
CA_1,HOBBIES_1_041,11405,4.22
CA_1,HOBBIES_1_041,11406,4.22
CA_1,HOBBIES_1_041,11407,4.22
CA_1,HOBBIES_1_041,11408,4.22
CA_1,HOBBIES_1_041,11409,4.22
CA_1,HOBBIES_1_041,11410,4.22
CA_1,HOBBIES_1_041,11411,4.22
CA_1,HOBBIES_1_041,11412,4.22
CA_1,HOBBIES_1_041,11413,4.22
CA_1,HOBBIES_1_041,11414,4.22
CA_1,HOBBIES_1_041,11415,4.22
CA_1,HOBBIES_1_041,11416,4.22
CA_1,HOBBIES_1_041,11417,4.22
CA_1,HOBBIES_1_041,11418,4.22
CA_1,HOBBIES_1_041,11419,4.22
CA_1,HOBBIES_1_041,11420,4.22
CA_1,HOBBIES_1_041,11421,4.22
CA_1,HOBBIES_1_041,11422,4.22
CA_1,HOBBIES_1_041,11423,4.22
CA_1,HOBBIES_1_041,11424,4.22
CA_1,HOBBIES_1_041,11425,4.22
CA_1,HOBBIES_1_041,11426,4.22
CA_1,HOBBIES_1_041,11427,4.22
CA_1,HOBBIES_1_041,11428,4.22
CA_1,HOBBIES_1_041,11429,4.22
CA_1,HOBBIES_1_041,11430,4.22
CA_1,HOBBIES_1_041,11431,4.22
CA_1,HOBBIES_1_041,11432,4.22
CA_1,HOBBIES_1_041,11433,4.22
CA_1,HOBBIES_1_041,11434,4.22
CA_1,HOBBIES_1_041,11435,4.22
CA_1,HOBBIES_1_041,11436,4.22
CA_1,HOBBIES_1_041,11437,4.22
CA_1,HOBBIES_1_041,11438,4.22
CA_1,HOBBIES_1_041,11439,4.22
CA_1,HOBBIES_1_041,11440,4.22
CA_1,HOBBIES_1_041,11441,4.22
CA_1,HOBBIES_1_041,11442,4.22
CA_1,HOBBIES_1_041,11443,4.22
CA_1,HOBBIES_1_041,11444,4.22
CA_1,HOBBIES_1_041,11445,4.22
CA_1,HOBBIES_1_041,11446,4.22
CA_1,HOBBIES_1_041,11447,4.22
CA_1,HOBBIES_1_041,11448,4.22
CA_1,HOBBIES_1_041,11449,4.22
CA_1,HOBBIES_1_041,11450,4.22
CA_1,HOBBIES_1_041,11451,4.22
CA_1,HOBBIES_1_041,11452,4.22
CA_1,HOBBIES_1_041,11501,4.22
CA_1,HOBBIES_1_041,11502,4.22
CA_1,HOBBIES_1_041,11503,4.22
CA_1,HOBBIES_1_041,11504,4.22
CA_1,HOBBIES_1_041,11505,4.22
CA_1,HOBBIES_1_041,11506,4.22
CA_1,HOBBIES_1_041,11507,4.22
CA_1,HOBBIES_1_041,11508,4.22
CA_1,HOBBIES_1_041,11509,4.22
CA_1,HOBBIES_1_041,11510,4.22
CA_1,HOBBIES_1_041,11511,4.22
CA_1,HOBBIES_1_041,11512,4.22
CA_1,HOBBIES_1_041,11513,4.22
CA_1,HOBBIES_1_041,11514,4.22
CA_1,HOBBIES_1_041,11515,4.22
CA_1,HOBBIES_1_041,11516,4.22
CA_1,HOBBIES_1_041,11517,4.22
CA_1,HOBBIES_1_041,11518,4.22
CA_1,HOBBIES_1_041,11519,4.22
CA_1,HOBBIES_1_041,11520,4.22
CA_1,HOBBIES_1_041,11521,4.22
CA_1,HOBBIES_1_041,11522,4.22
CA_1,HOBBIES_1_041,11523,4.22
CA_1,HOBBIES_1_041,11524,4.22
CA_1,HOBBIES_1_041,11525,4.22
CA_1,HOBBIES_1_041,11526,4.22
CA_1,HOBBIES_1_041,11527,4.22
CA_1,HOBBIES_1_041,11528,4.22
CA_1,HOBBIES_1_041,11529,4.22
CA_1,HOBBIES_1_041,11530,4.22
CA_1,HOBBIES_1_041,11531,4.22
CA_1,HOBBIES_1_041,11532,4.22
CA_1,HOBBIES_1_041,11533,4.22
CA_1,HOBBIES_1_041,11534,4.22
CA_1,HOBBIES_1_041,11535,4.22
CA_1,HOBBIES_1_041,11536,4.22
CA_1,HOBBIES_1_041,11537,4.22
CA_1,HOBBIES_1_041,11538,4.22
CA_1,HOBBIES_1_041,11539,4.22
CA_1,HOBBIES_1_041,11540,4.22
CA_1,HOBBIES_1_041,11541,4.22
CA_1,HOBBIES_1_041,11542,4.22
CA_1,HOBBIES_1_041,11543,4.22
CA_1,HOBBIES_1_041,11544,4.22
CA_1,HOBBIES_1_041,11545,4.22
CA_1,HOBBIES_1_041,11546,4.22
CA_1,HOBBIES_1_041,11547,4.22
CA_1,HOBBIES_1_041,11548,4.22
CA_1,HOBBIES_1_041,11549,4.22
CA_1,HOBBIES_1_041,11550,4.22
CA_1,HOBBIES_1_041,11551,4.22
CA_1,HOBBIES_1_041,11552,4.22
CA_1,HOBBIES_1_041,11601,4.22
CA_1,HOBBIES_1_041,11602,4.22
CA_1,HOBBIES_1_041,11603,4.22
CA_1,HOBBIES_1_041,11604,4.22
CA_1,HOBBIES_1_041,11605,4.22
CA_1,HOBBIES_1_041,11606,4.22
CA_1,HOBBIES_1_041,11607,4.22
CA_1,HOBBIES_1_041,11608,4.22
CA_1,HOBBIES_1_041,11609,4.22
CA_1,HOBBIES_1_041,11610,4.22
CA_1,HOBBIES_1_041,11611,4.22
CA_1,HOBBIES_1_041,11612,4.22
CA_1,HOBBIES_1_041,11613,4.22
CA_1,HOBBIES_1_041,11614,4.22
CA_1,HOBBIES_1_041,11615,4.22
CA_1,HOBBIES_1_041,11616,4.22
CA_1,HOBBIES_1_041,11617,4.22
CA_1,HOBBIES_1_041,11618,4.22
CA_1,HOBBIES_1_041,11619,4.22
CA_1,HOBBIES_1_041,11620,4.22
CA_1,HOBBIES_1_041,11621,4.22
CA_1,HOBBIES_1_042,11137,7.48
CA_1,HOBBIES_1_042,11138,7.48
CA_1,HOBBIES_1_042,11139,7.48
CA_1,HOBBIES_1_042,11140,7.48
CA_1,HOBBIES_1_042,11141,7.48
CA_1,HOBBIES_1_042,11142,7.48
CA_1,HOBBIES_1_042,11143,7.48
CA_1,HOBBIES_1_042,11144,7.48
CA_1,HOBBIES_1_042,11145,7.48
CA_1,HOBBIES_1_042,11146,7.48
CA_1,HOBBIES_1_042,11147,7.48
CA_1,HOBBIES_1_042,11148,7.48
CA_1,HOBBIES_1_042,11149,7.48
CA_1,HOBBIES_1_042,11150,7.48
CA_1,HOBBIES_1_042,11151,7.48
CA_1,HOBBIES_1_042,11152,7.48
CA_1,HOBBIES_1_042,11201,7.48
CA_1,HOBBIES_1_042,11202,7.48
CA_1,HOBBIES_1_042,11203,7.48
CA_1,HOBBIES_1_042,11204,7.48
CA_1,HOBBIES_1_042,11205,7.48
CA_1,HOBBIES_1_042,11206,7.48
CA_1,HOBBIES_1_042,11207,7.48
CA_1,HOBBIES_1_042,11208,7.48
CA_1,HOBBIES_1_042,11209,7.48
CA_1,HOBBIES_1_042,11210,7.48
CA_1,HOBBIES_1_042,11211,7.48
CA_1,HOBBIES_1_042,11212,7.48
CA_1,HOBBIES_1_042,11213,7.48
CA_1,HOBBIES_1_042,11214,7.48
CA_1,HOBBIES_1_042,11215,7.48
CA_1,HOBBIES_1_042,11216,7.48
CA_1,HOBBIES_1_042,11217,7.48
CA_1,HOBBIES_1_042,11218,7.48
CA_1,HOBBIES_1_042,11219,7.48
CA_1,HOBBIES_1_042,11220,7.48
CA_1,HOBBIES_1_042,11221,7.48
CA_1,HOBBIES_1_042,11222,7.48
CA_1,HOBBIES_1_042,11223,7.48
CA_1,HOBBIES_1_042,11224,7.48
CA_1,HOBBIES_1_042,11225,7.48
CA_1,HOBBIES_1_042,11226,7.48
CA_1,HOBBIES_1_042,11227,7.48
CA_1,HOBBIES_1_042,11228,7.48
CA_1,HOBBIES_1_042,11229,7.48
CA_1,HOBBIES_1_042,11230,7.48
CA_1,HOBBIES_1_042,11231,7.48
CA_1,HOBBIES_1_042,11232,7.48
CA_1,HOBBIES_1_042,11233,7.48
CA_1,HOBBIES_1_042,11234,7.48
CA_1,HOBBIES_1_042,11235,7.48
CA_1,HOBBIES_1_042,11236,7.48
CA_1,HOBBIES_1_042,11237,7.48
CA_1,HOBBIES_1_042,11238,7.48
CA_1,HOBBIES_1_042,11239,7.48
CA_1,HOBBIES_1_042,11240,7.48
CA_1,HOBBIES_1_042,11241,7.48
CA_1,HOBBIES_1_042,11242,7.48
CA_1,HOBBIES_1_042,11243,7.48
CA_1,HOBBIES_1_042,11244,7.48
CA_1,HOBBIES_1_042,11245,7.48
CA_1,HOBBIES_1_042,11246,7.48
CA_1,HOBBIES_1_042,11247,7.48
CA_1,HOBBIES_1_042,11248,7.48
CA_1,HOBBIES_1_042,11249,7.48
CA_1,HOBBIES_1_042,11250,7.48
CA_1,HOBBIES_1_042,11251,7.48
CA_1,HOBBIES_1_042,11252,7.48
CA_1,HOBBIES_1_042,11301,7.48
CA_1,HOBBIES_1_042,11302,7.48
CA_1,HOBBIES_1_042,11303,7.48
CA_1,HOBBIES_1_042,11304,7.48
CA_1,HOBBIES_1_042,11305,7.48
CA_1,HOBBIES_1_042,11306,7.48
CA_1,HOBBIES_1_042,11307,7.48
CA_1,HOBBIES_1_042,11308,7.48
CA_1,HOBBIES_1_042,11309,7.48
CA_1,HOBBIES_1_042,11310,7.48
CA_1,HOBBIES_1_042,11311,7.48
CA_1,HOBBIES_1_042,11312,7.48
CA_1,HOBBIES_1_042,11313,7.48
CA_1,HOBBIES_1_042,11314,7.48
CA_1,HOBBIES_1_042,11315,7.48
CA_1,HOBBIES_1_042,11316,7.48
CA_1,HOBBIES_1_042,11317,7.48
CA_1,HOBBIES_1_042,11318,7.48
CA_1,HOBBIES_1_042,11319,7.48
CA_1,HOBBIES_1_042,11320,7.48
CA_1,HOBBIES_1_042,11321,7.48
CA_1,HOBBIES_1_042,11322,7.48
CA_1,HOBBIES_1_042,11323,7.48
CA_1,HOBBIES_1_042,11324,7.48
CA_1,HOBBIES_1_042,11325,7.48
CA_1,HOBBIES_1_042,11326,7.48
CA_1,HOBBIES_1_042,11327,7.48
CA_1,HOBBIES_1_042,11328,7.48
CA_1,HOBBIES_1_042,11329,7.48
CA_1,HOBBIES_1_042,11330,7.48
CA_1,HOBBIES_1_042,11331,7.48
CA_1,HOBBIES_1_042,11332,7.48
CA_1,HOBBIES_1_042,11333,7.48
CA_1,HOBBIES_1_042,11334,7.48
CA_1,HOBBIES_1_042,11335,7.48
CA_1,HOBBIES_1_042,11336,7.48
CA_1,HOBBIES_1_042,11337,7.48
CA_1,HOBBIES_1_042,11338,7.48
CA_1,HOBBIES_1_042,11339,7.48
CA_1,HOBBIES_1_042,11340,7.48
CA_1,HOBBIES_1_042,11341,7.48
CA_1,HOBBIES_1_042,11342,7.48
CA_1,HOBBIES_1_042,11343,7.48
CA_1,HOBBIES_1_042,11344,7.48
CA_1,HOBBIES_1_042,11345,7.48
CA_1,HOBBIES_1_042,11346,7.48
CA_1,HOBBIES_1_042,11347,7.48
CA_1,HOBBIES_1_042,11348,7.48
CA_1,HOBBIES_1_042,11349,7.48
CA_1,HOBBIES_1_042,11350,7.48
CA_1,HOBBIES_1_042,11351,7.48
CA_1,HOBBIES_1_042,11352,7.48
CA_1,HOBBIES_1_042,11353,7.48
CA_1,HOBBIES_1_042,11401,7.48
CA_1,HOBBIES_1_042,11402,7.48
CA_1,HOBBIES_1_042,11403,7.48
CA_1,HOBBIES_1_042,11404,7.48
CA_1,HOBBIES_1_042,11405,7.48
CA_1,HOBBIES_1_042,11406,7.48
CA_1,HOBBIES_1_042,11407,7.48
CA_1,HOBBIES_1_042,11408,7.48
CA_1,HOBBIES_1_042,11409,7.48
CA_1,HOBBIES_1_042,11410,7.48
CA_1,HOBBIES_1_042,11411,7.83
CA_1,HOBBIES_1_042,11412,7.83
CA_1,HOBBIES_1_042,11413,7.83
CA_1,HOBBIES_1_042,11414,7.83
CA_1,HOBBIES_1_042,11415,7.83
CA_1,HOBBIES_1_042,11416,7.83
CA_1,HOBBIES_1_042,11417,7.83
CA_1,HOBBIES_1_042,11418,7.83
CA_1,HOBBIES_1_042,11419,7.83
CA_1,HOBBIES_1_042,11420,7.83
CA_1,HOBBIES_1_042,11421,7.83
CA_1,HOBBIES_1_042,11422,7.83
CA_1,HOBBIES_1_042,11423,7.83
CA_1,HOBBIES_1_042,11424,7.83
CA_1,HOBBIES_1_042,11425,7.83
CA_1,HOBBIES_1_042,11426,7.83
CA_1,HOBBIES_1_042,11427,7.83
CA_1,HOBBIES_1_042,11428,7.83
CA_1,HOBBIES_1_042,11429,7.83
CA_1,HOBBIES_1_042,11430,7.83
CA_1,HOBBIES_1_042,11431,7.83
CA_1,HOBBIES_1_042,11432,7.83
CA_1,HOBBIES_1_042,11433,7.83
CA_1,HOBBIES_1_042,11434,7.83
CA_1,HOBBIES_1_042,11435,7.83
CA_1,HOBBIES_1_042,11436,7.83
CA_1,HOBBIES_1_042,11437,7.83
CA_1,HOBBIES_1_042,11438,7.83
CA_1,HOBBIES_1_042,11439,7.83
CA_1,HOBBIES_1_042,11440,7.83
CA_1,HOBBIES_1_042,11441,7.83
CA_1,HOBBIES_1_042,11442,7.83
CA_1,HOBBIES_1_042,11443,7.83
CA_1,HOBBIES_1_042,11444,7.83
CA_1,HOBBIES_1_042,11445,7.83
CA_1,HOBBIES_1_042,11446,7.83
CA_1,HOBBIES_1_042,11447,7.83
CA_1,HOBBIES_1_042,11448,7.83
CA_1,HOBBIES_1_042,11449,7.83
CA_1,HOBBIES_1_042,11450,7.83
CA_1,HOBBIES_1_042,11451,7.83
CA_1,HOBBIES_1_042,11452,7.83
CA_1,HOBBIES_1_042,11501,7.83
CA_1,HOBBIES_1_042,11502,7.83
CA_1,HOBBIES_1_042,11503,7.83
CA_1,HOBBIES_1_042,11504,7.83
CA_1,HOBBIES_1_042,11505,7.83
CA_1,HOBBIES_1_042,11506,7.83
CA_1,HOBBIES_1_042,11507,7.83
CA_1,HOBBIES_1_042,11508,7.83
CA_1,HOBBIES_1_042,11509,7.83
CA_1,HOBBIES_1_042,11510,7.83
CA_1,HOBBIES_1_042,11511,7.83
CA_1,HOBBIES_1_042,11512,7.83
CA_1,HOBBIES_1_042,11513,7.83
CA_1,HOBBIES_1_042,11514,7.83
CA_1,HOBBIES_1_042,11515,7.83
CA_1,HOBBIES_1_042,11516,7.83
CA_1,HOBBIES_1_042,11517,7.83
CA_1,HOBBIES_1_042,11518,7.83
CA_1,HOBBIES_1_042,11519,7.83
CA_1,HOBBIES_1_042,11520,7.83
CA_1,HOBBIES_1_042,11521,7.83
CA_1,HOBBIES_1_042,11522,7.83
CA_1,HOBBIES_1_042,11523,7.83
CA_1,HOBBIES_1_042,11524,7.83
CA_1,HOBBIES_1_042,11525,7.83
CA_1,HOBBIES_1_042,11526,7.83
CA_1,HOBBIES_1_042,11527,7.83
CA_1,HOBBIES_1_042,11528,7.83
CA_1,HOBBIES_1_042,11529,7.83
CA_1,HOBBIES_1_042,11530,7.83
CA_1,HOBBIES_1_042,11531,7.83
CA_1,HOBBIES_1_042,11532,7.83
CA_1,HOBBIES_1_042,11533,7.83
CA_1,HOBBIES_1_042,11534,7.83
CA_1,HOBBIES_1_042,11535,7.83
CA_1,HOBBIES_1_042,11536,7.83
CA_1,HOBBIES_1_042,11537,7.83
CA_1,HOBBIES_1_042,11538,7.83
CA_1,HOBBIES_1_042,11539,7.83
CA_1,HOBBIES_1_042,11540,7.83
CA_1,HOBBIES_1_042,11541,7.83
CA_1,HOBBIES_1_042,11542,7.83
CA_1,HOBBIES_1_042,11543,7.83
CA_1,HOBBIES_1_042,11544,7.83
CA_1,HOBBIES_1_042,11545,7.83
CA_1,HOBBIES_1_042,11546,7.83
CA_1,HOBBIES_1_042,11547,7.83
CA_1,HOBBIES_1_042,11548,7.83
CA_1,HOBBIES_1_042,11549,7.83
CA_1,HOBBIES_1_042,11550,7.83
CA_1,HOBBIES_1_042,11551,7.83
CA_1,HOBBIES_1_042,11552,7.83
CA_1,HOBBIES_1_042,11601,7.83
CA_1,HOBBIES_1_042,11602,7.83
CA_1,HOBBIES_1_042,11603,7.83
CA_1,HOBBIES_1_042,11604,7.83
CA_1,HOBBIES_1_042,11605,7.83
CA_1,HOBBIES_1_042,11606,7.83
CA_1,HOBBIES_1_042,11607,7.83
CA_1,HOBBIES_1_042,11608,7.83
CA_1,HOBBIES_1_042,11609,7.83
CA_1,HOBBIES_1_042,11610,7.83
CA_1,HOBBIES_1_042,11611,7.83
CA_1,HOBBIES_1_042,11612,7.83
CA_1,HOBBIES_1_042,11613,7.83
CA_1,HOBBIES_1_042,11614,7.83
CA_1,HOBBIES_1_042,11615,7.83
CA_1,HOBBIES_1_042,11616,7.83
CA_1,HOBBIES_1_042,11617,7.83
CA_1,HOBBIES_1_042,11618,7.83
CA_1,HOBBIES_1_042,11619,7.83
CA_1,HOBBIES_1_042,11620,7.83
CA_1,HOBBIES_1_042,11621,7.83
CA_1,HOBBIES_1_043,11103,0.72
CA_1,HOBBIES_1_043,11104,0.72
CA_1,HOBBIES_1_043,11105,0.72
CA_1,HOBBIES_1_043,11106,0.72
CA_1,HOBBIES_1_043,11107,0.72
CA_1,HOBBIES_1_043,11108,0.72
CA_1,HOBBIES_1_043,11109,0.72
CA_1,HOBBIES_1_043,11110,0.72
CA_1,HOBBIES_1_043,11111,0.72
CA_1,HOBBIES_1_043,11112,0.72
CA_1,HOBBIES_1_043,11113,0.72
CA_1,HOBBIES_1_043,11114,0.68
CA_1,HOBBIES_1_043,11115,0.68
CA_1,HOBBIES_1_043,11116,0.68
CA_1,HOBBIES_1_043,11117,0.68
CA_1,HOBBIES_1_043,11118,0.68
CA_1,HOBBIES_1_043,11119,0.68
CA_1,HOBBIES_1_043,11120,0.68
CA_1,HOBBIES_1_043,11121,0.68
CA_1,HOBBIES_1_043,11122,0.68
CA_1,HOBBIES_1_043,11123,0.68
CA_1,HOBBIES_1_043,11124,0.68
CA_1,HOBBIES_1_043,11125,0.68
CA_1,HOBBIES_1_043,11126,0.68
CA_1,HOBBIES_1_043,11127,0.68
CA_1,HOBBIES_1_043,11128,0.7
CA_1,HOBBIES_1_043,11129,0.7
CA_1,HOBBIES_1_043,11130,0.7
CA_1,HOBBIES_1_043,11131,0.7
CA_1,HOBBIES_1_043,11132,0.7
CA_1,HOBBIES_1_043,11133,0.7
CA_1,HOBBIES_1_043,11134,0.7
CA_1,HOBBIES_1_043,11135,0.7
CA_1,HOBBIES_1_043,11136,0.7
CA_1,HOBBIES_1_043,11137,0.7
CA_1,HOBBIES_1_043,11138,0.7
CA_1,HOBBIES_1_043,11139,0.7
CA_1,HOBBIES_1_043,11140,0.7
CA_1,HOBBIES_1_043,11141,0.7
CA_1,HOBBIES_1_043,11142,0.7
CA_1,HOBBIES_1_043,11143,0.7
CA_1,HOBBIES_1_043,11144,0.7
CA_1,HOBBIES_1_043,11145,0.7
CA_1,HOBBIES_1_043,11146,0.7
CA_1,HOBBIES_1_043,11147,0.7
CA_1,HOBBIES_1_043,11148,0.7
CA_1,HOBBIES_1_043,11149,0.7
CA_1,HOBBIES_1_043,11150,0.72
CA_1,HOBBIES_1_043,11151,0.72
CA_1,HOBBIES_1_043,11152,0.72
CA_1,HOBBIES_1_043,11201,0.72
CA_1,HOBBIES_1_043,11202,0.72
CA_1,HOBBIES_1_043,11203,0.72
CA_1,HOBBIES_1_043,11204,0.72
CA_1,HOBBIES_1_043,11205,0.72
CA_1,HOBBIES_1_043,11206,0.72
CA_1,HOBBIES_1_043,11207,0.72
CA_1,HOBBIES_1_043,11208,0.72
CA_1,HOBBIES_1_043,11209,0.72
CA_1,HOBBIES_1_043,11210,0.72
CA_1,HOBBIES_1_043,11211,0.72
CA_1,HOBBIES_1_043,11212,0.72
CA_1,HOBBIES_1_043,11213,0.72
CA_1,HOBBIES_1_043,11214,0.72
CA_1,HOBBIES_1_043,11215,0.72
CA_1,HOBBIES_1_043,11216,0.72
CA_1,HOBBIES_1_043,11217,0.72
CA_1,HOBBIES_1_043,11218,0.72
CA_1,HOBBIES_1_043,11219,0.72
CA_1,HOBBIES_1_043,11220,0.72
CA_1,HOBBIES_1_043,11221,0.72
CA_1,HOBBIES_1_043,11222,0.72
CA_1,HOBBIES_1_043,11223,0.72
CA_1,HOBBIES_1_043,11224,0.72
CA_1,HOBBIES_1_043,11225,0.72
CA_1,HOBBIES_1_043,11226,0.72
CA_1,HOBBIES_1_043,11227,0.72
CA_1,HOBBIES_1_043,11228,0.72
CA_1,HOBBIES_1_043,11229,0.72
CA_1,HOBBIES_1_043,11230,0.72
CA_1,HOBBIES_1_043,11231,0.72
CA_1,HOBBIES_1_043,11232,0.72
CA_1,HOBBIES_1_043,11233,0.72
CA_1,HOBBIES_1_043,11234,0.72
CA_1,HOBBIES_1_043,11235,0.72
CA_1,HOBBIES_1_043,11236,0.72
CA_1,HOBBIES_1_043,11237,0.72
CA_1,HOBBIES_1_043,11238,0.72
CA_1,HOBBIES_1_043,11239,0.72
CA_1,HOBBIES_1_043,11240,0.72
CA_1,HOBBIES_1_043,11241,0.72
CA_1,HOBBIES_1_043,11242,0.72
CA_1,HOBBIES_1_043,11243,0.72
CA_1,HOBBIES_1_043,11244,0.72
CA_1,HOBBIES_1_043,11245,0.72
CA_1,HOBBIES_1_043,11246,0.72
CA_1,HOBBIES_1_043,11247,0.72
CA_1,HOBBIES_1_043,11248,0.72
CA_1,HOBBIES_1_043,11249,0.72
CA_1,HOBBIES_1_043,11250,0.72
CA_1,HOBBIES_1_043,11251,0.72
CA_1,HOBBIES_1_043,11252,0.72
CA_1,HOBBIES_1_043,11301,0.72
CA_1,HOBBIES_1_043,11302,0.72
CA_1,HOBBIES_1_043,11303,0.72
CA_1,HOBBIES_1_043,11304,0.72
CA_1,HOBBIES_1_043,11305,0.72
CA_1,HOBBIES_1_043,11306,0.72
CA_1,HOBBIES_1_043,11307,0.72
CA_1,HOBBIES_1_043,11308,0.72
CA_1,HOBBIES_1_043,11309,0.72
CA_1,HOBBIES_1_043,11310,0.72
CA_1,HOBBIES_1_043,11311,0.72
CA_1,HOBBIES_1_043,11312,0.72
CA_1,HOBBIES_1_043,11313,0.72
CA_1,HOBBIES_1_043,11314,0.72
CA_1,HOBBIES_1_043,11315,0.72
CA_1,HOBBIES_1_043,11316,0.72
CA_1,HOBBIES_1_043,11317,0.72
CA_1,HOBBIES_1_043,11318,0.72
CA_1,HOBBIES_1_043,11319,0.72
CA_1,HOBBIES_1_043,11320,0.72
CA_1,HOBBIES_1_043,11321,0.72
CA_1,HOBBIES_1_043,11322,0.72
CA_1,HOBBIES_1_043,11323,0.72
CA_1,HOBBIES_1_043,11324,0.72
CA_1,HOBBIES_1_043,11325,0.72
CA_1,HOBBIES_1_043,11326,0.72
CA_1,HOBBIES_1_043,11327,0.72
CA_1,HOBBIES_1_043,11328,0.72
CA_1,HOBBIES_1_043,11329,0.72
CA_1,HOBBIES_1_043,11330,0.72
CA_1,HOBBIES_1_043,11331,0.72
CA_1,HOBBIES_1_043,11332,0.72
CA_1,HOBBIES_1_043,11333,0.72
CA_1,HOBBIES_1_043,11334,0.72
CA_1,HOBBIES_1_043,11335,0.72
CA_1,HOBBIES_1_043,11336,0.72
CA_1,HOBBIES_1_043,11337,0.72
CA_1,HOBBIES_1_043,11338,0.72
CA_1,HOBBIES_1_043,11339,0.72
CA_1,HOBBIES_1_043,11340,0.72
CA_1,HOBBIES_1_043,11341,0.72
CA_1,HOBBIES_1_043,11342,0.7
CA_1,HOBBIES_1_043,11343,0.7
CA_1,HOBBIES_1_043,11344,0.7
CA_1,HOBBIES_1_043,11345,0.7
CA_1,HOBBIES_1_043,11346,0.7
CA_1,HOBBIES_1_043,11347,0.7
CA_1,HOBBIES_1_043,11348,0.7
CA_1,HOBBIES_1_043,11349,0.7
CA_1,HOBBIES_1_043,11350,0.7
CA_1,HOBBIES_1_043,11351,0.7
CA_1,HOBBIES_1_043,11352,0.7
CA_1,HOBBIES_1_043,11353,0.7
CA_1,HOBBIES_1_043,11401,0.7
CA_1,HOBBIES_1_043,11402,0.7
CA_1,HOBBIES_1_043,11403,0.7
CA_1,HOBBIES_1_043,11404,0.7
CA_1,HOBBIES_1_043,11405,0.7
CA_1,HOBBIES_1_043,11406,0.7
CA_1,HOBBIES_1_043,11407,0.7
CA_1,HOBBIES_1_043,11408,0.7
CA_1,HOBBIES_1_043,11409,0.7
CA_1,HOBBIES_1_043,11410,0.7
CA_1,HOBBIES_1_043,11411,0.7
CA_1,HOBBIES_1_043,11412,0.7
CA_1,HOBBIES_1_043,11413,0.7
CA_1,HOBBIES_1_043,11414,0.7
CA_1,HOBBIES_1_043,11415,0.7
CA_1,HOBBIES_1_043,11416,0.7
CA_1,HOBBIES_1_043,11417,0.7
CA_1,HOBBIES_1_043,11418,0.7
CA_1,HOBBIES_1_043,11419,0.7
CA_1,HOBBIES_1_043,11420,0.7
CA_1,HOBBIES_1_043,11421,0.7
CA_1,HOBBIES_1_043,11422,0.7
CA_1,HOBBIES_1_043,11423,0.7
CA_1,HOBBIES_1_043,11424,0.7
CA_1,HOBBIES_1_043,11425,0.7
CA_1,HOBBIES_1_043,11426,0.7
CA_1,HOBBIES_1_043,11427,0.7
CA_1,HOBBIES_1_043,11428,0.7
CA_1,HOBBIES_1_043,11429,0.7
CA_1,HOBBIES_1_043,11430,0.7
CA_1,HOBBIES_1_043,11431,0.7
CA_1,HOBBIES_1_043,11432,0.7
CA_1,HOBBIES_1_043,11433,0.7
CA_1,HOBBIES_1_043,11434,0.7
CA_1,HOBBIES_1_043,11435,0.7
CA_1,HOBBIES_1_043,11436,0.7
CA_1,HOBBIES_1_043,11437,0.7
CA_1,HOBBIES_1_043,11438,0.7
CA_1,HOBBIES_1_043,11439,0.7
CA_1,HOBBIES_1_043,11440,0.7
CA_1,HOBBIES_1_043,11441,0.7
CA_1,HOBBIES_1_043,11442,0.7
CA_1,HOBBIES_1_043,11443,0.7
CA_1,HOBBIES_1_043,11444,0.7
CA_1,HOBBIES_1_043,11445,0.7
CA_1,HOBBIES_1_043,11446,0.7
CA_1,HOBBIES_1_043,11447,0.7
CA_1,HOBBIES_1_043,11448,0.7
CA_1,HOBBIES_1_043,11449,0.7
CA_1,HOBBIES_1_043,11450,0.7
CA_1,HOBBIES_1_043,11451,0.7
CA_1,HOBBIES_1_043,11452,0.7
CA_1,HOBBIES_1_043,11501,0.7
CA_1,HOBBIES_1_043,11502,0.7
CA_1,HOBBIES_1_043,11503,0.7
CA_1,HOBBIES_1_043,11504,0.7
CA_1,HOBBIES_1_043,11505,0.7
CA_1,HOBBIES_1_043,11506,0.7
CA_1,HOBBIES_1_043,11507,0.7
CA_1,HOBBIES_1_043,11508,0.7
CA_1,HOBBIES_1_043,11509,0.7
CA_1,HOBBIES_1_043,11510,0.7
CA_1,HOBBIES_1_043,11511,0.7
CA_1,HOBBIES_1_043,11512,0.7
CA_1,HOBBIES_1_043,11513,0.7
CA_1,HOBBIES_1_043,11514,0.7
CA_1,HOBBIES_1_043,11515,0.7
CA_1,HOBBIES_1_043,11516,0.7
CA_1,HOBBIES_1_043,11517,0.7
CA_1,HOBBIES_1_043,11518,0.7
CA_1,HOBBIES_1_043,11519,0.7
CA_1,HOBBIES_1_043,11520,0.7
CA_1,HOBBIES_1_043,11521,0.7
CA_1,HOBBIES_1_043,11522,0.7
CA_1,HOBBIES_1_043,11523,0.7
CA_1,HOBBIES_1_043,11524,0.7
CA_1,HOBBIES_1_043,11525,0.7
CA_1,HOBBIES_1_043,11526,0.7
CA_1,HOBBIES_1_043,11527,0.7
CA_1,HOBBIES_1_043,11528,0.7
CA_1,HOBBIES_1_043,11529,0.7
CA_1,HOBBIES_1_043,11530,0.7
CA_1,HOBBIES_1_043,11531,0.7
CA_1,HOBBIES_1_043,11532,0.7
CA_1,HOBBIES_1_043,11533,0.7
CA_1,HOBBIES_1_043,11534,0.7
CA_1,HOBBIES_1_043,11535,0.7
CA_1,HOBBIES_1_043,11536,0.7
CA_1,HOBBIES_1_043,11537,0.7
CA_1,HOBBIES_1_043,11538,0.7
CA_1,HOBBIES_1_043,11539,0.7
CA_1,HOBBIES_1_043,11540,0.7
CA_1,HOBBIES_1_043,11541,0.7
CA_1,HOBBIES_1_043,11542,0.7
CA_1,HOBBIES_1_043,11543,0.7
CA_1,HOBBIES_1_043,11544,0.7
CA_1,HOBBIES_1_043,11545,0.7
CA_1,HOBBIES_1_043,11546,0.7
CA_1,HOBBIES_1_043,11547,0.7
CA_1,HOBBIES_1_043,11548,0.7
CA_1,HOBBIES_1_043,11549,0.7
CA_1,HOBBIES_1_043,11550,0.7
CA_1,HOBBIES_1_043,11551,0.7
CA_1,HOBBIES_1_043,11552,0.7
CA_1,HOBBIES_1_043,11601,0.7
CA_1,HOBBIES_1_043,11602,0.7
CA_1,HOBBIES_1_043,11603,0.7
CA_1,HOBBIES_1_043,11604,0.7
CA_1,HOBBIES_1_043,11605,0.7
CA_1,HOBBIES_1_043,11606,0.7
CA_1,HOBBIES_1_043,11607,0.7
CA_1,HOBBIES_1_043,11608,0.7
CA_1,HOBBIES_1_043,11609,0.7
CA_1,HOBBIES_1_043,11610,0.7
CA_1,HOBBIES_1_043,11611,0.7
CA_1,HOBBIES_1_043,11612,0.7
CA_1,HOBBIES_1_043,11613,0.7
CA_1,HOBBIES_1_043,11614,0.7
CA_1,HOBBIES_1_043,11615,0.7
CA_1,HOBBIES_1_043,11616,0.7
CA_1,HOBBIES_1_043,11617,0.7
CA_1,HOBBIES_1_043,11618,0.7
CA_1,HOBBIES_1_043,11619,0.7
CA_1,HOBBIES_1_043,11620,0.7
CA_1,HOBBIES_1_043,11621,0.7
CA_1,HOBBIES_1_044,11101,1.51
CA_1,HOBBIES_1_044,11102,1.51
CA_1,HOBBIES_1_044,11103,1.51
CA_1,HOBBIES_1_044,11104,1.51
CA_1,HOBBIES_1_044,11105,1.51
CA_1,HOBBIES_1_044,11106,1.51
CA_1,HOBBIES_1_044,11107,1.48
CA_1,HOBBIES_1_044,11108,1.48
CA_1,HOBBIES_1_044,11109,1.48
CA_1,HOBBIES_1_044,11110,1.48
CA_1,HOBBIES_1_044,11111,1.48
CA_1,HOBBIES_1_044,11112,1.48
CA_1,HOBBIES_1_044,11113,1.48
CA_1,HOBBIES_1_044,11114,1.48
CA_1,HOBBIES_1_044,11115,1.48
CA_1,HOBBIES_1_044,11116,1.48
CA_1,HOBBIES_1_044,11117,1.48
CA_1,HOBBIES_1_044,11118,1.48
CA_1,HOBBIES_1_044,11119,1.48
CA_1,HOBBIES_1_044,11120,1.48
CA_1,HOBBIES_1_044,11121,1.48
CA_1,HOBBIES_1_044,11122,1.48
CA_1,HOBBIES_1_044,11123,1.48
CA_1,HOBBIES_1_044,11124,1.48
CA_1,HOBBIES_1_044,11125,1.48
CA_1,HOBBIES_1_044,11126,1.48
CA_1,HOBBIES_1_044,11127,1.48
CA_1,HOBBIES_1_044,11128,1.48
CA_1,HOBBIES_1_044,11129,1.48
CA_1,HOBBIES_1_044,11130,1.48
CA_1,HOBBIES_1_044,11131,1.48
CA_1,HOBBIES_1_044,11132,1.48
CA_1,HOBBIES_1_044,11133,1.48
CA_1,HOBBIES_1_044,11134,1.48
CA_1,HOBBIES_1_044,11135,1.48
CA_1,HOBBIES_1_044,11136,1.48
CA_1,HOBBIES_1_044,11137,1.48
CA_1,HOBBIES_1_044,11138,1.48
CA_1,HOBBIES_1_044,11139,1.48
CA_1,HOBBIES_1_044,11140,1.48
CA_1,HOBBIES_1_044,11141,1.48
CA_1,HOBBIES_1_044,11142,1.48
CA_1,HOBBIES_1_044,11143,1.48
CA_1,HOBBIES_1_044,11144,1.48
CA_1,HOBBIES_1_044,11145,1.48
CA_1,HOBBIES_1_044,11146,1.48
CA_1,HOBBIES_1_044,11147,1.48
CA_1,HOBBIES_1_044,11148,1.48
CA_1,HOBBIES_1_044,11149,1.48
CA_1,HOBBIES_1_044,11150,1.48
CA_1,HOBBIES_1_044,11151,1.48
CA_1,HOBBIES_1_044,11152,1.48
CA_1,HOBBIES_1_044,11201,1.48
CA_1,HOBBIES_1_044,11202,1.48
CA_1,HOBBIES_1_044,11203,1.48
CA_1,HOBBIES_1_044,11204,1.48
CA_1,HOBBIES_1_044,11205,1.48
CA_1,HOBBIES_1_044,11206,1.48
CA_1,HOBBIES_1_044,11207,1.48
CA_1,HOBBIES_1_044,11208,1.48
CA_1,HOBBIES_1_044,11209,1.48
CA_1,HOBBIES_1_044,11210,1.48
CA_1,HOBBIES_1_044,11211,1.48
CA_1,HOBBIES_1_044,11212,1.48
CA_1,HOBBIES_1_044,11213,1.48
CA_1,HOBBIES_1_044,11214,1.48
CA_1,HOBBIES_1_044,11215,1.48
CA_1,HOBBIES_1_044,11216,1.48
CA_1,HOBBIES_1_044,11217,1.48
CA_1,HOBBIES_1_044,11218,1.48
CA_1,HOBBIES_1_044,11219,1.48
CA_1,HOBBIES_1_044,11220,1.48
CA_1,HOBBIES_1_044,11221,1.48
CA_1,HOBBIES_1_044,11222,1.48
CA_1,HOBBIES_1_044,11223,1.48
CA_1,HOBBIES_1_044,11224,1.48
CA_1,HOBBIES_1_044,11225,1.48
CA_1,HOBBIES_1_044,11226,1.48
CA_1,HOBBIES_1_044,11227,1.48
CA_1,HOBBIES_1_044,11228,1.48
CA_1,HOBBIES_1_044,11229,1.48
CA_1,HOBBIES_1_044,11230,1.48
CA_1,HOBBIES_1_044,11231,1.48
CA_1,HOBBIES_1_044,11232,1.48
CA_1,HOBBIES_1_044,11233,1.48
CA_1,HOBBIES_1_044,11234,1.48
CA_1,HOBBIES_1_044,11235,1.48
CA_1,HOBBIES_1_044,11236,1.48
CA_1,HOBBIES_1_044,11237,1.48
CA_1,HOBBIES_1_044,11238,1.48
CA_1,HOBBIES_1_044,11239,1.48
CA_1,HOBBIES_1_044,11240,1.48
CA_1,HOBBIES_1_044,11241,1.48
CA_1,HOBBIES_1_044,11242,1.48
CA_1,HOBBIES_1_044,11243,1.48
CA_1,HOBBIES_1_044,11244,1.48
CA_1,HOBBIES_1_044,11245,1.48
CA_1,HOBBIES_1_044,11246,1.48
CA_1,HOBBIES_1_044,11247,1.48
CA_1,HOBBIES_1_044,11248,1.48
CA_1,HOBBIES_1_044,11249,1.48
CA_1,HOBBIES_1_044,11250,1.48
CA_1,HOBBIES_1_044,11251,1.48
CA_1,HOBBIES_1_044,11252,1.48
CA_1,HOBBIES_1_044,11301,1.48
CA_1,HOBBIES_1_044,11302,1.48
CA_1,HOBBIES_1_044,11303,1.48
CA_1,HOBBIES_1_044,11304,1.48
CA_1,HOBBIES_1_044,11305,1.48
CA_1,HOBBIES_1_044,11306,1.48
CA_1,HOBBIES_1_044,11307,1.48
CA_1,HOBBIES_1_044,11308,1.48
CA_1,HOBBIES_1_044,11309,1.48
CA_1,HOBBIES_1_044,11310,1.48
CA_1,HOBBIES_1_044,11311,1.48
CA_1,HOBBIES_1_044,11312,1.48
CA_1,HOBBIES_1_044,11313,1.48
CA_1,HOBBIES_1_044,11314,1.48
CA_1,HOBBIES_1_044,11315,1.48
CA_1,HOBBIES_1_044,11316,1.48
CA_1,HOBBIES_1_044,11317,1.48
CA_1,HOBBIES_1_044,11318,1.48
CA_1,HOBBIES_1_044,11319,1.48
CA_1,HOBBIES_1_044,11320,1.48
CA_1,HOBBIES_1_044,11321,1.48
CA_1,HOBBIES_1_044,11322,1.48
CA_1,HOBBIES_1_044,11323,1.48
CA_1,HOBBIES_1_044,11324,1.48
CA_1,HOBBIES_1_044,11325,1.48
CA_1,HOBBIES_1_044,11326,1.48
CA_1,HOBBIES_1_044,11327,1.48
CA_1,HOBBIES_1_044,11328,1.48
CA_1,HOBBIES_1_044,11329,1.48
CA_1,HOBBIES_1_044,11330,1.48
CA_1,HOBBIES_1_044,11331,1.48
CA_1,HOBBIES_1_044,11332,1.48
CA_1,HOBBIES_1_044,11333,1.48
CA_1,HOBBIES_1_044,11334,1.48
CA_1,HOBBIES_1_044,11335,1.48
CA_1,HOBBIES_1_044,11336,1.48
CA_1,HOBBIES_1_044,11337,1.48
CA_1,HOBBIES_1_044,11338,1.48
CA_1,HOBBIES_1_044,11339,1.48
CA_1,HOBBIES_1_044,11340,1.48
CA_1,HOBBIES_1_044,11341,1.48
CA_1,HOBBIES_1_044,11342,1.48
CA_1,HOBBIES_1_044,11343,1.48
CA_1,HOBBIES_1_044,11344,1.48
CA_1,HOBBIES_1_044,11345,1.48
CA_1,HOBBIES_1_044,11346,1.48
CA_1,HOBBIES_1_044,11347,1.48
CA_1,HOBBIES_1_044,11348,1.48
CA_1,HOBBIES_1_044,11349,1.48
CA_1,HOBBIES_1_044,11350,1.48
CA_1,HOBBIES_1_044,11351,1.48
CA_1,HOBBIES_1_044,11352,1.48
CA_1,HOBBIES_1_044,11353,1.48
CA_1,HOBBIES_1_044,11401,1.48
CA_1,HOBBIES_1_044,11402,1.48
CA_1,HOBBIES_1_044,11403,1.48
CA_1,HOBBIES_1_044,11404,1.48
CA_1,HOBBIES_1_044,11405,1.48
CA_1,HOBBIES_1_044,11406,1.48
CA_1,HOBBIES_1_044,11407,1.48
CA_1,HOBBIES_1_044,11408,1.48
CA_1,HOBBIES_1_044,11409,1.48
CA_1,HOBBIES_1_044,11410,1.48
CA_1,HOBBIES_1_044,11411,1.48
CA_1,HOBBIES_1_044,11412,1.48
CA_1,HOBBIES_1_044,11413,1.48
CA_1,HOBBIES_1_044,11414,1.48
CA_1,HOBBIES_1_044,11415,1.48
CA_1,HOBBIES_1_044,11416,1.48
CA_1,HOBBIES_1_044,11417,1.48
CA_1,HOBBIES_1_044,11418,1.48
CA_1,HOBBIES_1_044,11419,1.48
CA_1,HOBBIES_1_044,11420,1.48
CA_1,HOBBIES_1_044,11421,1.48
CA_1,HOBBIES_1_044,11422,1.48
CA_1,HOBBIES_1_044,11423,1.48
CA_1,HOBBIES_1_044,11424,1.48
CA_1,HOBBIES_1_044,11425,1.48
CA_1,HOBBIES_1_044,11426,1.48
CA_1,HOBBIES_1_044,11427,1.48
CA_1,HOBBIES_1_044,11428,1.48
CA_1,HOBBIES_1_044,11429,1.48
CA_1,HOBBIES_1_044,11430,1.48
CA_1,HOBBIES_1_044,11431,1.48
CA_1,HOBBIES_1_044,11432,1.48
CA_1,HOBBIES_1_044,11433,1.48
CA_1,HOBBIES_1_044,11434,1.48
CA_1,HOBBIES_1_044,11435,1.48
CA_1,HOBBIES_1_044,11436,1.48
CA_1,HOBBIES_1_044,11437,1.48
CA_1,HOBBIES_1_044,11438,1.48
CA_1,HOBBIES_1_044,11439,1.48
CA_1,HOBBIES_1_044,11440,1.48
CA_1,HOBBIES_1_044,11441,1.48
CA_1,HOBBIES_1_044,11442,1.48
CA_1,HOBBIES_1_044,11443,1.48
CA_1,HOBBIES_1_044,11444,1.48
CA_1,HOBBIES_1_044,11445,1.48
CA_1,HOBBIES_1_044,11446,1.48
CA_1,HOBBIES_1_044,11447,1.48
CA_1,HOBBIES_1_044,11448,1.48
CA_1,HOBBIES_1_044,11449,1.48
CA_1,HOBBIES_1_044,11450,1.48
CA_1,HOBBIES_1_044,11451,1.48
CA_1,HOBBIES_1_044,11452,1.48
CA_1,HOBBIES_1_044,11501,1.48
CA_1,HOBBIES_1_044,11502,1.48
CA_1,HOBBIES_1_044,11503,1.48
CA_1,HOBBIES_1_044,11504,1.48
CA_1,HOBBIES_1_044,11505,1.48
CA_1,HOBBIES_1_044,11506,1.48
CA_1,HOBBIES_1_044,11507,1.48
CA_1,HOBBIES_1_044,11508,1.48
CA_1,HOBBIES_1_044,11509,1.48
CA_1,HOBBIES_1_044,11510,1.48
CA_1,HOBBIES_1_044,11511,1.48
CA_1,HOBBIES_1_044,11512,1.48
CA_1,HOBBIES_1_044,11513,1.48
CA_1,HOBBIES_1_044,11514,1.48
CA_1,HOBBIES_1_044,11515,1.48
CA_1,HOBBIES_1_044,11516,1.48
CA_1,HOBBIES_1_044,11517,1.48
CA_1,HOBBIES_1_044,11518,1.48
CA_1,HOBBIES_1_044,11519,1.48
CA_1,HOBBIES_1_044,11520,1.48
CA_1,HOBBIES_1_044,11521,1.48
CA_1,HOBBIES_1_044,11522,1.48
CA_1,HOBBIES_1_044,11523,1.48
CA_1,HOBBIES_1_044,11524,1.48
CA_1,HOBBIES_1_044,11525,1.48
CA_1,HOBBIES_1_044,11526,1.48
CA_1,HOBBIES_1_044,11527,1.48
CA_1,HOBBIES_1_044,11528,1.48
CA_1,HOBBIES_1_044,11529,1.48
CA_1,HOBBIES_1_044,11530,1.48
CA_1,HOBBIES_1_044,11531,1.48
CA_1,HOBBIES_1_044,11532,1.48
CA_1,HOBBIES_1_044,11533,1.48
CA_1,HOBBIES_1_044,11534,1.48
CA_1,HOBBIES_1_044,11535,1.48
CA_1,HOBBIES_1_044,11536,1.48
CA_1,HOBBIES_1_044,11537,1.48
CA_1,HOBBIES_1_044,11538,1.48
CA_1,HOBBIES_1_044,11539,1.48
CA_1,HOBBIES_1_044,11540,1.48
CA_1,HOBBIES_1_044,11541,1.48
CA_1,HOBBIES_1_044,11542,1.48
CA_1,HOBBIES_1_044,11543,1.48
CA_1,HOBBIES_1_044,11544,1.48
CA_1,HOBBIES_1_044,11545,1.48
CA_1,HOBBIES_1_044,11546,1.48
CA_1,HOBBIES_1_044,11547,1.48
CA_1,HOBBIES_1_044,11548,1.48
CA_1,HOBBIES_1_044,11549,1.48
CA_1,HOBBIES_1_044,11550,1.48
CA_1,HOBBIES_1_044,11551,1.48
CA_1,HOBBIES_1_044,11552,1.48
CA_1,HOBBIES_1_044,11601,1.48
CA_1,HOBBIES_1_044,11602,1.48
CA_1,HOBBIES_1_044,11603,1.48
CA_1,HOBBIES_1_044,11604,1.48
CA_1,HOBBIES_1_044,11605,1.48
CA_1,HOBBIES_1_044,11606,1.48
CA_1,HOBBIES_1_044,11607,1.48
CA_1,HOBBIES_1_044,11608,1.48
CA_1,HOBBIES_1_044,11609,1.48
CA_1,HOBBIES_1_044,11610,1.48
CA_1,HOBBIES_1_044,11611,1.48
CA_1,HOBBIES_1_044,11612,1.48
CA_1,HOBBIES_1_044,11613,1.48
CA_1,HOBBIES_1_044,11614,1.48
CA_1,HOBBIES_1_044,11615,1.48
CA_1,HOBBIES_1_044,11616,1.48
CA_1,HOBBIES_1_044,11617,1.48
CA_1,HOBBIES_1_044,11618,1.48
CA_1,HOBBIES_1_044,11619,1.48
CA_1,HOBBIES_1_044,11620,1.48
CA_1,HOBBIES_1_044,11621,1.48
CA_1,HOBBIES_1_045,11426,10.58
CA_1,HOBBIES_1_045,11427,10.58
CA_1,HOBBIES_1_045,11428,10.58
CA_1,HOBBIES_1_045,11429,10.58
CA_1,HOBBIES_1_045,11430,10.58
CA_1,HOBBIES_1_045,11431,10.58
CA_1,HOBBIES_1_045,11432,10.58
CA_1,HOBBIES_1_045,11433,10.58
CA_1,HOBBIES_1_045,11434,10.58
CA_1,HOBBIES_1_045,11435,10.58
CA_1,HOBBIES_1_045,11436,10.58
CA_1,HOBBIES_1_045,11437,10.58
CA_1,HOBBIES_1_045,11438,10.58
CA_1,HOBBIES_1_045,11439,10.58
CA_1,HOBBIES_1_045,11440,10.58
CA_1,HOBBIES_1_045,11441,10.58
CA_1,HOBBIES_1_045,11442,10.58
CA_1,HOBBIES_1_045,11443,10.58
CA_1,HOBBIES_1_045,11444,10.58
CA_1,HOBBIES_1_045,11445,10.58
CA_1,HOBBIES_1_045,11446,10.58
CA_1,HOBBIES_1_045,11447,10.58
CA_1,HOBBIES_1_045,11448,10.58
CA_1,HOBBIES_1_045,11449,10.58
CA_1,HOBBIES_1_045,11450,10.58
CA_1,HOBBIES_1_045,11451,10.58
CA_1,HOBBIES_1_045,11452,10.58
CA_1,HOBBIES_1_045,11501,10.58
CA_1,HOBBIES_1_045,11502,10.58
CA_1,HOBBIES_1_045,11503,10.58
CA_1,HOBBIES_1_045,11504,10.58
CA_1,HOBBIES_1_045,11505,10.58
CA_1,HOBBIES_1_045,11506,10.58
CA_1,HOBBIES_1_045,11507,10.58
CA_1,HOBBIES_1_045,11508,10.58
CA_1,HOBBIES_1_045,11509,10.58
CA_1,HOBBIES_1_045,11510,10.58
CA_1,HOBBIES_1_045,11511,10.58
CA_1,HOBBIES_1_045,11512,10.58
CA_1,HOBBIES_1_045,11513,10.58
CA_1,HOBBIES_1_045,11514,10.58
CA_1,HOBBIES_1_045,11515,10.58
CA_1,HOBBIES_1_045,11516,10.58
CA_1,HOBBIES_1_045,11517,10.58
CA_1,HOBBIES_1_045,11518,10.58
CA_1,HOBBIES_1_045,11519,10.58
CA_1,HOBBIES_1_045,11520,10.58
CA_1,HOBBIES_1_045,11521,10.58
CA_1,HOBBIES_1_045,11522,10.58
CA_1,HOBBIES_1_045,11523,10.58
CA_1,HOBBIES_1_045,11524,10.58
CA_1,HOBBIES_1_045,11525,10.58
CA_1,HOBBIES_1_045,11526,10.58
CA_1,HOBBIES_1_045,11527,10.58
CA_1,HOBBIES_1_045,11528,10.58
CA_1,HOBBIES_1_045,11529,10.58
CA_1,HOBBIES_1_045,11530,10.58
CA_1,HOBBIES_1_045,11531,10.58
CA_1,HOBBIES_1_045,11532,10.58
CA_1,HOBBIES_1_045,11533,10.58
CA_1,HOBBIES_1_045,11534,10.58
CA_1,HOBBIES_1_045,11535,10.58
CA_1,HOBBIES_1_045,11536,10.58
CA_1,HOBBIES_1_045,11537,10.58
CA_1,HOBBIES_1_045,11538,10.58
CA_1,HOBBIES_1_045,11539,10.58
CA_1,HOBBIES_1_045,11540,10.58
CA_1,HOBBIES_1_045,11541,10.58
CA_1,HOBBIES_1_045,11542,10.58
CA_1,HOBBIES_1_045,11543,10.58
CA_1,HOBBIES_1_045,11544,10.58
CA_1,HOBBIES_1_045,11545,10.58
CA_1,HOBBIES_1_045,11546,10.58
CA_1,HOBBIES_1_045,11547,10.58
CA_1,HOBBIES_1_045,11548,10.58
CA_1,HOBBIES_1_045,11549,10.58
CA_1,HOBBIES_1_045,11550,10.58
CA_1,HOBBIES_1_045,11551,10.58
CA_1,HOBBIES_1_045,11552,10.58
CA_1,HOBBIES_1_045,11601,10.58
CA_1,HOBBIES_1_045,11602,10.58
CA_1,HOBBIES_1_045,11603,10.58
CA_1,HOBBIES_1_045,11604,10.58
CA_1,HOBBIES_1_045,11605,10.58
CA_1,HOBBIES_1_045,11606,10.58
CA_1,HOBBIES_1_045,11607,10.58
CA_1,HOBBIES_1_045,11608,10.58
CA_1,HOBBIES_1_045,11609,10.58
CA_1,HOBBIES_1_045,11610,10.58
CA_1,HOBBIES_1_045,11611,10.58
CA_1,HOBBIES_1_045,11612,10.58
CA_1,HOBBIES_1_045,11613,10.58
CA_1,HOBBIES_1_045,11614,10.58
CA_1,HOBBIES_1_045,11615,10.58
CA_1,HOBBIES_1_045,11616,10.58
CA_1,HOBBIES_1_045,11617,10.58
CA_1,HOBBIES_1_045,11618,10.58
CA_1,HOBBIES_1_045,11619,10.58
CA_1,HOBBIES_1_045,11620,10.58
CA_1,HOBBIES_1_045,11621,10.58
CA_1,HOBBIES_1_046,11447,18.98
CA_1,HOBBIES_1_046,11448,18.98
CA_1,HOBBIES_1_046,11449,18.98
CA_1,HOBBIES_1_046,11450,18.98
CA_1,HOBBIES_1_046,11451,18.98
CA_1,HOBBIES_1_046,11452,18.98
CA_1,HOBBIES_1_046,11501,18.98
CA_1,HOBBIES_1_046,11502,18.98
CA_1,HOBBIES_1_046,11503,18.98
CA_1,HOBBIES_1_046,11504,18.98
CA_1,HOBBIES_1_046,11505,18.98
CA_1,HOBBIES_1_046,11506,18.98
CA_1,HOBBIES_1_046,11507,18.98
CA_1,HOBBIES_1_046,11508,18.98
CA_1,HOBBIES_1_046,11509,18.98
CA_1,HOBBIES_1_046,11510,18.98
CA_1,HOBBIES_1_046,11511,18.98
CA_1,HOBBIES_1_046,11512,18.98
CA_1,HOBBIES_1_046,11513,18.98
CA_1,HOBBIES_1_046,11514,18.98
CA_1,HOBBIES_1_046,11515,18.98
CA_1,HOBBIES_1_046,11516,18.98
CA_1,HOBBIES_1_046,11517,18.98
CA_1,HOBBIES_1_046,11518,18.98
CA_1,HOBBIES_1_046,11519,18.98
CA_1,HOBBIES_1_046,11520,18.98
CA_1,HOBBIES_1_046,11521,18.98
CA_1,HOBBIES_1_046,11522,18.98
CA_1,HOBBIES_1_046,11523,18.98
CA_1,HOBBIES_1_046,11524,18.98
CA_1,HOBBIES_1_046,11525,18.98
CA_1,HOBBIES_1_046,11526,18.98
CA_1,HOBBIES_1_046,11527,18.98
CA_1,HOBBIES_1_046,11528,18.98
CA_1,HOBBIES_1_046,11529,18.98
CA_1,HOBBIES_1_046,11530,18.98
CA_1,HOBBIES_1_046,11531,18.98
CA_1,HOBBIES_1_046,11532,18.98
CA_1,HOBBIES_1_046,11533,18.98
CA_1,HOBBIES_1_046,11534,18.98
CA_1,HOBBIES_1_046,11535,18.98
CA_1,HOBBIES_1_046,11536,18.98
CA_1,HOBBIES_1_046,11537,18.98
CA_1,HOBBIES_1_046,11538,18.98
CA_1,HOBBIES_1_046,11539,18.98
CA_1,HOBBIES_1_046,11540,18.98
CA_1,HOBBIES_1_046,11541,18.98
CA_1,HOBBIES_1_046,11542,18.98
CA_1,HOBBIES_1_046,11543,18.98
CA_1,HOBBIES_1_046,11544,18.98
CA_1,HOBBIES_1_046,11545,18.98
CA_1,HOBBIES_1_046,11546,18.98
CA_1,HOBBIES_1_046,11547,18.98
CA_1,HOBBIES_1_046,11548,18.98
CA_1,HOBBIES_1_046,11549,18.72
CA_1,HOBBIES_1_046,11550,18.72
CA_1,HOBBIES_1_046,11551,18.72
CA_1,HOBBIES_1_046,11552,18.72
CA_1,HOBBIES_1_046,11601,18.72
CA_1,HOBBIES_1_046,11602,18.72
CA_1,HOBBIES_1_046,11603,18.72
CA_1,HOBBIES_1_046,11604,18.72
CA_1,HOBBIES_1_046,11605,18.72
CA_1,HOBBIES_1_046,11606,18.72
CA_1,HOBBIES_1_046,11607,18.72
CA_1,HOBBIES_1_046,11608,18.72
CA_1,HOBBIES_1_046,11609,18.72
CA_1,HOBBIES_1_046,11610,18.72
CA_1,HOBBIES_1_046,11611,18.72
CA_1,HOBBIES_1_046,11612,18.72
CA_1,HOBBIES_1_046,11613,18.72
CA_1,HOBBIES_1_046,11614,18.72
CA_1,HOBBIES_1_046,11615,18.72
CA_1,HOBBIES_1_046,11616,18.72
CA_1,HOBBIES_1_046,11617,18.72
CA_1,HOBBIES_1_046,11618,18.72
CA_1,HOBBIES_1_046,11619,18.72
CA_1,HOBBIES_1_046,11620,18.72
CA_1,HOBBIES_1_046,11621,18.72
CA_1,HOBBIES_1_047,11101,1.56
CA_1,HOBBIES_1_047,11102,1.56
CA_1,HOBBIES_1_047,11103,1.56
CA_1,HOBBIES_1_047,11104,1.56
CA_1,HOBBIES_1_047,11105,1.56
CA_1,HOBBIES_1_047,11106,1.56
CA_1,HOBBIES_1_047,11107,1.77
CA_1,HOBBIES_1_047,11108,1.77
CA_1,HOBBIES_1_047,11109,1.77
CA_1,HOBBIES_1_047,11110,1.77
CA_1,HOBBIES_1_047,11111,1.77
CA_1,HOBBIES_1_047,11112,1.77
CA_1,HOBBIES_1_047,11113,1.77
CA_1,HOBBIES_1_047,11114,1.77
CA_1,HOBBIES_1_047,11115,1.77
CA_1,HOBBIES_1_047,11116,1.77
CA_1,HOBBIES_1_047,11117,1.77
CA_1,HOBBIES_1_047,11118,1.77
CA_1,HOBBIES_1_047,11119,1.77
CA_1,HOBBIES_1_047,11120,1.77
CA_1,HOBBIES_1_047,11121,1.77
CA_1,HOBBIES_1_047,11122,1.77
CA_1,HOBBIES_1_047,11123,1.77
CA_1,HOBBIES_1_047,11124,1.77
CA_1,HOBBIES_1_047,11125,1.77
CA_1,HOBBIES_1_047,11126,1.77
CA_1,HOBBIES_1_047,11127,1.77
CA_1,HOBBIES_1_047,11128,1.77
CA_1,HOBBIES_1_047,11129,1.77
CA_1,HOBBIES_1_047,11130,1.77
CA_1,HOBBIES_1_047,11131,1.77
CA_1,HOBBIES_1_047,11132,1.77
CA_1,HOBBIES_1_047,11133,1.77
CA_1,HOBBIES_1_047,11134,1.77
CA_1,HOBBIES_1_047,11135,1.77
CA_1,HOBBIES_1_047,11136,1.77
CA_1,HOBBIES_1_047,11137,1.77
CA_1,HOBBIES_1_047,11138,1.77
CA_1,HOBBIES_1_047,11139,1.77
CA_1,HOBBIES_1_047,11140,1.77
CA_1,HOBBIES_1_047,11141,1.77
CA_1,HOBBIES_1_047,11142,1.77
CA_1,HOBBIES_1_047,11143,1.77
CA_1,HOBBIES_1_047,11144,1.77
CA_1,HOBBIES_1_047,11145,1.77
CA_1,HOBBIES_1_047,11146,1.77
CA_1,HOBBIES_1_047,11147,1.77
CA_1,HOBBIES_1_047,11148,1.77
CA_1,HOBBIES_1_047,11149,1.77
CA_1,HOBBIES_1_047,11150,1.77
CA_1,HOBBIES_1_047,11151,1.77
CA_1,HOBBIES_1_047,11152,1.77
CA_1,HOBBIES_1_047,11201,1.77
CA_1,HOBBIES_1_047,11202,1.77
CA_1,HOBBIES_1_047,11203,1.77
CA_1,HOBBIES_1_047,11204,1.77
CA_1,HOBBIES_1_047,11205,1.77
CA_1,HOBBIES_1_047,11206,1.77
CA_1,HOBBIES_1_047,11207,1.77
CA_1,HOBBIES_1_047,11208,1.77
CA_1,HOBBIES_1_047,11209,1.77
CA_1,HOBBIES_1_047,11210,1.77
CA_1,HOBBIES_1_047,11211,1.77
CA_1,HOBBIES_1_047,11212,1.77
CA_1,HOBBIES_1_047,11213,1.77
CA_1,HOBBIES_1_047,11214,1.77
CA_1,HOBBIES_1_047,11215,1.77
CA_1,HOBBIES_1_047,11216,1.77
CA_1,HOBBIES_1_047,11217,1.77
CA_1,HOBBIES_1_047,11218,1.77
CA_1,HOBBIES_1_047,11219,1.77
CA_1,HOBBIES_1_047,11220,1.77
CA_1,HOBBIES_1_047,11221,1.77
CA_1,HOBBIES_1_047,11222,1.77
CA_1,HOBBIES_1_047,11223,1.77
CA_1,HOBBIES_1_047,11224,1.77
CA_1,HOBBIES_1_047,11225,1.77
CA_1,HOBBIES_1_047,11226,1.77
CA_1,HOBBIES_1_047,11227,1.77
CA_1,HOBBIES_1_047,11228,1.77
CA_1,HOBBIES_1_047,11229,1.77
CA_1,HOBBIES_1_047,11230,1.77
CA_1,HOBBIES_1_047,11231,1.77
CA_1,HOBBIES_1_047,11232,1.77
CA_1,HOBBIES_1_047,11233,1.77
CA_1,HOBBIES_1_047,11234,1.77
CA_1,HOBBIES_1_047,11235,1.77
CA_1,HOBBIES_1_047,11236,1.77
CA_1,HOBBIES_1_047,11237,1.77
CA_1,HOBBIES_1_047,11238,1.77
CA_1,HOBBIES_1_047,11239,1.77
CA_1,HOBBIES_1_047,11240,1.77
CA_1,HOBBIES_1_047,11241,1.77
CA_1,HOBBIES_1_047,11242,1.77
CA_1,HOBBIES_1_047,11243,1.77
CA_1,HOBBIES_1_047,11244,1.77
CA_1,HOBBIES_1_047,11245,1.77
CA_1,HOBBIES_1_047,11246,1.77
CA_1,HOBBIES_1_047,11247,1.77
CA_1,HOBBIES_1_047,11248,1.77
CA_1,HOBBIES_1_047,11249,1.77
CA_1,HOBBIES_1_047,11250,1.77
CA_1,HOBBIES_1_047,11251,1.77
CA_1,HOBBIES_1_047,11252,1.77
CA_1,HOBBIES_1_047,11301,1.77
CA_1,HOBBIES_1_047,11302,1.77
CA_1,HOBBIES_1_047,11303,1.77
CA_1,HOBBIES_1_047,11304,1.77
CA_1,HOBBIES_1_047,11305,1.77
CA_1,HOBBIES_1_047,11306,1.77
CA_1,HOBBIES_1_047,11307,1.77
CA_1,HOBBIES_1_047,11308,1.77
CA_1,HOBBIES_1_047,11309,1.77
CA_1,HOBBIES_1_047,11310,1.77
CA_1,HOBBIES_1_047,11311,1.77
CA_1,HOBBIES_1_047,11312,1.77
CA_1,HOBBIES_1_047,11313,1.77
CA_1,HOBBIES_1_047,11314,1.77
CA_1,HOBBIES_1_047,11315,1.77
CA_1,HOBBIES_1_047,11316,1.77
CA_1,HOBBIES_1_047,11317,1.77
CA_1,HOBBIES_1_047,11318,1.77
CA_1,HOBBIES_1_047,11319,1.77
CA_1,HOBBIES_1_047,11320,1.77
CA_1,HOBBIES_1_047,11321,1.77
CA_1,HOBBIES_1_047,11322,1.77
CA_1,HOBBIES_1_047,11323,1.77
CA_1,HOBBIES_1_047,11324,1.77
CA_1,HOBBIES_1_047,11325,1.77
CA_1,HOBBIES_1_047,11326,1.77
CA_1,HOBBIES_1_047,11327,1.77
CA_1,HOBBIES_1_047,11328,1.77
CA_1,HOBBIES_1_047,11329,1.77
CA_1,HOBBIES_1_047,11330,1.77
CA_1,HOBBIES_1_047,11331,1.77
CA_1,HOBBIES_1_047,11332,1.77
CA_1,HOBBIES_1_047,11333,1.77
CA_1,HOBBIES_1_047,11334,1.77
CA_1,HOBBIES_1_047,11335,1.77
CA_1,HOBBIES_1_047,11336,1.77
CA_1,HOBBIES_1_047,11337,1.77
CA_1,HOBBIES_1_047,11338,1.77
CA_1,HOBBIES_1_047,11339,1.77
CA_1,HOBBIES_1_047,11340,1.77
CA_1,HOBBIES_1_047,11341,1.77
CA_1,HOBBIES_1_047,11342,1.77
CA_1,HOBBIES_1_047,11343,1.77
CA_1,HOBBIES_1_047,11344,1.77
CA_1,HOBBIES_1_047,11345,1.77
CA_1,HOBBIES_1_047,11346,1.77
CA_1,HOBBIES_1_047,11347,1.77
CA_1,HOBBIES_1_047,11348,1.77
CA_1,HOBBIES_1_047,11349,1.77
CA_1,HOBBIES_1_047,11350,1.77
CA_1,HOBBIES_1_047,11351,1.77
CA_1,HOBBIES_1_047,11352,1.77
CA_1,HOBBIES_1_047,11353,1.77
CA_1,HOBBIES_1_047,11401,1.77
CA_1,HOBBIES_1_047,11402,1.77
CA_1,HOBBIES_1_047,11403,1.77
CA_1,HOBBIES_1_047,11404,1.77
CA_1,HOBBIES_1_047,11405,1.77
CA_1,HOBBIES_1_047,11406,1.77
CA_1,HOBBIES_1_047,11407,1.77
CA_1,HOBBIES_1_047,11408,1.77
CA_1,HOBBIES_1_047,11409,1.77
CA_1,HOBBIES_1_047,11410,1.77
CA_1,HOBBIES_1_047,11411,1.77
CA_1,HOBBIES_1_047,11412,1.77
CA_1,HOBBIES_1_047,11413,1.77
CA_1,HOBBIES_1_047,11414,1.77
CA_1,HOBBIES_1_047,11415,1.77
CA_1,HOBBIES_1_047,11416,1.77
CA_1,HOBBIES_1_047,11417,1.77
CA_1,HOBBIES_1_047,11418,1.77
CA_1,HOBBIES_1_047,11419,1.77
CA_1,HOBBIES_1_047,11420,1.77
CA_1,HOBBIES_1_047,11421,1.77
CA_1,HOBBIES_1_047,11422,1.77
CA_1,HOBBIES_1_047,11423,1.77
CA_1,HOBBIES_1_047,11424,1.77
CA_1,HOBBIES_1_047,11425,1.77
CA_1,HOBBIES_1_047,11426,1.77
CA_1,HOBBIES_1_047,11427,1.77
CA_1,HOBBIES_1_047,11428,1.77
CA_1,HOBBIES_1_047,11429,1.77
CA_1,HOBBIES_1_047,11430,1.77
CA_1,HOBBIES_1_047,11431,1.77
CA_1,HOBBIES_1_047,11432,1.77
CA_1,HOBBIES_1_047,11433,1.77
CA_1,HOBBIES_1_047,11434,1.77
CA_1,HOBBIES_1_047,11435,1.77
CA_1,HOBBIES_1_047,11436,1.77
CA_1,HOBBIES_1_047,11437,1.77
CA_1,HOBBIES_1_047,11438,1.77
CA_1,HOBBIES_1_047,11439,1.77
CA_1,HOBBIES_1_047,11440,1.77
CA_1,HOBBIES_1_047,11441,1.77
CA_1,HOBBIES_1_047,11442,1.77
CA_1,HOBBIES_1_047,11443,1.77
CA_1,HOBBIES_1_047,11444,1.77
CA_1,HOBBIES_1_047,11445,1.77
CA_1,HOBBIES_1_047,11446,1.77
CA_1,HOBBIES_1_047,11447,1.77
CA_1,HOBBIES_1_047,11448,1.77
CA_1,HOBBIES_1_047,11449,1.77
CA_1,HOBBIES_1_047,11450,1.77
CA_1,HOBBIES_1_047,11451,1.77
CA_1,HOBBIES_1_047,11452,1.77
CA_1,HOBBIES_1_047,11501,1.77
CA_1,HOBBIES_1_047,11502,1.77
CA_1,HOBBIES_1_047,11503,1.77
CA_1,HOBBIES_1_047,11504,1.77
CA_1,HOBBIES_1_047,11505,1.77
CA_1,HOBBIES_1_047,11506,1.77
CA_1,HOBBIES_1_047,11507,1.77
CA_1,HOBBIES_1_047,11508,1.77
CA_1,HOBBIES_1_047,11509,1.77
CA_1,HOBBIES_1_047,11510,1.77
CA_1,HOBBIES_1_047,11511,1.77
CA_1,HOBBIES_1_047,11512,1.77
CA_1,HOBBIES_1_047,11513,1.77
CA_1,HOBBIES_1_047,11514,1.77
CA_1,HOBBIES_1_047,11515,1.77
CA_1,HOBBIES_1_047,11516,1.77
CA_1,HOBBIES_1_047,11517,1.77
CA_1,HOBBIES_1_047,11518,1.77
CA_1,HOBBIES_1_047,11519,1.77
CA_1,HOBBIES_1_047,11520,1.77
CA_1,HOBBIES_1_047,11521,1.77
CA_1,HOBBIES_1_047,11522,1.77
CA_1,HOBBIES_1_047,11523,1.77
CA_1,HOBBIES_1_047,11524,1.77
CA_1,HOBBIES_1_047,11525,1.77
CA_1,HOBBIES_1_047,11526,1.77
CA_1,HOBBIES_1_047,11527,1.77
CA_1,HOBBIES_1_047,11528,1.77
CA_1,HOBBIES_1_047,11529,1.77
CA_1,HOBBIES_1_047,11530,1.77
CA_1,HOBBIES_1_047,11531,1.77
CA_1,HOBBIES_1_047,11532,1.77
CA_1,HOBBIES_1_047,11533,1.77
CA_1,HOBBIES_1_047,11534,1.77
CA_1,HOBBIES_1_047,11535,1.77
CA_1,HOBBIES_1_047,11536,1.77
CA_1,HOBBIES_1_047,11537,1.77
CA_1,HOBBIES_1_047,11538,1.77
CA_1,HOBBIES_1_047,11539,1.77
CA_1,HOBBIES_1_047,11540,1.77
CA_1,HOBBIES_1_047,11541,1.77
CA_1,HOBBIES_1_047,11542,1.77
CA_1,HOBBIES_1_047,11543,1.77
CA_1,HOBBIES_1_047,11544,1.77
CA_1,HOBBIES_1_047,11545,1.77
CA_1,HOBBIES_1_047,11546,1.77
CA_1,HOBBIES_1_047,11547,1.77
CA_1,HOBBIES_1_047,11548,1.77
CA_1,HOBBIES_1_047,11549,1.77
CA_1,HOBBIES_1_047,11550,1.77
CA_1,HOBBIES_1_047,11551,1.77
CA_1,HOBBIES_1_047,11552,1.77
CA_1,HOBBIES_1_047,11601,1.77
CA_1,HOBBIES_1_047,11602,1.77
CA_1,HOBBIES_1_047,11603,1.77
CA_1,HOBBIES_1_047,11604,1.77
CA_1,HOBBIES_1_047,11605,1.77
CA_1,HOBBIES_1_047,11606,1.77
CA_1,HOBBIES_1_047,11607,1.77
CA_1,HOBBIES_1_047,11608,1.77
CA_1,HOBBIES_1_047,11609,1.77
CA_1,HOBBIES_1_047,11610,1.77
CA_1,HOBBIES_1_047,11611,1.77
CA_1,HOBBIES_1_047,11612,1.77
CA_1,HOBBIES_1_047,11613,1.77
CA_1,HOBBIES_1_047,11614,1.77
CA_1,HOBBIES_1_047,11615,1.77
CA_1,HOBBIES_1_047,11616,1.77
CA_1,HOBBIES_1_047,11617,1.77
CA_1,HOBBIES_1_047,11618,1.77
CA_1,HOBBIES_1_047,11619,1.77
CA_1,HOBBIES_1_047,11620,1.77
CA_1,HOBBIES_1_047,11621,1.77
CA_1,HOBBIES_1_048,11118,0.5
CA_1,HOBBIES_1_048,11119,0.5
CA_1,HOBBIES_1_048,11120,0.5
CA_1,HOBBIES_1_048,11121,0.5
CA_1,HOBBIES_1_048,11122,0.5
CA_1,HOBBIES_1_048,11123,0.5
CA_1,HOBBIES_1_048,11124,0.5
CA_1,HOBBIES_1_048,11125,0.5
CA_1,HOBBIES_1_048,11126,0.5
CA_1,HOBBIES_1_048,11127,0.5
CA_1,HOBBIES_1_048,11128,0.5
CA_1,HOBBIES_1_048,11129,0.5
CA_1,HOBBIES_1_048,11130,0.5
CA_1,HOBBIES_1_048,11131,0.5
CA_1,HOBBIES_1_048,11132,0.5
CA_1,HOBBIES_1_048,11133,0.5
CA_1,HOBBIES_1_048,11134,0.5
CA_1,HOBBIES_1_048,11135,0.5
CA_1,HOBBIES_1_048,11136,0.5
CA_1,HOBBIES_1_048,11137,0.5
CA_1,HOBBIES_1_048,11138,0.5
CA_1,HOBBIES_1_048,11139,0.5
CA_1,HOBBIES_1_048,11140,0.5
CA_1,HOBBIES_1_048,11141,0.5
CA_1,HOBBIES_1_048,11142,0.5
CA_1,HOBBIES_1_048,11143,0.5
CA_1,HOBBIES_1_048,11144,0.5
CA_1,HOBBIES_1_048,11145,0.5
CA_1,HOBBIES_1_048,11146,0.5
CA_1,HOBBIES_1_048,11147,0.5
CA_1,HOBBIES_1_048,11148,0.5
CA_1,HOBBIES_1_048,11149,0.5
CA_1,HOBBIES_1_048,11150,0.5
CA_1,HOBBIES_1_048,11151,0.5
CA_1,HOBBIES_1_048,11152,0.5
CA_1,HOBBIES_1_048,11201,0.5
CA_1,HOBBIES_1_048,11202,0.5
CA_1,HOBBIES_1_048,11203,0.5
CA_1,HOBBIES_1_048,11204,0.5
CA_1,HOBBIES_1_048,11205,0.5
CA_1,HOBBIES_1_048,11206,0.5
CA_1,HOBBIES_1_048,11207,0.5
CA_1,HOBBIES_1_048,11208,0.5
CA_1,HOBBIES_1_048,11209,0.5
CA_1,HOBBIES_1_048,11210,0.5
CA_1,HOBBIES_1_048,11211,0.5
CA_1,HOBBIES_1_048,11212,0.5
CA_1,HOBBIES_1_048,11213,0.5
CA_1,HOBBIES_1_048,11214,0.5
CA_1,HOBBIES_1_048,11215,0.5
CA_1,HOBBIES_1_048,11216,0.5
CA_1,HOBBIES_1_048,11217,0.5
CA_1,HOBBIES_1_048,11218,0.5
CA_1,HOBBIES_1_048,11219,0.5
CA_1,HOBBIES_1_048,11220,0.5
CA_1,HOBBIES_1_048,11221,0.5
CA_1,HOBBIES_1_048,11222,0.5
CA_1,HOBBIES_1_048,11223,0.5
CA_1,HOBBIES_1_048,11224,0.5
CA_1,HOBBIES_1_048,11225,0.5
CA_1,HOBBIES_1_048,11226,0.5
CA_1,HOBBIES_1_048,11227,0.5
CA_1,HOBBIES_1_048,11228,0.5
CA_1,HOBBIES_1_048,11229,0.5
CA_1,HOBBIES_1_048,11230,0.5
CA_1,HOBBIES_1_048,11231,0.5
CA_1,HOBBIES_1_048,11232,0.5
CA_1,HOBBIES_1_048,11233,0.5
CA_1,HOBBIES_1_048,11234,0.5
CA_1,HOBBIES_1_048,11235,0.5
CA_1,HOBBIES_1_048,11236,0.5
CA_1,HOBBIES_1_048,11237,0.5
CA_1,HOBBIES_1_048,11238,0.5
CA_1,HOBBIES_1_048,11239,0.5
CA_1,HOBBIES_1_048,11240,0.5
CA_1,HOBBIES_1_048,11241,0.5
CA_1,HOBBIES_1_048,11242,0.5
CA_1,HOBBIES_1_048,11243,0.5
CA_1,HOBBIES_1_048,11244,0.5
CA_1,HOBBIES_1_048,11245,0.5
CA_1,HOBBIES_1_048,11246,0.5
CA_1,HOBBIES_1_048,11247,0.5
CA_1,HOBBIES_1_048,11248,0.5
CA_1,HOBBIES_1_048,11249,0.5
CA_1,HOBBIES_1_048,11250,0.5
CA_1,HOBBIES_1_048,11251,0.5
CA_1,HOBBIES_1_048,11252,0.46
CA_1,HOBBIES_1_048,11301,0.46
CA_1,HOBBIES_1_048,11302,0.46
CA_1,HOBBIES_1_048,11303,0.46
CA_1,HOBBIES_1_048,11304,0.46
CA_1,HOBBIES_1_048,11305,0.46
CA_1,HOBBIES_1_048,11306,0.46
CA_1,HOBBIES_1_048,11307,0.46
CA_1,HOBBIES_1_048,11308,0.46
CA_1,HOBBIES_1_048,11309,0.46
CA_1,HOBBIES_1_048,11310,0.46
CA_1,HOBBIES_1_048,11311,0.46
CA_1,HOBBIES_1_048,11312,0.46
CA_1,HOBBIES_1_048,11313,0.46
CA_1,HOBBIES_1_048,11314,0.46
CA_1,HOBBIES_1_048,11315,0.46
CA_1,HOBBIES_1_048,11316,0.46
CA_1,HOBBIES_1_048,11317,0.46
CA_1,HOBBIES_1_048,11318,0.46
CA_1,HOBBIES_1_048,11319,0.46
CA_1,HOBBIES_1_048,11320,0.46
CA_1,HOBBIES_1_048,11321,0.46
CA_1,HOBBIES_1_048,11322,0.46
CA_1,HOBBIES_1_048,11323,0.46
CA_1,HOBBIES_1_048,11324,0.46
CA_1,HOBBIES_1_048,11325,0.46
CA_1,HOBBIES_1_048,11326,0.46
CA_1,HOBBIES_1_048,11327,0.46
CA_1,HOBBIES_1_048,11328,0.46
CA_1,HOBBIES_1_048,11329,0.46
CA_1,HOBBIES_1_048,11330,0.46
CA_1,HOBBIES_1_048,11331,0.46
CA_1,HOBBIES_1_048,11332,0.46
CA_1,HOBBIES_1_048,11333,0.46
CA_1,HOBBIES_1_048,11334,0.46
CA_1,HOBBIES_1_048,11335,0.46
CA_1,HOBBIES_1_048,11336,0.46
CA_1,HOBBIES_1_048,11337,0.46
CA_1,HOBBIES_1_048,11338,0.46
CA_1,HOBBIES_1_048,11339,0.46
CA_1,HOBBIES_1_048,11340,0.46
CA_1,HOBBIES_1_048,11341,0.46
CA_1,HOBBIES_1_048,11342,0.46
CA_1,HOBBIES_1_048,11343,0.46
CA_1,HOBBIES_1_048,11344,0.46
CA_1,HOBBIES_1_048,11345,0.46
CA_1,HOBBIES_1_048,11346,0.46
CA_1,HOBBIES_1_048,11347,0.46
CA_1,HOBBIES_1_048,11348,0.46
CA_1,HOBBIES_1_048,11349,0.46
CA_1,HOBBIES_1_048,11350,0.46
CA_1,HOBBIES_1_048,11351,0.46
CA_1,HOBBIES_1_048,11352,0.46
CA_1,HOBBIES_1_048,11353,0.46
CA_1,HOBBIES_1_048,11401,0.46
CA_1,HOBBIES_1_048,11402,0.46
CA_1,HOBBIES_1_048,11403,0.46
CA_1,HOBBIES_1_048,11404,0.46
CA_1,HOBBIES_1_048,11405,0.46
CA_1,HOBBIES_1_048,11406,0.46
CA_1,HOBBIES_1_048,11407,0.46
CA_1,HOBBIES_1_048,11408,0.46
CA_1,HOBBIES_1_048,11409,0.46
CA_1,HOBBIES_1_048,11410,0.46
CA_1,HOBBIES_1_048,11411,0.46
CA_1,HOBBIES_1_048,11412,0.46
CA_1,HOBBIES_1_048,11413,0.46
CA_1,HOBBIES_1_048,11414,0.46
CA_1,HOBBIES_1_048,11415,0.46
CA_1,HOBBIES_1_048,11416,0.46
CA_1,HOBBIES_1_048,11417,0.46
CA_1,HOBBIES_1_048,11418,0.46
CA_1,HOBBIES_1_048,11419,0.46
CA_1,HOBBIES_1_048,11420,0.46
CA_1,HOBBIES_1_048,11421,0.46
CA_1,HOBBIES_1_048,11422,0.46
CA_1,HOBBIES_1_048,11423,0.46
CA_1,HOBBIES_1_048,11424,0.46
CA_1,HOBBIES_1_048,11425,0.46
CA_1,HOBBIES_1_048,11426,0.46
CA_1,HOBBIES_1_048,11427,0.46
CA_1,HOBBIES_1_048,11428,0.46
CA_1,HOBBIES_1_048,11429,0.46
CA_1,HOBBIES_1_048,11430,0.46
CA_1,HOBBIES_1_048,11431,0.46
CA_1,HOBBIES_1_048,11432,0.46
CA_1,HOBBIES_1_048,11433,0.46
CA_1,HOBBIES_1_048,11434,0.46
CA_1,HOBBIES_1_048,11435,0.46
CA_1,HOBBIES_1_048,11436,0.46
CA_1,HOBBIES_1_048,11437,0.46
CA_1,HOBBIES_1_048,11438,0.46
CA_1,HOBBIES_1_048,11439,0.46
CA_1,HOBBIES_1_048,11440,0.46
CA_1,HOBBIES_1_048,11441,0.46
CA_1,HOBBIES_1_048,11442,0.46
CA_1,HOBBIES_1_048,11443,0.46
CA_1,HOBBIES_1_048,11444,0.46
CA_1,HOBBIES_1_048,11445,0.46
CA_1,HOBBIES_1_048,11446,0.46
CA_1,HOBBIES_1_048,11447,0.46
CA_1,HOBBIES_1_048,11448,0.46
CA_1,HOBBIES_1_048,11449,0.46
CA_1,HOBBIES_1_048,11450,0.46
CA_1,HOBBIES_1_048,11451,0.46
CA_1,HOBBIES_1_048,11452,0.46
CA_1,HOBBIES_1_048,11501,0.46
CA_1,HOBBIES_1_048,11502,0.46
CA_1,HOBBIES_1_048,11503,0.46
CA_1,HOBBIES_1_048,11504,0.46
CA_1,HOBBIES_1_048,11505,0.46
CA_1,HOBBIES_1_048,11506,0.46
CA_1,HOBBIES_1_048,11507,0.46
CA_1,HOBBIES_1_048,11508,0.46
CA_1,HOBBIES_1_048,11509,0.46
CA_1,HOBBIES_1_048,11510,0.46
CA_1,HOBBIES_1_048,11511,0.46
CA_1,HOBBIES_1_048,11512,0.48
CA_1,HOBBIES_1_048,11513,0.48
CA_1,HOBBIES_1_048,11514,0.48
CA_1,HOBBIES_1_048,11515,0.48
CA_1,HOBBIES_1_048,11516,0.48
CA_1,HOBBIES_1_048,11517,0.48
CA_1,HOBBIES_1_048,11518,0.48
CA_1,HOBBIES_1_048,11519,0.48
CA_1,HOBBIES_1_048,11520,0.48
CA_1,HOBBIES_1_048,11521,0.48
CA_1,HOBBIES_1_048,11522,0.48
CA_1,HOBBIES_1_048,11523,0.48
CA_1,HOBBIES_1_048,11524,0.48
CA_1,HOBBIES_1_048,11525,0.48
CA_1,HOBBIES_1_048,11526,0.48
CA_1,HOBBIES_1_048,11527,0.48
CA_1,HOBBIES_1_048,11528,0.48
CA_1,HOBBIES_1_048,11529,0.48
CA_1,HOBBIES_1_048,11530,0.48
CA_1,HOBBIES_1_048,11531,0.48
CA_1,HOBBIES_1_048,11532,0.48
CA_1,HOBBIES_1_048,11533,0.48
CA_1,HOBBIES_1_048,11534,0.48
CA_1,HOBBIES_1_048,11535,0.48
CA_1,HOBBIES_1_048,11536,0.48
CA_1,HOBBIES_1_048,11537,0.48
CA_1,HOBBIES_1_048,11538,0.48
CA_1,HOBBIES_1_048,11539,0.48
CA_1,HOBBIES_1_048,11540,0.48
CA_1,HOBBIES_1_048,11541,0.48
CA_1,HOBBIES_1_048,11542,0.48
CA_1,HOBBIES_1_048,11543,0.48
CA_1,HOBBIES_1_048,11544,0.48
CA_1,HOBBIES_1_048,11545,0.48
CA_1,HOBBIES_1_048,11546,0.48
CA_1,HOBBIES_1_048,11547,0.48
CA_1,HOBBIES_1_048,11548,0.48
CA_1,HOBBIES_1_048,11549,0.48
CA_1,HOBBIES_1_048,11550,0.48
CA_1,HOBBIES_1_048,11551,0.48
CA_1,HOBBIES_1_048,11552,0.48
CA_1,HOBBIES_1_048,11601,0.48
CA_1,HOBBIES_1_048,11602,0.48
CA_1,HOBBIES_1_048,11603,0.48
CA_1,HOBBIES_1_048,11604,0.48
CA_1,HOBBIES_1_048,11605,0.48
CA_1,HOBBIES_1_048,11606,0.48
CA_1,HOBBIES_1_048,11607,0.48
CA_1,HOBBIES_1_048,11608,0.48
CA_1,HOBBIES_1_048,11609,0.48
CA_1,HOBBIES_1_048,11610,0.48
CA_1,HOBBIES_1_048,11611,0.48
CA_1,HOBBIES_1_048,11612,0.48
CA_1,HOBBIES_1_048,11613,0.48
CA_1,HOBBIES_1_048,11614,0.48
CA_1,HOBBIES_1_048,11615,0.48
CA_1,HOBBIES_1_048,11616,0.48
CA_1,HOBBIES_1_048,11617,0.48
CA_1,HOBBIES_1_048,11618,0.48
CA_1,HOBBIES_1_048,11619,0.48
CA_1,HOBBIES_1_048,11620,0.48
CA_1,HOBBIES_1_048,11621,0.48
CA_1,HOBBIES_1_049,11132,7.88
CA_1,HOBBIES_1_049,11133,7.88
CA_1,HOBBIES_1_049,11134,7.88
CA_1,HOBBIES_1_049,11135,7.88
CA_1,HOBBIES_1_049,11136,7.88
CA_1,HOBBIES_1_049,11137,7.88
CA_1,HOBBIES_1_049,11138,7.88
CA_1,HOBBIES_1_049,11139,7.88
CA_1,HOBBIES_1_049,11140,7.88
CA_1,HOBBIES_1_049,11141,7.88
CA_1,HOBBIES_1_049,11142,7.88
CA_1,HOBBIES_1_049,11143,7.88
CA_1,HOBBIES_1_049,11144,7.88
CA_1,HOBBIES_1_049,11145,7.88
CA_1,HOBBIES_1_049,11146,7.88
CA_1,HOBBIES_1_049,11147,7.88
CA_1,HOBBIES_1_049,11148,7.88
CA_1,HOBBIES_1_049,11149,7.88
CA_1,HOBBIES_1_049,11150,7.88
CA_1,HOBBIES_1_049,11151,7.88
CA_1,HOBBIES_1_049,11152,7.88
CA_1,HOBBIES_1_049,11201,7.88
CA_1,HOBBIES_1_049,11202,7.88
CA_1,HOBBIES_1_049,11203,7.88
CA_1,HOBBIES_1_049,11204,7.88
CA_1,HOBBIES_1_049,11205,7.88
CA_1,HOBBIES_1_049,11206,7.88
CA_1,HOBBIES_1_049,11207,7.88
CA_1,HOBBIES_1_049,11208,7.88
CA_1,HOBBIES_1_049,11209,7.88
CA_1,HOBBIES_1_049,11210,7.88
CA_1,HOBBIES_1_049,11211,7.88
CA_1,HOBBIES_1_049,11212,7.88
CA_1,HOBBIES_1_049,11213,7.88
CA_1,HOBBIES_1_049,11214,7.88
CA_1,HOBBIES_1_049,11215,7.88
CA_1,HOBBIES_1_049,11216,7.88
CA_1,HOBBIES_1_049,11217,7.88
CA_1,HOBBIES_1_049,11218,7.88
CA_1,HOBBIES_1_049,11219,7.88
CA_1,HOBBIES_1_049,11220,7.88
CA_1,HOBBIES_1_049,11221,7.88
CA_1,HOBBIES_1_049,11222,7.88
CA_1,HOBBIES_1_049,11223,7.88
CA_1,HOBBIES_1_049,11224,7.88
CA_1,HOBBIES_1_049,11225,7.88
CA_1,HOBBIES_1_049,11226,7.88
CA_1,HOBBIES_1_049,11227,7.88
CA_1,HOBBIES_1_049,11228,7.88
CA_1,HOBBIES_1_049,11229,7.88
CA_1,HOBBIES_1_049,11230,7.88
CA_1,HOBBIES_1_049,11231,7.88
CA_1,HOBBIES_1_049,11232,7.88
CA_1,HOBBIES_1_049,11233,7.88
CA_1,HOBBIES_1_049,11234,7.88
CA_1,HOBBIES_1_049,11235,7.88
CA_1,HOBBIES_1_049,11236,7.88
CA_1,HOBBIES_1_049,11237,7.88
CA_1,HOBBIES_1_049,11238,7.88
CA_1,HOBBIES_1_049,11239,7.88
CA_1,HOBBIES_1_049,11240,7.88
CA_1,HOBBIES_1_049,11241,7.88
CA_1,HOBBIES_1_049,11242,7.88
CA_1,HOBBIES_1_049,11243,8.68
CA_1,HOBBIES_1_049,11244,8.68
CA_1,HOBBIES_1_049,11245,8.68
CA_1,HOBBIES_1_049,11246,8.68
CA_1,HOBBIES_1_049,11247,8.68
CA_1,HOBBIES_1_049,11248,8.68
CA_1,HOBBIES_1_049,11249,8.68
CA_1,HOBBIES_1_049,11250,8.28
CA_1,HOBBIES_1_049,11251,8.28
CA_1,HOBBIES_1_049,11252,8.28
CA_1,HOBBIES_1_049,11301,8.28
CA_1,HOBBIES_1_049,11302,8.28
CA_1,HOBBIES_1_049,11303,8.28
CA_1,HOBBIES_1_049,11304,8.28
CA_1,HOBBIES_1_049,11305,8.28
CA_1,HOBBIES_1_049,11306,8.28
CA_1,HOBBIES_1_049,11307,8.28
CA_1,HOBBIES_1_049,11308,8.28
CA_1,HOBBIES_1_049,11309,8.28
CA_1,HOBBIES_1_049,11310,8.28
CA_1,HOBBIES_1_049,11311,8.28
CA_1,HOBBIES_1_049,11312,8.28
CA_1,HOBBIES_1_049,11313,8.28
CA_1,HOBBIES_1_049,11314,8.28
CA_1,HOBBIES_1_049,11315,8.28
CA_1,HOBBIES_1_049,11316,8.28
CA_1,HOBBIES_1_049,11317,8.28
CA_1,HOBBIES_1_049,11318,8.28
CA_1,HOBBIES_1_049,11319,8.28
CA_1,HOBBIES_1_049,11320,8.28
CA_1,HOBBIES_1_049,11321,8.28
CA_1,HOBBIES_1_049,11322,8.28
CA_1,HOBBIES_1_049,11323,8.28
CA_1,HOBBIES_1_049,11324,8.28
CA_1,HOBBIES_1_049,11325,8.28
CA_1,HOBBIES_1_049,11326,8.28
CA_1,HOBBIES_1_049,11327,8.28
CA_1,HOBBIES_1_049,11328,8.28
CA_1,HOBBIES_1_049,11329,8.28
CA_1,HOBBIES_1_049,11330,8.28
CA_1,HOBBIES_1_049,11331,8.28
CA_1,HOBBIES_1_049,11332,8.28
CA_1,HOBBIES_1_049,11333,8.28
CA_1,HOBBIES_1_049,11334,8.28
CA_1,HOBBIES_1_049,11335,8.28
CA_1,HOBBIES_1_049,11336,8.28
CA_1,HOBBIES_1_049,11337,8.28
CA_1,HOBBIES_1_049,11338,8.28
CA_1,HOBBIES_1_049,11339,8.28
CA_1,HOBBIES_1_049,11340,8.28
CA_1,HOBBIES_1_049,11341,8.28
CA_1,HOBBIES_1_049,11342,8.28
CA_1,HOBBIES_1_049,11343,8.28
CA_1,HOBBIES_1_049,11344,8.28
CA_1,HOBBIES_1_049,11345,8.28
CA_1,HOBBIES_1_049,11346,8.28
CA_1,HOBBIES_1_049,11347,8.28
CA_1,HOBBIES_1_049,11348,8.28
CA_1,HOBBIES_1_049,11349,8.28
CA_1,HOBBIES_1_049,11350,8.28
CA_1,HOBBIES_1_049,11351,8.28
CA_1,HOBBIES_1_049,11352,8.28
CA_1,HOBBIES_1_049,11353,8.28
CA_1,HOBBIES_1_049,11401,8.28
CA_1,HOBBIES_1_049,11402,8.28
CA_1,HOBBIES_1_049,11403,8.28
CA_1,HOBBIES_1_049,11404,8.28
CA_1,HOBBIES_1_049,11405,8.28
CA_1,HOBBIES_1_049,11406,8.28
CA_1,HOBBIES_1_049,11407,8.28
CA_1,HOBBIES_1_049,11408,8.28
CA_1,HOBBIES_1_049,11409,8.28
CA_1,HOBBIES_1_049,11410,8.28
CA_1,HOBBIES_1_049,11411,8.28
CA_1,HOBBIES_1_049,11412,8.28
CA_1,HOBBIES_1_049,11413,8.28
CA_1,HOBBIES_1_049,11414,8.28
CA_1,HOBBIES_1_049,11415,8.28
CA_1,HOBBIES_1_049,11416,8.28
CA_1,HOBBIES_1_049,11417,8.28
CA_1,HOBBIES_1_049,11418,8.28
CA_1,HOBBIES_1_049,11419,8.28
CA_1,HOBBIES_1_049,11420,8.28
CA_1,HOBBIES_1_049,11421,8.28
CA_1,HOBBIES_1_049,11422,8.28
CA_1,HOBBIES_1_049,11423,8.28
CA_1,HOBBIES_1_049,11424,8.28
CA_1,HOBBIES_1_049,11425,8.28
CA_1,HOBBIES_1_049,11426,8.28
CA_1,HOBBIES_1_049,11427,8.28
CA_1,HOBBIES_1_049,11428,8.28
CA_1,HOBBIES_1_049,11429,8.28
CA_1,HOBBIES_1_049,11430,8.28
CA_1,HOBBIES_1_049,11431,8.28
CA_1,HOBBIES_1_049,11432,8.28
CA_1,HOBBIES_1_049,11433,8.28
CA_1,HOBBIES_1_049,11434,8.28
CA_1,HOBBIES_1_049,11435,8.28
CA_1,HOBBIES_1_049,11436,8.28
CA_1,HOBBIES_1_049,11437,8.28
CA_1,HOBBIES_1_049,11438,8.28
CA_1,HOBBIES_1_049,11439,7.88
CA_1,HOBBIES_1_049,11440,7.88
CA_1,HOBBIES_1_049,11441,7.88
CA_1,HOBBIES_1_049,11442,7.88
CA_1,HOBBIES_1_049,11443,7.88
CA_1,HOBBIES_1_049,11444,7.88
CA_1,HOBBIES_1_049,11445,7.88
CA_1,HOBBIES_1_049,11446,7.88
CA_1,HOBBIES_1_049,11447,7.88
CA_1,HOBBIES_1_049,11448,7.88
CA_1,HOBBIES_1_049,11449,7.88
CA_1,HOBBIES_1_049,11450,7.88
CA_1,HOBBIES_1_049,11451,7.88
CA_1,HOBBIES_1_049,11452,7.88
CA_1,HOBBIES_1_049,11501,7.88
CA_1,HOBBIES_1_049,11502,7.88
CA_1,HOBBIES_1_049,11503,7.88
CA_1,HOBBIES_1_049,11504,7.88
CA_1,HOBBIES_1_049,11505,7.88
CA_1,HOBBIES_1_049,11506,7.88
CA_1,HOBBIES_1_049,11507,7.88
CA_1,HOBBIES_1_049,11508,7.88
CA_1,HOBBIES_1_049,11509,7.88
CA_1,HOBBIES_1_049,11510,7.88
CA_1,HOBBIES_1_049,11511,7.88
CA_1,HOBBIES_1_049,11512,7.88
CA_1,HOBBIES_1_049,11513,7.88
CA_1,HOBBIES_1_049,11514,7.88
CA_1,HOBBIES_1_049,11515,7.88
CA_1,HOBBIES_1_049,11516,7.88
CA_1,HOBBIES_1_049,11517,7.88
CA_1,HOBBIES_1_049,11518,7.88
CA_1,HOBBIES_1_049,11519,7.88
CA_1,HOBBIES_1_049,11520,7.88
CA_1,HOBBIES_1_049,11521,7.88
CA_1,HOBBIES_1_049,11522,7.88
CA_1,HOBBIES_1_049,11523,7.88
CA_1,HOBBIES_1_049,11524,7.88
CA_1,HOBBIES_1_049,11525,7.88
CA_1,HOBBIES_1_049,11526,7.88
CA_1,HOBBIES_1_049,11527,7.88
CA_1,HOBBIES_1_049,11528,7.88
CA_1,HOBBIES_1_049,11529,7.88
CA_1,HOBBIES_1_049,11530,7.88
CA_1,HOBBIES_1_049,11531,7.88
CA_1,HOBBIES_1_049,11532,7.88
CA_1,HOBBIES_1_049,11533,7.88
CA_1,HOBBIES_1_049,11534,7.88
CA_1,HOBBIES_1_049,11535,7.88
CA_1,HOBBIES_1_049,11536,7.88
CA_1,HOBBIES_1_049,11537,7.88
CA_1,HOBBIES_1_049,11538,7.88
CA_1,HOBBIES_1_049,11539,7.88
CA_1,HOBBIES_1_049,11540,7.88
CA_1,HOBBIES_1_049,11541,7.88
CA_1,HOBBIES_1_049,11542,7.88
CA_1,HOBBIES_1_049,11543,7.88
CA_1,HOBBIES_1_049,11544,7.88
CA_1,HOBBIES_1_049,11545,7.88
CA_1,HOBBIES_1_049,11546,7.88
CA_1,HOBBIES_1_049,11547,7.88
CA_1,HOBBIES_1_049,11548,7.88
CA_1,HOBBIES_1_049,11549,7.88
CA_1,HOBBIES_1_049,11550,7.88
CA_1,HOBBIES_1_049,11551,7.88
CA_1,HOBBIES_1_049,11552,7.88
CA_1,HOBBIES_1_049,11601,7.88
CA_1,HOBBIES_1_049,11602,7.88
CA_1,HOBBIES_1_049,11603,7.88
CA_1,HOBBIES_1_049,11604,7.88
CA_1,HOBBIES_1_049,11605,7.88
CA_1,HOBBIES_1_049,11606,7.88
CA_1,HOBBIES_1_049,11607,7.88
CA_1,HOBBIES_1_049,11608,7.88
CA_1,HOBBIES_1_049,11609,7.88
CA_1,HOBBIES_1_049,11610,7.88
CA_1,HOBBIES_1_049,11611,7.88
CA_1,HOBBIES_1_049,11612,7.88
CA_1,HOBBIES_1_049,11613,7.88
CA_1,HOBBIES_1_049,11614,7.88
CA_1,HOBBIES_1_049,11615,7.88
CA_1,HOBBIES_1_049,11616,7.88
CA_1,HOBBIES_1_049,11617,7.88
CA_1,HOBBIES_1_049,11618,7.88
CA_1,HOBBIES_1_049,11619,7.88
CA_1,HOBBIES_1_049,11620,7.88
CA_1,HOBBIES_1_049,11621,7.88
CA_1,HOBBIES_1_050,11101,9.84
CA_1,HOBBIES_1_050,11102,9.84
CA_1,HOBBIES_1_050,11103,9.84
CA_1,HOBBIES_1_050,11104,9.84
CA_1,HOBBIES_1_050,11105,9.84
CA_1,HOBBIES_1_050,11106,9.84
CA_1,HOBBIES_1_050,11107,9.84
CA_1,HOBBIES_1_050,11108,9.84
CA_1,HOBBIES_1_050,11109,9.84
CA_1,HOBBIES_1_050,11110,9.84
CA_1,HOBBIES_1_050,11111,9.84
CA_1,HOBBIES_1_050,11112,9.84
CA_1,HOBBIES_1_050,11113,9.84
CA_1,HOBBIES_1_050,11114,9.84
CA_1,HOBBIES_1_050,11115,9.84
CA_1,HOBBIES_1_050,11116,9.84
CA_1,HOBBIES_1_050,11117,9.84
CA_1,HOBBIES_1_050,11118,9.84
CA_1,HOBBIES_1_050,11119,9.84
CA_1,HOBBIES_1_050,11120,9.84
CA_1,HOBBIES_1_050,11121,9.84
CA_1,HOBBIES_1_050,11122,9.84
CA_1,HOBBIES_1_050,11123,9.84
CA_1,HOBBIES_1_050,11124,9.84
CA_1,HOBBIES_1_050,11125,9.84
CA_1,HOBBIES_1_050,11126,9.84
CA_1,HOBBIES_1_050,11127,9.84
CA_1,HOBBIES_1_050,11128,9.84
CA_1,HOBBIES_1_050,11129,9.84
CA_1,HOBBIES_1_050,11130,9.84
CA_1,HOBBIES_1_050,11131,9.84
CA_1,HOBBIES_1_050,11132,9.84
CA_1,HOBBIES_1_050,11133,9.84
CA_1,HOBBIES_1_050,11134,9.84
CA_1,HOBBIES_1_050,11135,9.84
CA_1,HOBBIES_1_050,11136,9.84
CA_1,HOBBIES_1_050,11137,9.84
CA_1,HOBBIES_1_050,11138,9.84
CA_1,HOBBIES_1_050,11139,9.84
CA_1,HOBBIES_1_050,11140,9.84
CA_1,HOBBIES_1_050,11141,9.84
CA_1,HOBBIES_1_050,11142,9.84
CA_1,HOBBIES_1_050,11143,9.84
CA_1,HOBBIES_1_050,11144,9.84
CA_1,HOBBIES_1_050,11145,9.84
CA_1,HOBBIES_1_050,11146,9.84
CA_1,HOBBIES_1_050,11147,9.84
CA_1,HOBBIES_1_050,11148,9.84
CA_1,HOBBIES_1_050,11149,9.84
CA_1,HOBBIES_1_050,11150,9.84
CA_1,HOBBIES_1_050,11151,9.84
CA_1,HOBBIES_1_050,11152,9.84
CA_1,HOBBIES_1_050,11201,9.84
CA_1,HOBBIES_1_050,11202,9.84
CA_1,HOBBIES_1_050,11203,9.84
CA_1,HOBBIES_1_050,11204,9.84
CA_1,HOBBIES_1_050,11205,9.84
CA_1,HOBBIES_1_050,11206,9.84
CA_1,HOBBIES_1_050,11207,9.84
CA_1,HOBBIES_1_050,11208,9.84
CA_1,HOBBIES_1_050,11209,9.84
CA_1,HOBBIES_1_050,11210,9.84
CA_1,HOBBIES_1_050,11211,9.84
CA_1,HOBBIES_1_050,11212,9.84
CA_1,HOBBIES_1_050,11213,9.84
CA_1,HOBBIES_1_050,11214,9.84
CA_1,HOBBIES_1_050,11215,9.84
CA_1,HOBBIES_1_050,11216,9.84
CA_1,HOBBIES_1_050,11217,9.84
CA_1,HOBBIES_1_050,11218,9.84
CA_1,HOBBIES_1_050,11219,9.84
CA_1,HOBBIES_1_050,11220,9.84
CA_1,HOBBIES_1_050,11221,9.84
CA_1,HOBBIES_1_050,11222,9.84
CA_1,HOBBIES_1_050,11223,9.84
CA_1,HOBBIES_1_050,11224,9.84
CA_1,HOBBIES_1_050,11225,9.84
CA_1,HOBBIES_1_050,11226,9.84
CA_1,HOBBIES_1_050,11227,9.84
CA_1,HOBBIES_1_050,11228,9.84
CA_1,HOBBIES_1_050,11229,9.84
CA_1,HOBBIES_1_050,11230,9.84
CA_1,HOBBIES_1_050,11231,9.84
CA_1,HOBBIES_1_050,11232,9.84
CA_1,HOBBIES_1_050,11233,9.84
CA_1,HOBBIES_1_050,11234,9.84
CA_1,HOBBIES_1_050,11235,9.84
CA_1,HOBBIES_1_050,11236,9.84
CA_1,HOBBIES_1_050,11237,9.84
CA_1,HOBBIES_1_050,11238,9.84
CA_1,HOBBIES_1_050,11239,9.84
CA_1,HOBBIES_1_050,11240,9.84
CA_1,HOBBIES_1_050,11241,9.84
CA_1,HOBBIES_1_050,11242,9.84
CA_1,HOBBIES_1_050,11243,10.98
CA_1,HOBBIES_1_050,11244,10.98
CA_1,HOBBIES_1_050,11245,10.98
CA_1,HOBBIES_1_050,11246,10.98
CA_1,HOBBIES_1_050,11247,10.98
CA_1,HOBBIES_1_050,11248,10.98
CA_1,HOBBIES_1_050,11249,10.98
CA_1,HOBBIES_1_050,11250,10.98
CA_1,HOBBIES_1_050,11251,10.98
CA_1,HOBBIES_1_050,11252,10.98
CA_1,HOBBIES_1_050,11301,10.98
CA_1,HOBBIES_1_050,11302,10.98
CA_1,HOBBIES_1_050,11303,10.98
CA_1,HOBBIES_1_050,11304,10.98
CA_1,HOBBIES_1_050,11305,10.98
CA_1,HOBBIES_1_050,11306,10.98
CA_1,HOBBIES_1_050,11307,10.98
CA_1,HOBBIES_1_050,11308,10.98
CA_1,HOBBIES_1_050,11309,10.98
CA_1,HOBBIES_1_050,11310,10.98
CA_1,HOBBIES_1_050,11311,10.98
CA_1,HOBBIES_1_050,11312,10.98
CA_1,HOBBIES_1_050,11313,10.98
CA_1,HOBBIES_1_050,11314,10.98
CA_1,HOBBIES_1_050,11315,10.98
CA_1,HOBBIES_1_050,11316,10.98
CA_1,HOBBIES_1_050,11317,10.98
CA_1,HOBBIES_1_050,11318,10.98
CA_1,HOBBIES_1_050,11319,10.98
CA_1,HOBBIES_1_050,11320,10.98
CA_1,HOBBIES_1_050,11321,10.98
CA_1,HOBBIES_1_050,11322,10.98
CA_1,HOBBIES_1_050,11323,10.98
CA_1,HOBBIES_1_050,11324,10.98
CA_1,HOBBIES_1_050,11325,10.98
CA_1,HOBBIES_1_050,11326,10.98
CA_1,HOBBIES_1_050,11327,10.98
CA_1,HOBBIES_1_050,11328,10.98
CA_1,HOBBIES_1_050,11329,10.98
CA_1,HOBBIES_1_050,11330,10.98
CA_1,HOBBIES_1_050,11331,10.98
CA_1,HOBBIES_1_050,11332,10.98
CA_1,HOBBIES_1_050,11333,10.98
CA_1,HOBBIES_1_050,11334,10.98
CA_1,HOBBIES_1_050,11335,10.98
CA_1,HOBBIES_1_050,11336,10.98
CA_1,HOBBIES_1_050,11337,10.98
CA_1,HOBBIES_1_050,11338,10.98
CA_1,HOBBIES_1_050,11339,10.98
CA_1,HOBBIES_1_050,11340,10.98
CA_1,HOBBIES_1_050,11341,10.98
CA_1,HOBBIES_1_050,11342,10.98
CA_1,HOBBIES_1_050,11343,10.98
CA_1,HOBBIES_1_050,11344,10.98
CA_1,HOBBIES_1_050,11345,10.98
CA_1,HOBBIES_1_050,11346,10.98
CA_1,HOBBIES_1_050,11347,10.98
CA_1,HOBBIES_1_050,11348,10.98
CA_1,HOBBIES_1_050,11349,10.98
CA_1,HOBBIES_1_050,11350,10.98
CA_1,HOBBIES_1_050,11351,10.98
CA_1,HOBBIES_1_050,11352,10.98
CA_1,HOBBIES_1_050,11353,10.98
CA_1,HOBBIES_1_050,11401,10.98
CA_1,HOBBIES_1_050,11402,10.98
CA_1,HOBBIES_1_050,11403,10.98
CA_1,HOBBIES_1_050,11404,10.98
CA_1,HOBBIES_1_050,11405,10.98
CA_1,HOBBIES_1_050,11406,10.98
CA_1,HOBBIES_1_050,11407,10.98
CA_1,HOBBIES_1_050,11408,10.98
CA_1,HOBBIES_1_050,11409,10.98
CA_1,HOBBIES_1_050,11410,10.98
CA_1,HOBBIES_1_050,11411,10.98
CA_1,HOBBIES_1_050,11412,10.98
CA_1,HOBBIES_1_050,11413,10.98
CA_1,HOBBIES_1_050,11414,10.98
CA_1,HOBBIES_1_050,11415,10.98
CA_1,HOBBIES_1_050,11416,10.98
CA_1,HOBBIES_1_050,11417,10.98
CA_1,HOBBIES_1_050,11418,10.98
CA_1,HOBBIES_1_050,11419,10.98
CA_1,HOBBIES_1_050,11420,10.98
CA_1,HOBBIES_1_050,11421,10.98
CA_1,HOBBIES_1_050,11422,10.98
CA_1,HOBBIES_1_050,11423,10.98
CA_1,HOBBIES_1_050,11424,10.98
CA_1,HOBBIES_1_050,11425,10.98
CA_1,HOBBIES_1_050,11426,10.98
CA_1,HOBBIES_1_050,11427,10.98
CA_1,HOBBIES_1_050,11428,10.98
CA_1,HOBBIES_1_050,11429,10.98
CA_1,HOBBIES_1_050,11430,10.98
CA_1,HOBBIES_1_050,11431,10.98
CA_1,HOBBIES_1_050,11432,10.98
CA_1,HOBBIES_1_050,11433,10.98
CA_1,HOBBIES_1_050,11434,10.98
CA_1,HOBBIES_1_050,11435,10.98
CA_1,HOBBIES_1_050,11436,10.98
CA_1,HOBBIES_1_050,11437,10.98
CA_1,HOBBIES_1_050,11438,10.98
CA_1,HOBBIES_1_050,11439,10.98
CA_1,HOBBIES_1_050,11440,10.98
CA_1,HOBBIES_1_050,11441,10.98
CA_1,HOBBIES_1_050,11442,10.98
CA_1,HOBBIES_1_050,11443,10.98
CA_1,HOBBIES_1_050,11444,10.98
CA_1,HOBBIES_1_050,11445,10.98
CA_1,HOBBIES_1_050,11446,10.98
CA_1,HOBBIES_1_050,11447,10.98
CA_1,HOBBIES_1_050,11448,10.98
CA_1,HOBBIES_1_050,11449,10.98
CA_1,HOBBIES_1_050,11450,10.98
CA_1,HOBBIES_1_050,11451,10.98
CA_1,HOBBIES_1_050,11452,10.98
CA_1,HOBBIES_1_050,11501,10.98
CA_1,HOBBIES_1_050,11502,10.98
CA_1,HOBBIES_1_050,11503,10.98
CA_1,HOBBIES_1_050,11504,10.98
CA_1,HOBBIES_1_050,11505,10.98
CA_1,HOBBIES_1_050,11506,10.98
CA_1,HOBBIES_1_050,11507,10.98
CA_1,HOBBIES_1_050,11508,10.98
CA_1,HOBBIES_1_050,11509,10.98
CA_1,HOBBIES_1_050,11510,10.98
CA_1,HOBBIES_1_050,11511,10.98
CA_1,HOBBIES_1_050,11512,10.98
CA_1,HOBBIES_1_050,11513,10.98
CA_1,HOBBIES_1_050,11514,10.98
CA_1,HOBBIES_1_050,11515,10.98
CA_1,HOBBIES_1_050,11516,10.98
CA_1,HOBBIES_1_050,11517,10.98
CA_1,HOBBIES_1_050,11518,10.98
CA_1,HOBBIES_1_050,11519,10.98
CA_1,HOBBIES_1_050,11520,10.98
CA_1,HOBBIES_1_050,11521,10.98
CA_1,HOBBIES_1_050,11522,10.98
CA_1,HOBBIES_1_050,11523,10.98
CA_1,HOBBIES_1_050,11524,10.98
CA_1,HOBBIES_1_050,11525,10.98
CA_1,HOBBIES_1_050,11526,10.98
CA_1,HOBBIES_1_050,11527,10.98
CA_1,HOBBIES_1_050,11528,10.98
CA_1,HOBBIES_1_050,11529,10.98
CA_1,HOBBIES_1_050,11530,10.98
CA_1,HOBBIES_1_050,11531,10.98
CA_1,HOBBIES_1_050,11532,10.98
CA_1,HOBBIES_1_050,11533,10.98
CA_1,HOBBIES_1_050,11534,10.98
CA_1,HOBBIES_1_050,11535,10.98
CA_1,HOBBIES_1_050,11536,10.98
CA_1,HOBBIES_1_050,11537,10.98
CA_1,HOBBIES_1_050,11538,10.98
CA_1,HOBBIES_1_050,11539,10.98
CA_1,HOBBIES_1_050,11540,10.98
CA_1,HOBBIES_1_050,11541,10.98
CA_1,HOBBIES_1_050,11542,10.98
CA_1,HOBBIES_1_050,11543,10.98
CA_1,HOBBIES_1_050,11544,10.98
CA_1,HOBBIES_1_050,11545,10.98
CA_1,HOBBIES_1_050,11546,10.98
CA_1,HOBBIES_1_050,11547,10.98
CA_1,HOBBIES_1_050,11548,10.98
CA_1,HOBBIES_1_050,11549,10.98
CA_1,HOBBIES_1_050,11550,10.98
CA_1,HOBBIES_1_050,11551,10.98
CA_1,HOBBIES_1_050,11552,10.98
CA_1,HOBBIES_1_050,11601,10.98
CA_1,HOBBIES_1_050,11602,10.98
CA_1,HOBBIES_1_050,11603,10.98
CA_1,HOBBIES_1_050,11604,10.98
CA_1,HOBBIES_1_050,11605,10.98
CA_1,HOBBIES_1_050,11606,10.98
CA_1,HOBBIES_1_050,11607,10.98
CA_1,HOBBIES_1_050,11608,10.98
CA_1,HOBBIES_1_050,11609,10.98
CA_1,HOBBIES_1_050,11610,10.98
CA_1,HOBBIES_1_050,11611,10.98
CA_1,HOBBIES_1_050,11612,10.98
CA_1,HOBBIES_1_050,11613,10.98
CA_1,HOBBIES_1_050,11614,10.98
CA_1,HOBBIES_1_050,11615,10.98
CA_1,HOBBIES_1_050,11616,10.98
CA_1,HOBBIES_1_050,11617,10.98
CA_1,HOBBIES_1_050,11618,10.98
CA_1,HOBBIES_1_050,11619,10.98
CA_1,HOBBIES_1_050,11620,10.98
CA_1,HOBBIES_1_050,11621,10.98
CA_1,HOBBIES_1_051,11312,5.98
CA_1,HOBBIES_1_051,11313,5.98
CA_1,HOBBIES_1_051,11314,5.98
CA_1,HOBBIES_1_051,11315,5.98
CA_1,HOBBIES_1_051,11316,5.98
CA_1,HOBBIES_1_051,11317,5.98
CA_1,HOBBIES_1_051,11318,5.98
CA_1,HOBBIES_1_051,11319,5.98
CA_1,HOBBIES_1_051,11320,5.98
CA_1,HOBBIES_1_051,11321,5.98
CA_1,HOBBIES_1_051,11322,5.98
CA_1,HOBBIES_1_051,11323,5.98
CA_1,HOBBIES_1_051,11324,5.98
CA_1,HOBBIES_1_051,11325,5.98
CA_1,HOBBIES_1_051,11326,5.98
CA_1,HOBBIES_1_051,11327,5.98
CA_1,HOBBIES_1_051,11328,5.98
CA_1,HOBBIES_1_051,11329,5.98
CA_1,HOBBIES_1_051,11330,5.98
CA_1,HOBBIES_1_051,11331,5.98
CA_1,HOBBIES_1_051,11332,5.98
CA_1,HOBBIES_1_051,11333,5.98
CA_1,HOBBIES_1_051,11334,5.98
CA_1,HOBBIES_1_051,11335,5.98
CA_1,HOBBIES_1_051,11336,5.98
CA_1,HOBBIES_1_051,11337,5.98
CA_1,HOBBIES_1_051,11338,5.98
CA_1,HOBBIES_1_051,11339,5.98
CA_1,HOBBIES_1_051,11340,5.98
CA_1,HOBBIES_1_051,11341,5.98
CA_1,HOBBIES_1_051,11342,5.98
CA_1,HOBBIES_1_051,11343,5.98
CA_1,HOBBIES_1_051,11344,5.98
CA_1,HOBBIES_1_051,11345,5.98
CA_1,HOBBIES_1_051,11346,5.98
CA_1,HOBBIES_1_051,11347,5.98
CA_1,HOBBIES_1_051,11348,5.98
CA_1,HOBBIES_1_051,11349,5.98
CA_1,HOBBIES_1_051,11350,5.98
CA_1,HOBBIES_1_051,11351,5.98
CA_1,HOBBIES_1_051,11352,5.98
CA_1,HOBBIES_1_051,11353,5.98
CA_1,HOBBIES_1_051,11401,5.98
CA_1,HOBBIES_1_051,11402,5.98
CA_1,HOBBIES_1_051,11403,5.98
CA_1,HOBBIES_1_051,11404,5.98
CA_1,HOBBIES_1_051,11405,5.98
CA_1,HOBBIES_1_051,11406,5.98
CA_1,HOBBIES_1_051,11407,5.98
CA_1,HOBBIES_1_051,11408,5.98
CA_1,HOBBIES_1_051,11409,5.98
CA_1,HOBBIES_1_051,11410,5.98
CA_1,HOBBIES_1_051,11411,5.98
CA_1,HOBBIES_1_051,11412,5.98
CA_1,HOBBIES_1_051,11413,5.98
CA_1,HOBBIES_1_051,11414,5.98
CA_1,HOBBIES_1_051,11415,5.98
CA_1,HOBBIES_1_051,11416,5.98
CA_1,HOBBIES_1_051,11417,5.98
CA_1,HOBBIES_1_051,11418,5.98
CA_1,HOBBIES_1_051,11419,5.98
CA_1,HOBBIES_1_051,11420,5.98
CA_1,HOBBIES_1_051,11421,5.98
CA_1,HOBBIES_1_051,11422,5.98
CA_1,HOBBIES_1_051,11423,5.98
CA_1,HOBBIES_1_051,11424,5.98
CA_1,HOBBIES_1_051,11425,5.98
CA_1,HOBBIES_1_051,11426,5.98
CA_1,HOBBIES_1_051,11427,5.98
CA_1,HOBBIES_1_051,11428,5.98
CA_1,HOBBIES_1_051,11429,5.98
CA_1,HOBBIES_1_051,11430,5.98
CA_1,HOBBIES_1_051,11431,5.98
CA_1,HOBBIES_1_051,11432,5.98
CA_1,HOBBIES_1_051,11433,5.98
CA_1,HOBBIES_1_051,11434,5.98
CA_1,HOBBIES_1_051,11435,5.98
CA_1,HOBBIES_1_051,11436,5.98
CA_1,HOBBIES_1_051,11437,5.98
CA_1,HOBBIES_1_051,11438,5.98
CA_1,HOBBIES_1_051,11439,5.98
CA_1,HOBBIES_1_051,11440,5.98
CA_1,HOBBIES_1_051,11441,5.98
CA_1,HOBBIES_1_051,11442,5.98
CA_1,HOBBIES_1_051,11443,5.98
CA_1,HOBBIES_1_051,11444,5.98
CA_1,HOBBIES_1_051,11445,5.98
CA_1,HOBBIES_1_051,11446,5.98
CA_1,HOBBIES_1_051,11447,5.98
CA_1,HOBBIES_1_051,11448,5.98
CA_1,HOBBIES_1_051,11449,5.98
CA_1,HOBBIES_1_051,11450,5.98
CA_1,HOBBIES_1_051,11451,5.98
CA_1,HOBBIES_1_051,11452,5.98
CA_1,HOBBIES_1_051,11501,5.98
CA_1,HOBBIES_1_051,11502,5.98
CA_1,HOBBIES_1_051,11503,5.98
CA_1,HOBBIES_1_051,11504,5.98
CA_1,HOBBIES_1_051,11505,5.98
CA_1,HOBBIES_1_051,11506,5.98
CA_1,HOBBIES_1_051,11507,5.98
CA_1,HOBBIES_1_051,11508,5.98
CA_1,HOBBIES_1_051,11509,5.98
CA_1,HOBBIES_1_051,11510,5.98
CA_1,HOBBIES_1_051,11511,5.98
CA_1,HOBBIES_1_051,11512,5.98
CA_1,HOBBIES_1_051,11513,5.98
CA_1,HOBBIES_1_051,11514,5.98
CA_1,HOBBIES_1_051,11515,5.98
CA_1,HOBBIES_1_051,11516,5.98
CA_1,HOBBIES_1_051,11517,5.98
CA_1,HOBBIES_1_051,11518,5.98
CA_1,HOBBIES_1_051,11519,5.98
CA_1,HOBBIES_1_051,11520,5.98
CA_1,HOBBIES_1_051,11521,5.98
CA_1,HOBBIES_1_051,11522,5.98
CA_1,HOBBIES_1_051,11523,5.98
CA_1,HOBBIES_1_051,11524,5.98
CA_1,HOBBIES_1_051,11525,5.98
CA_1,HOBBIES_1_051,11526,5.98
CA_1,HOBBIES_1_051,11527,5.98
CA_1,HOBBIES_1_051,11528,5.98
CA_1,HOBBIES_1_051,11529,5.98
CA_1,HOBBIES_1_051,11530,5.98
CA_1,HOBBIES_1_051,11531,5.98
CA_1,HOBBIES_1_051,11532,5.98
CA_1,HOBBIES_1_051,11533,5.98
CA_1,HOBBIES_1_051,11534,5.98
CA_1,HOBBIES_1_051,11535,5.98
CA_1,HOBBIES_1_051,11536,5.98
CA_1,HOBBIES_1_051,11537,5.98
CA_1,HOBBIES_1_051,11538,5.98
CA_1,HOBBIES_1_051,11539,5.98
CA_1,HOBBIES_1_051,11540,5.98
CA_1,HOBBIES_1_051,11541,5.98
CA_1,HOBBIES_1_051,11542,5.98
CA_1,HOBBIES_1_051,11543,5.98
CA_1,HOBBIES_1_051,11544,5.98
CA_1,HOBBIES_1_051,11545,5.98
CA_1,HOBBIES_1_051,11546,5.98
CA_1,HOBBIES_1_051,11547,5.98
CA_1,HOBBIES_1_051,11548,5.98
CA_1,HOBBIES_1_051,11549,5.98
CA_1,HOBBIES_1_051,11550,5.98
CA_1,HOBBIES_1_051,11551,5.98
CA_1,HOBBIES_1_051,11552,5.98
CA_1,HOBBIES_1_051,11601,5.98
CA_1,HOBBIES_1_051,11602,5.98
CA_1,HOBBIES_1_051,11603,5.98
CA_1,HOBBIES_1_051,11604,5.98
CA_1,HOBBIES_1_051,11605,5.98
CA_1,HOBBIES_1_051,11606,5.98
CA_1,HOBBIES_1_051,11607,5.98
CA_1,HOBBIES_1_051,11608,5.98
CA_1,HOBBIES_1_051,11609,5.98
CA_1,HOBBIES_1_051,11610,5.98
CA_1,HOBBIES_1_051,11611,5.98
CA_1,HOBBIES_1_051,11612,5.98
CA_1,HOBBIES_1_051,11613,5.98
CA_1,HOBBIES_1_051,11614,5.98
CA_1,HOBBIES_1_051,11615,5.98
CA_1,HOBBIES_1_051,11616,5.98
CA_1,HOBBIES_1_051,11617,5.98
CA_1,HOBBIES_1_051,11618,5.98
CA_1,HOBBIES_1_051,11619,5.98
CA_1,HOBBIES_1_051,11620,5.98
CA_1,HOBBIES_1_051,11621,5.98
CA_1,HOBBIES_1_052,11204,5.88
CA_1,HOBBIES_1_052,11205,5.88
CA_1,HOBBIES_1_052,11206,5.88
CA_1,HOBBIES_1_052,11207,5.88
CA_1,HOBBIES_1_052,11208,5.88
CA_1,HOBBIES_1_052,11209,5.88
CA_1,HOBBIES_1_052,11210,5.88
CA_1,HOBBIES_1_052,11211,5.88
CA_1,HOBBIES_1_052,11212,5.88
CA_1,HOBBIES_1_052,11213,5.88
CA_1,HOBBIES_1_052,11214,5.88
CA_1,HOBBIES_1_052,11215,5.88
CA_1,HOBBIES_1_052,11216,5.88
CA_1,HOBBIES_1_052,11217,5.88
CA_1,HOBBIES_1_052,11218,5.88
CA_1,HOBBIES_1_052,11219,5.88
CA_1,HOBBIES_1_052,11220,5.88
CA_1,HOBBIES_1_052,11221,5.88
CA_1,HOBBIES_1_052,11222,5.88
CA_1,HOBBIES_1_052,11223,5.88
CA_1,HOBBIES_1_052,11224,5.88
CA_1,HOBBIES_1_052,11225,5.88
CA_1,HOBBIES_1_052,11226,5.88
CA_1,HOBBIES_1_052,11227,5.88
CA_1,HOBBIES_1_052,11228,5.88
CA_1,HOBBIES_1_052,11229,5.88
CA_1,HOBBIES_1_052,11230,5.88
CA_1,HOBBIES_1_052,11231,5.88
CA_1,HOBBIES_1_052,11232,5.88
CA_1,HOBBIES_1_052,11233,5.88
CA_1,HOBBIES_1_052,11234,5.88
CA_1,HOBBIES_1_052,11235,5.88
CA_1,HOBBIES_1_052,11236,5.88
CA_1,HOBBIES_1_052,11237,5.88
CA_1,HOBBIES_1_052,11238,5.88
CA_1,HOBBIES_1_052,11239,5.88
CA_1,HOBBIES_1_052,11240,5.88
CA_1,HOBBIES_1_052,11241,5.88
CA_1,HOBBIES_1_052,11242,5.88
CA_1,HOBBIES_1_052,11243,5.88
CA_1,HOBBIES_1_052,11244,5.88
CA_1,HOBBIES_1_052,11245,5.88
CA_1,HOBBIES_1_052,11246,5.88
CA_1,HOBBIES_1_052,11247,5.88
CA_1,HOBBIES_1_052,11248,5.88
CA_1,HOBBIES_1_052,11249,5.88
CA_1,HOBBIES_1_052,11250,5.88
CA_1,HOBBIES_1_052,11251,5.88
CA_1,HOBBIES_1_052,11252,5.88
CA_1,HOBBIES_1_052,11301,5.88
CA_1,HOBBIES_1_052,11302,5.88
CA_1,HOBBIES_1_052,11303,5.88
CA_1,HOBBIES_1_052,11304,5.88
CA_1,HOBBIES_1_052,11305,5.88
CA_1,HOBBIES_1_052,11306,5.88
CA_1,HOBBIES_1_052,11307,5.88
CA_1,HOBBIES_1_052,11308,5.88
CA_1,HOBBIES_1_052,11309,5.88
CA_1,HOBBIES_1_052,11310,5.88
CA_1,HOBBIES_1_052,11311,5.88
CA_1,HOBBIES_1_052,11312,5.88
CA_1,HOBBIES_1_052,11313,5.88
CA_1,HOBBIES_1_052,11314,5.88
CA_1,HOBBIES_1_052,11315,5.88
CA_1,HOBBIES_1_052,11316,5.88
CA_1,HOBBIES_1_052,11317,5.88
CA_1,HOBBIES_1_052,11318,5.88
CA_1,HOBBIES_1_052,11319,5.88
CA_1,HOBBIES_1_052,11320,5.88
CA_1,HOBBIES_1_052,11321,5.88
CA_1,HOBBIES_1_052,11322,5.88
CA_1,HOBBIES_1_052,11323,5.88
CA_1,HOBBIES_1_052,11324,5.88
CA_1,HOBBIES_1_052,11325,5.88
CA_1,HOBBIES_1_052,11326,5.88
CA_1,HOBBIES_1_052,11327,5.88
CA_1,HOBBIES_1_052,11328,5.88
CA_1,HOBBIES_1_052,11329,5.88
CA_1,HOBBIES_1_052,11330,5.88
CA_1,HOBBIES_1_052,11331,5.88
CA_1,HOBBIES_1_052,11332,5.88
CA_1,HOBBIES_1_052,11333,5.88
CA_1,HOBBIES_1_052,11334,5.88
CA_1,HOBBIES_1_052,11335,5.88
CA_1,HOBBIES_1_052,11336,5.88
CA_1,HOBBIES_1_052,11337,5.88
CA_1,HOBBIES_1_052,11338,5.88
CA_1,HOBBIES_1_052,11339,5.88
CA_1,HOBBIES_1_052,11340,5.88
CA_1,HOBBIES_1_052,11341,5.88
CA_1,HOBBIES_1_052,11342,5.88
CA_1,HOBBIES_1_052,11343,5.88
CA_1,HOBBIES_1_052,11344,5.88
CA_1,HOBBIES_1_052,11345,5.88
CA_1,HOBBIES_1_052,11346,5.88
CA_1,HOBBIES_1_052,11347,5.88
CA_1,HOBBIES_1_052,11348,5.88
CA_1,HOBBIES_1_052,11349,5.88
CA_1,HOBBIES_1_052,11350,5.88
CA_1,HOBBIES_1_052,11351,5.88
CA_1,HOBBIES_1_052,11352,5.88
CA_1,HOBBIES_1_052,11353,5.88
CA_1,HOBBIES_1_052,11401,5.88
CA_1,HOBBIES_1_052,11402,5.88
CA_1,HOBBIES_1_052,11403,5.88
CA_1,HOBBIES_1_052,11404,5.88
CA_1,HOBBIES_1_052,11405,5.88
CA_1,HOBBIES_1_052,11406,5.88
CA_1,HOBBIES_1_052,11407,5.88
CA_1,HOBBIES_1_052,11408,5.88
CA_1,HOBBIES_1_052,11409,5.88
CA_1,HOBBIES_1_052,11410,5.88
CA_1,HOBBIES_1_052,11411,5.88
CA_1,HOBBIES_1_052,11412,5.88
CA_1,HOBBIES_1_052,11413,5.88
CA_1,HOBBIES_1_052,11414,5.88
CA_1,HOBBIES_1_052,11415,5.88
CA_1,HOBBIES_1_052,11416,5.88
CA_1,HOBBIES_1_052,11417,5.88
CA_1,HOBBIES_1_052,11418,5.88
CA_1,HOBBIES_1_052,11419,5.88
CA_1,HOBBIES_1_052,11420,5.88
CA_1,HOBBIES_1_052,11421,5.88
CA_1,HOBBIES_1_052,11422,5.88
CA_1,HOBBIES_1_052,11423,5.88
CA_1,HOBBIES_1_052,11424,5.88
CA_1,HOBBIES_1_052,11425,5.88
CA_1,HOBBIES_1_052,11426,5.88
CA_1,HOBBIES_1_052,11427,5.88
CA_1,HOBBIES_1_052,11428,5.88
CA_1,HOBBIES_1_052,11429,5.88
CA_1,HOBBIES_1_052,11430,5.88
CA_1,HOBBIES_1_052,11431,5.88
CA_1,HOBBIES_1_052,11432,5.88
CA_1,HOBBIES_1_052,11433,5.88
CA_1,HOBBIES_1_052,11434,5.88
CA_1,HOBBIES_1_052,11435,5.88
CA_1,HOBBIES_1_052,11436,5.88
CA_1,HOBBIES_1_052,11437,5.88
CA_1,HOBBIES_1_052,11438,5.88
CA_1,HOBBIES_1_052,11439,5.88
CA_1,HOBBIES_1_052,11440,5.88
CA_1,HOBBIES_1_052,11441,5.88
CA_1,HOBBIES_1_052,11442,5.88
CA_1,HOBBIES_1_052,11443,5.88
CA_1,HOBBIES_1_052,11444,5.88
CA_1,HOBBIES_1_052,11445,5.88
CA_1,HOBBIES_1_052,11446,5.88
CA_1,HOBBIES_1_052,11447,5.88
CA_1,HOBBIES_1_052,11448,5.88
CA_1,HOBBIES_1_052,11449,5.88
CA_1,HOBBIES_1_052,11450,5.88
CA_1,HOBBIES_1_052,11451,5.88
CA_1,HOBBIES_1_052,11452,5.88
CA_1,HOBBIES_1_052,11501,5.88
CA_1,HOBBIES_1_052,11502,5.88
CA_1,HOBBIES_1_052,11503,5.88
CA_1,HOBBIES_1_052,11504,5.88
CA_1,HOBBIES_1_052,11505,5.88
CA_1,HOBBIES_1_052,11506,5.88
CA_1,HOBBIES_1_052,11507,5.88
CA_1,HOBBIES_1_052,11508,5.88
CA_1,HOBBIES_1_052,11509,5.88
CA_1,HOBBIES_1_052,11510,5.88
CA_1,HOBBIES_1_052,11511,5.88
CA_1,HOBBIES_1_052,11512,5.88
CA_1,HOBBIES_1_052,11513,5.88
CA_1,HOBBIES_1_052,11514,5.88
CA_1,HOBBIES_1_052,11515,5.88
CA_1,HOBBIES_1_052,11516,5.88
CA_1,HOBBIES_1_052,11517,5.88
CA_1,HOBBIES_1_052,11518,5.88
CA_1,HOBBIES_1_052,11519,5.88
CA_1,HOBBIES_1_052,11520,5.88
CA_1,HOBBIES_1_052,11521,5.88
CA_1,HOBBIES_1_052,11522,5.88
CA_1,HOBBIES_1_052,11523,5.88
CA_1,HOBBIES_1_052,11524,5.88
CA_1,HOBBIES_1_052,11525,5.88
CA_1,HOBBIES_1_052,11526,5.88
CA_1,HOBBIES_1_052,11527,5.88
CA_1,HOBBIES_1_052,11528,5.88
CA_1,HOBBIES_1_052,11529,5.88
CA_1,HOBBIES_1_052,11530,5.88
CA_1,HOBBIES_1_052,11531,5.88
CA_1,HOBBIES_1_052,11532,5.88
CA_1,HOBBIES_1_052,11533,5.88
CA_1,HOBBIES_1_052,11534,5.88
CA_1,HOBBIES_1_052,11535,5.88
CA_1,HOBBIES_1_052,11536,5.88
CA_1,HOBBIES_1_052,11537,5.88
CA_1,HOBBIES_1_052,11538,5.88
CA_1,HOBBIES_1_052,11539,5.88
CA_1,HOBBIES_1_052,11540,5.88
CA_1,HOBBIES_1_052,11541,5.88
CA_1,HOBBIES_1_052,11542,5.88
CA_1,HOBBIES_1_052,11543,5.88
CA_1,HOBBIES_1_052,11544,5.88
CA_1,HOBBIES_1_052,11545,5.88
CA_1,HOBBIES_1_052,11546,5.88
CA_1,HOBBIES_1_052,11547,5.88
CA_1,HOBBIES_1_052,11548,5.88
CA_1,HOBBIES_1_052,11549,5.88
CA_1,HOBBIES_1_052,11550,5.88
CA_1,HOBBIES_1_052,11551,5.88
CA_1,HOBBIES_1_052,11552,5.88
CA_1,HOBBIES_1_052,11601,5.88
CA_1,HOBBIES_1_052,11602,5.88
CA_1,HOBBIES_1_052,11603,5.88
CA_1,HOBBIES_1_052,11604,5.88
CA_1,HOBBIES_1_052,11605,5.88
CA_1,HOBBIES_1_052,11606,5.88
CA_1,HOBBIES_1_052,11607,5.88
CA_1,HOBBIES_1_052,11608,5.88
CA_1,HOBBIES_1_052,11609,5.88
CA_1,HOBBIES_1_052,11610,5.88
CA_1,HOBBIES_1_052,11611,5.88
CA_1,HOBBIES_1_052,11612,5.88
CA_1,HOBBIES_1_052,11613,5.88
CA_1,HOBBIES_1_052,11614,5.88
CA_1,HOBBIES_1_052,11615,5.88
CA_1,HOBBIES_1_052,11616,5.88
CA_1,HOBBIES_1_052,11617,5.88
CA_1,HOBBIES_1_052,11618,5.88
CA_1,HOBBIES_1_052,11619,5.88
CA_1,HOBBIES_1_052,11620,5.88
CA_1,HOBBIES_1_052,11621,5.88
CA_1,HOBBIES_1_053,11311,3.97
CA_1,HOBBIES_1_053,11312,3.97
CA_1,HOBBIES_1_053,11313,3.97
CA_1,HOBBIES_1_053,11314,3.97
CA_1,HOBBIES_1_053,11315,3.97
CA_1,HOBBIES_1_053,11316,3.97
CA_1,HOBBIES_1_053,11317,3.97
CA_1,HOBBIES_1_053,11318,3.97
CA_1,HOBBIES_1_053,11319,3.97
CA_1,HOBBIES_1_053,11320,3.97
CA_1,HOBBIES_1_053,11321,3.97
CA_1,HOBBIES_1_053,11322,3.97
CA_1,HOBBIES_1_053,11323,3.97
CA_1,HOBBIES_1_053,11324,3.97
CA_1,HOBBIES_1_053,11325,3.97
CA_1,HOBBIES_1_053,11326,3.97
CA_1,HOBBIES_1_053,11327,3.97
CA_1,HOBBIES_1_053,11328,3.97
CA_1,HOBBIES_1_053,11329,3.97
CA_1,HOBBIES_1_053,11330,3.97
CA_1,HOBBIES_1_053,11331,3.97
CA_1,HOBBIES_1_053,11332,3.97
CA_1,HOBBIES_1_053,11333,3.97
CA_1,HOBBIES_1_053,11334,3.97
CA_1,HOBBIES_1_053,11335,3.97
CA_1,HOBBIES_1_053,11336,3.97
CA_1,HOBBIES_1_053,11337,3.97
CA_1,HOBBIES_1_053,11338,3.97
CA_1,HOBBIES_1_053,11339,3.97
CA_1,HOBBIES_1_053,11340,3.97
CA_1,HOBBIES_1_053,11341,3.97
CA_1,HOBBIES_1_053,11342,3.97
CA_1,HOBBIES_1_053,11343,3.97
CA_1,HOBBIES_1_053,11344,3.97
CA_1,HOBBIES_1_053,11345,3.97
CA_1,HOBBIES_1_053,11346,3.97
CA_1,HOBBIES_1_053,11347,3.97
CA_1,HOBBIES_1_053,11348,3.97
CA_1,HOBBIES_1_053,11349,3.97
CA_1,HOBBIES_1_053,11350,3.97
CA_1,HOBBIES_1_053,11351,3.97
CA_1,HOBBIES_1_053,11352,3.97
CA_1,HOBBIES_1_053,11353,3.97
CA_1,HOBBIES_1_053,11401,3.97
CA_1,HOBBIES_1_053,11402,3.97
CA_1,HOBBIES_1_053,11403,3.97
CA_1,HOBBIES_1_053,11404,3.97
CA_1,HOBBIES_1_053,11405,3.97
CA_1,HOBBIES_1_053,11406,3.97
CA_1,HOBBIES_1_053,11407,3.97
CA_1,HOBBIES_1_053,11408,3.97
CA_1,HOBBIES_1_053,11409,3.97
CA_1,HOBBIES_1_053,11410,3.97
CA_1,HOBBIES_1_053,11411,3.97
CA_1,HOBBIES_1_053,11412,3.97
CA_1,HOBBIES_1_053,11413,3.97
CA_1,HOBBIES_1_053,11414,3.97
CA_1,HOBBIES_1_053,11415,3.97
CA_1,HOBBIES_1_053,11416,3.97
CA_1,HOBBIES_1_053,11417,3.97
CA_1,HOBBIES_1_053,11418,3.97
CA_1,HOBBIES_1_053,11419,3.97
CA_1,HOBBIES_1_053,11420,3.97
CA_1,HOBBIES_1_053,11421,3.97
CA_1,HOBBIES_1_053,11422,3.97
CA_1,HOBBIES_1_053,11423,3.97
CA_1,HOBBIES_1_053,11424,3.97
CA_1,HOBBIES_1_053,11425,3.97
CA_1,HOBBIES_1_053,11426,3.97
CA_1,HOBBIES_1_053,11427,3.97
CA_1,HOBBIES_1_053,11428,3.97
CA_1,HOBBIES_1_053,11429,3.97
CA_1,HOBBIES_1_053,11430,3.97
CA_1,HOBBIES_1_053,11431,3.97
CA_1,HOBBIES_1_053,11432,3.97
CA_1,HOBBIES_1_053,11433,3.97
CA_1,HOBBIES_1_053,11434,3.97
CA_1,HOBBIES_1_053,11435,3.97
CA_1,HOBBIES_1_053,11436,3.97
CA_1,HOBBIES_1_053,11437,3.97
CA_1,HOBBIES_1_053,11438,3.97
CA_1,HOBBIES_1_053,11439,3.97
CA_1,HOBBIES_1_053,11440,3.97
CA_1,HOBBIES_1_053,11441,3.97
CA_1,HOBBIES_1_053,11442,3.97
CA_1,HOBBIES_1_053,11443,3.97
CA_1,HOBBIES_1_053,11444,3.97
CA_1,HOBBIES_1_053,11445,3.97
CA_1,HOBBIES_1_053,11446,3.97
CA_1,HOBBIES_1_053,11447,3.97
CA_1,HOBBIES_1_053,11448,3.97
CA_1,HOBBIES_1_053,11449,3.97
CA_1,HOBBIES_1_053,11450,3.97
CA_1,HOBBIES_1_053,11451,3.97
CA_1,HOBBIES_1_053,11452,3.97
CA_1,HOBBIES_1_053,11501,3.97
CA_1,HOBBIES_1_053,11502,3.97
CA_1,HOBBIES_1_053,11503,3.97
CA_1,HOBBIES_1_053,11504,3.97
CA_1,HOBBIES_1_053,11505,3.97
CA_1,HOBBIES_1_053,11506,3.97
CA_1,HOBBIES_1_053,11507,3.97
CA_1,HOBBIES_1_053,11508,3.97
CA_1,HOBBIES_1_053,11509,3.97
CA_1,HOBBIES_1_053,11510,3.97
CA_1,HOBBIES_1_053,11511,3.97
CA_1,HOBBIES_1_053,11512,3.97
CA_1,HOBBIES_1_053,11513,3.97
CA_1,HOBBIES_1_053,11514,3.97
CA_1,HOBBIES_1_053,11515,3.97
CA_1,HOBBIES_1_053,11516,3.97
CA_1,HOBBIES_1_053,11517,3.97
CA_1,HOBBIES_1_053,11518,3.97
CA_1,HOBBIES_1_053,11519,3.97
CA_1,HOBBIES_1_053,11520,3.97
CA_1,HOBBIES_1_053,11521,3.97
CA_1,HOBBIES_1_053,11522,3.97
CA_1,HOBBIES_1_053,11523,3.97
CA_1,HOBBIES_1_053,11524,3.97
CA_1,HOBBIES_1_053,11525,3.97
CA_1,HOBBIES_1_053,11526,3.97
CA_1,HOBBIES_1_053,11527,3.97
CA_1,HOBBIES_1_053,11528,3.97
CA_1,HOBBIES_1_053,11529,3.97
CA_1,HOBBIES_1_053,11530,3.97
CA_1,HOBBIES_1_053,11531,3.97
CA_1,HOBBIES_1_053,11532,3.97
CA_1,HOBBIES_1_053,11533,3.97
CA_1,HOBBIES_1_053,11534,3.97
CA_1,HOBBIES_1_053,11535,3.97
CA_1,HOBBIES_1_053,11536,3.97
CA_1,HOBBIES_1_053,11537,3.97
CA_1,HOBBIES_1_053,11538,3.97
CA_1,HOBBIES_1_053,11539,3.97
CA_1,HOBBIES_1_053,11540,3.97
CA_1,HOBBIES_1_053,11541,3.97
CA_1,HOBBIES_1_053,11542,3.97
CA_1,HOBBIES_1_053,11543,3.97
CA_1,HOBBIES_1_053,11544,3.97
CA_1,HOBBIES_1_053,11545,3.97
CA_1,HOBBIES_1_053,11546,3.97
CA_1,HOBBIES_1_053,11547,3.97
CA_1,HOBBIES_1_053,11548,3.97
CA_1,HOBBIES_1_053,11549,3.97
CA_1,HOBBIES_1_053,11550,3.97
CA_1,HOBBIES_1_053,11551,3.97
CA_1,HOBBIES_1_053,11552,3.97
CA_1,HOBBIES_1_053,11601,3.97
CA_1,HOBBIES_1_053,11602,3.97
CA_1,HOBBIES_1_053,11603,3.97
CA_1,HOBBIES_1_053,11604,3.97
CA_1,HOBBIES_1_053,11605,3.97
CA_1,HOBBIES_1_053,11606,3.97
CA_1,HOBBIES_1_053,11607,3.97
CA_1,HOBBIES_1_053,11608,3.97
CA_1,HOBBIES_1_053,11609,3.97
CA_1,HOBBIES_1_053,11610,3.97
CA_1,HOBBIES_1_053,11611,3.97
CA_1,HOBBIES_1_053,11612,3.97
CA_1,HOBBIES_1_053,11613,3.97
CA_1,HOBBIES_1_053,11614,3.97
CA_1,HOBBIES_1_053,11615,3.97
CA_1,HOBBIES_1_053,11616,3.97
CA_1,HOBBIES_1_053,11617,3.97
CA_1,HOBBIES_1_053,11618,3.97
CA_1,HOBBIES_1_053,11619,3.97
CA_1,HOBBIES_1_053,11620,3.97
CA_1,HOBBIES_1_053,11621,3.97
CA_1,HOBBIES_1_054,11330,2.97
CA_1,HOBBIES_1_054,11331,2.97
CA_1,HOBBIES_1_054,11332,2.97
CA_1,HOBBIES_1_054,11333,2.97
CA_1,HOBBIES_1_054,11334,2.97
CA_1,HOBBIES_1_054,11335,2.97
CA_1,HOBBIES_1_054,11336,2.97
CA_1,HOBBIES_1_054,11337,2.97
CA_1,HOBBIES_1_054,11338,2.97
CA_1,HOBBIES_1_054,11339,2.97
CA_1,HOBBIES_1_054,11340,2.97
CA_1,HOBBIES_1_054,11341,2.97
CA_1,HOBBIES_1_054,11342,2.97
CA_1,HOBBIES_1_054,11343,2.97
CA_1,HOBBIES_1_054,11344,2.97
CA_1,HOBBIES_1_054,11345,2.97
CA_1,HOBBIES_1_054,11346,2.97
CA_1,HOBBIES_1_054,11347,2.97
CA_1,HOBBIES_1_054,11348,2.97
CA_1,HOBBIES_1_054,11349,2.97
CA_1,HOBBIES_1_054,11350,2.97
CA_1,HOBBIES_1_054,11351,2.97
CA_1,HOBBIES_1_054,11352,2.97
CA_1,HOBBIES_1_054,11353,2.97
CA_1,HOBBIES_1_054,11401,2.97
CA_1,HOBBIES_1_054,11402,2.97
CA_1,HOBBIES_1_054,11403,2.97
CA_1,HOBBIES_1_054,11404,2.97
CA_1,HOBBIES_1_054,11405,2.97
CA_1,HOBBIES_1_054,11406,2.97
CA_1,HOBBIES_1_054,11407,2.97
CA_1,HOBBIES_1_054,11408,2.97
CA_1,HOBBIES_1_054,11409,2.97
CA_1,HOBBIES_1_054,11410,2.97
CA_1,HOBBIES_1_054,11411,2.97
CA_1,HOBBIES_1_054,11412,2.97
CA_1,HOBBIES_1_054,11413,2.97
CA_1,HOBBIES_1_054,11414,2.97
CA_1,HOBBIES_1_054,11415,2.97
CA_1,HOBBIES_1_054,11416,2.97
CA_1,HOBBIES_1_054,11417,2.97
CA_1,HOBBIES_1_054,11418,2.97
CA_1,HOBBIES_1_054,11419,2.97
CA_1,HOBBIES_1_054,11420,2.97
CA_1,HOBBIES_1_054,11421,2.97
CA_1,HOBBIES_1_054,11422,2.97
CA_1,HOBBIES_1_054,11423,2.97
CA_1,HOBBIES_1_054,11424,2.97
CA_1,HOBBIES_1_054,11425,2.97
CA_1,HOBBIES_1_054,11426,2.97
CA_1,HOBBIES_1_054,11427,2.97
CA_1,HOBBIES_1_054,11428,2.97
CA_1,HOBBIES_1_054,11429,2.97
CA_1,HOBBIES_1_054,11430,2.97
CA_1,HOBBIES_1_054,11431,2.97
CA_1,HOBBIES_1_054,11432,2.97
CA_1,HOBBIES_1_054,11433,2.97
CA_1,HOBBIES_1_054,11434,2.97
CA_1,HOBBIES_1_054,11435,2.97
CA_1,HOBBIES_1_054,11436,2.97
CA_1,HOBBIES_1_054,11437,2.97
CA_1,HOBBIES_1_054,11438,2.97
CA_1,HOBBIES_1_054,11439,2.97
CA_1,HOBBIES_1_054,11440,2.97
CA_1,HOBBIES_1_054,11441,2.97
CA_1,HOBBIES_1_054,11442,2.97
CA_1,HOBBIES_1_054,11443,2.97
CA_1,HOBBIES_1_054,11444,2.97
CA_1,HOBBIES_1_054,11445,2.97
CA_1,HOBBIES_1_054,11446,2.97
CA_1,HOBBIES_1_054,11447,2.97
CA_1,HOBBIES_1_054,11448,2.97
CA_1,HOBBIES_1_054,11449,2.97
CA_1,HOBBIES_1_054,11450,2.97
CA_1,HOBBIES_1_054,11451,2.97
CA_1,HOBBIES_1_054,11452,2.97
CA_1,HOBBIES_1_054,11501,2.97
CA_1,HOBBIES_1_054,11502,2.97
CA_1,HOBBIES_1_054,11503,2.97
CA_1,HOBBIES_1_054,11504,2.97
CA_1,HOBBIES_1_054,11505,2.97
CA_1,HOBBIES_1_054,11506,2.97
CA_1,HOBBIES_1_054,11507,2.97
CA_1,HOBBIES_1_054,11508,2.97
CA_1,HOBBIES_1_054,11509,2.97
CA_1,HOBBIES_1_054,11510,2.97
CA_1,HOBBIES_1_054,11511,2.97
CA_1,HOBBIES_1_054,11512,2.97
CA_1,HOBBIES_1_054,11513,2.97
CA_1,HOBBIES_1_054,11514,2.97
CA_1,HOBBIES_1_054,11515,2.97
CA_1,HOBBIES_1_054,11516,2.97
CA_1,HOBBIES_1_054,11517,2.97
CA_1,HOBBIES_1_054,11518,2.97
CA_1,HOBBIES_1_054,11519,2.97
CA_1,HOBBIES_1_054,11520,2.97
CA_1,HOBBIES_1_054,11521,2.97
CA_1,HOBBIES_1_054,11522,2.97
CA_1,HOBBIES_1_054,11523,2.97
CA_1,HOBBIES_1_054,11524,2.97
CA_1,HOBBIES_1_054,11525,2.97
CA_1,HOBBIES_1_054,11526,2.97
CA_1,HOBBIES_1_054,11527,2.97
CA_1,HOBBIES_1_054,11528,2.97
CA_1,HOBBIES_1_054,11529,2.97
CA_1,HOBBIES_1_054,11530,2.97
CA_1,HOBBIES_1_054,11531,2.97
CA_1,HOBBIES_1_054,11532,2.97
CA_1,HOBBIES_1_054,11533,2.97
CA_1,HOBBIES_1_054,11534,2.97
CA_1,HOBBIES_1_054,11535,2.97
CA_1,HOBBIES_1_054,11536,2.97
CA_1,HOBBIES_1_054,11537,2.97
CA_1,HOBBIES_1_054,11538,2.97
CA_1,HOBBIES_1_054,11539,2.97
CA_1,HOBBIES_1_054,11540,2.97
CA_1,HOBBIES_1_054,11541,2.97
CA_1,HOBBIES_1_054,11542,2.97
CA_1,HOBBIES_1_054,11543,2.97
CA_1,HOBBIES_1_054,11544,2.97
CA_1,HOBBIES_1_054,11545,2.97
CA_1,HOBBIES_1_054,11546,2.97
CA_1,HOBBIES_1_054,11547,2.97
CA_1,HOBBIES_1_054,11548,2.97
CA_1,HOBBIES_1_054,11549,2.97
CA_1,HOBBIES_1_054,11550,2.97
CA_1,HOBBIES_1_054,11551,2.97
CA_1,HOBBIES_1_054,11552,2.97
CA_1,HOBBIES_1_054,11601,2.97
CA_1,HOBBIES_1_054,11602,2.97
CA_1,HOBBIES_1_054,11603,2.97
CA_1,HOBBIES_1_054,11604,2.97
CA_1,HOBBIES_1_054,11605,2.97
CA_1,HOBBIES_1_054,11606,2.97
CA_1,HOBBIES_1_054,11607,2.97
CA_1,HOBBIES_1_054,11608,2.97
CA_1,HOBBIES_1_054,11609,2.97
CA_1,HOBBIES_1_054,11610,2.97
CA_1,HOBBIES_1_054,11611,2.97
CA_1,HOBBIES_1_054,11612,2.97
CA_1,HOBBIES_1_054,11613,2.97
CA_1,HOBBIES_1_054,11614,2.97
CA_1,HOBBIES_1_054,11615,2.97
CA_1,HOBBIES_1_054,11616,2.97
CA_1,HOBBIES_1_054,11617,2.97
CA_1,HOBBIES_1_054,11618,2.97
CA_1,HOBBIES_1_054,11619,2.97
CA_1,HOBBIES_1_054,11620,2.97
CA_1,HOBBIES_1_054,11621,2.97
CA_1,HOBBIES_1_055,11101,7.44
CA_1,HOBBIES_1_055,11102,7.44
CA_1,HOBBIES_1_055,11103,7.44
CA_1,HOBBIES_1_055,11104,7.44
CA_1,HOBBIES_1_055,11105,7.44
CA_1,HOBBIES_1_055,11106,7.44
CA_1,HOBBIES_1_055,11107,7.44
CA_1,HOBBIES_1_055,11108,7.44
CA_1,HOBBIES_1_055,11109,7.44
CA_1,HOBBIES_1_055,11110,7.44
CA_1,HOBBIES_1_055,11111,7.44
CA_1,HOBBIES_1_055,11112,7.44
CA_1,HOBBIES_1_055,11113,7.44
CA_1,HOBBIES_1_055,11114,7.44
CA_1,HOBBIES_1_055,11115,7.44
CA_1,HOBBIES_1_055,11116,7.44
CA_1,HOBBIES_1_055,11117,7.44
CA_1,HOBBIES_1_055,11118,7.44
CA_1,HOBBIES_1_055,11119,7.44
CA_1,HOBBIES_1_055,11120,7.44
CA_1,HOBBIES_1_055,11121,7.44
CA_1,HOBBIES_1_055,11122,7.44
CA_1,HOBBIES_1_055,11123,7.44
CA_1,HOBBIES_1_055,11124,7.44
CA_1,HOBBIES_1_055,11125,7.44
CA_1,HOBBIES_1_055,11126,7.44
CA_1,HOBBIES_1_055,11127,7.44
CA_1,HOBBIES_1_055,11128,7.44
CA_1,HOBBIES_1_055,11129,7.44
CA_1,HOBBIES_1_055,11130,7.44
CA_1,HOBBIES_1_055,11131,7.44
CA_1,HOBBIES_1_055,11132,7.44
CA_1,HOBBIES_1_055,11133,7.44
CA_1,HOBBIES_1_055,11134,7.44
CA_1,HOBBIES_1_055,11135,7.44
CA_1,HOBBIES_1_055,11136,7.44
CA_1,HOBBIES_1_055,11137,7.44
CA_1,HOBBIES_1_055,11138,7.44
CA_1,HOBBIES_1_055,11139,7.44
CA_1,HOBBIES_1_055,11140,7.44
CA_1,HOBBIES_1_055,11141,7.44
CA_1,HOBBIES_1_055,11142,7.44
CA_1,HOBBIES_1_055,11143,7.44
CA_1,HOBBIES_1_055,11144,7.44
CA_1,HOBBIES_1_055,11145,7.44
CA_1,HOBBIES_1_055,11146,7.44
CA_1,HOBBIES_1_055,11147,7.44
CA_1,HOBBIES_1_055,11148,7.44
CA_1,HOBBIES_1_055,11149,7.44
CA_1,HOBBIES_1_055,11150,7.44
CA_1,HOBBIES_1_055,11151,7.44
CA_1,HOBBIES_1_055,11152,7.44
CA_1,HOBBIES_1_055,11201,7.44
CA_1,HOBBIES_1_055,11202,7.44
CA_1,HOBBIES_1_055,11203,7.44
CA_1,HOBBIES_1_055,11204,7.44
CA_1,HOBBIES_1_055,11205,7.44
CA_1,HOBBIES_1_055,11206,7.44
CA_1,HOBBIES_1_055,11207,7.44
CA_1,HOBBIES_1_055,11208,7.44
CA_1,HOBBIES_1_055,11209,7.44
CA_1,HOBBIES_1_055,11210,7.44
CA_1,HOBBIES_1_055,11211,7.44
CA_1,HOBBIES_1_055,11212,7.44
CA_1,HOBBIES_1_055,11213,7.44
CA_1,HOBBIES_1_055,11214,7.44
CA_1,HOBBIES_1_055,11215,7.44
CA_1,HOBBIES_1_055,11216,7.44
CA_1,HOBBIES_1_055,11217,7.44
CA_1,HOBBIES_1_055,11218,7.44
CA_1,HOBBIES_1_055,11219,7.44
CA_1,HOBBIES_1_055,11220,7.44
CA_1,HOBBIES_1_055,11221,7.44
CA_1,HOBBIES_1_055,11222,7.44
CA_1,HOBBIES_1_055,11223,7.44
CA_1,HOBBIES_1_055,11224,7.44
CA_1,HOBBIES_1_055,11225,7.44
CA_1,HOBBIES_1_055,11226,7.44
CA_1,HOBBIES_1_055,11227,7.44
CA_1,HOBBIES_1_055,11228,7.44
CA_1,HOBBIES_1_055,11229,7.44
CA_1,HOBBIES_1_055,11230,7.44
CA_1,HOBBIES_1_055,11231,7.44
CA_1,HOBBIES_1_055,11232,7.44
CA_1,HOBBIES_1_055,11233,7.44
CA_1,HOBBIES_1_055,11234,7.44
CA_1,HOBBIES_1_055,11235,7.44
CA_1,HOBBIES_1_055,11236,7.44
CA_1,HOBBIES_1_055,11237,7.44
CA_1,HOBBIES_1_055,11238,7.44
CA_1,HOBBIES_1_055,11239,7.44
CA_1,HOBBIES_1_055,11240,7.44
CA_1,HOBBIES_1_055,11241,7.44
CA_1,HOBBIES_1_055,11242,7.44
CA_1,HOBBIES_1_055,11243,7.44
CA_1,HOBBIES_1_055,11244,7.44
CA_1,HOBBIES_1_055,11245,7.44
CA_1,HOBBIES_1_055,11246,7.44
CA_1,HOBBIES_1_055,11247,7.44
CA_1,HOBBIES_1_055,11248,7.44
CA_1,HOBBIES_1_055,11249,7.44
CA_1,HOBBIES_1_055,11250,7.44
CA_1,HOBBIES_1_055,11251,7.44
CA_1,HOBBIES_1_055,11252,7.44
CA_1,HOBBIES_1_055,11301,7.44
CA_1,HOBBIES_1_055,11302,7.44
CA_1,HOBBIES_1_055,11303,7.44
CA_1,HOBBIES_1_055,11304,7.44
CA_1,HOBBIES_1_055,11305,8.98
CA_1,HOBBIES_1_055,11306,8.98
CA_1,HOBBIES_1_055,11307,8.98
CA_1,HOBBIES_1_055,11308,8.98
CA_1,HOBBIES_1_055,11309,8.98
CA_1,HOBBIES_1_055,11310,8.98
CA_1,HOBBIES_1_055,11311,8.98
CA_1,HOBBIES_1_055,11312,8.98
CA_1,HOBBIES_1_055,11313,8.98
CA_1,HOBBIES_1_055,11314,8.98
CA_1,HOBBIES_1_055,11315,8.98
CA_1,HOBBIES_1_055,11316,8.98
CA_1,HOBBIES_1_055,11317,8.98
CA_1,HOBBIES_1_055,11318,8.98
CA_1,HOBBIES_1_055,11319,8.98
CA_1,HOBBIES_1_055,11320,8.98
CA_1,HOBBIES_1_055,11321,8.98
CA_1,HOBBIES_1_055,11322,8.98
CA_1,HOBBIES_1_055,11323,8.98
CA_1,HOBBIES_1_055,11324,8.98
CA_1,HOBBIES_1_055,11325,8.98
CA_1,HOBBIES_1_055,11326,8.98
CA_1,HOBBIES_1_055,11327,8.98
CA_1,HOBBIES_1_055,11328,8.98
CA_1,HOBBIES_1_055,11329,8.98
CA_1,HOBBIES_1_055,11330,8.98
CA_1,HOBBIES_1_055,11331,8.98
CA_1,HOBBIES_1_055,11332,8.98
CA_1,HOBBIES_1_055,11333,8.98
CA_1,HOBBIES_1_055,11334,8.98
CA_1,HOBBIES_1_055,11335,8.98
CA_1,HOBBIES_1_055,11336,8.98
CA_1,HOBBIES_1_055,11337,8.98
CA_1,HOBBIES_1_055,11338,8.98
CA_1,HOBBIES_1_055,11339,8.98
CA_1,HOBBIES_1_055,11340,8.98
CA_1,HOBBIES_1_055,11341,8.98
CA_1,HOBBIES_1_055,11342,8.98
CA_1,HOBBIES_1_055,11343,8.98
CA_1,HOBBIES_1_055,11344,8.98
CA_1,HOBBIES_1_055,11345,8.98
CA_1,HOBBIES_1_055,11346,8.98
CA_1,HOBBIES_1_055,11347,8.98
CA_1,HOBBIES_1_055,11348,8.98
CA_1,HOBBIES_1_055,11349,8.98
CA_1,HOBBIES_1_055,11350,8.98
CA_1,HOBBIES_1_055,11351,8.98
CA_1,HOBBIES_1_055,11352,8.98
CA_1,HOBBIES_1_055,11353,8.98
CA_1,HOBBIES_1_055,11401,8.98
CA_1,HOBBIES_1_055,11402,8.98
CA_1,HOBBIES_1_055,11403,8.98
CA_1,HOBBIES_1_055,11404,8.98
CA_1,HOBBIES_1_055,11405,8.98
CA_1,HOBBIES_1_055,11406,8.98
CA_1,HOBBIES_1_055,11407,8.98
CA_1,HOBBIES_1_055,11408,8.98
CA_1,HOBBIES_1_055,11409,7.98
CA_1,HOBBIES_1_055,11410,7.98
CA_1,HOBBIES_1_055,11411,7.98
CA_1,HOBBIES_1_055,11412,7.98
CA_1,HOBBIES_1_055,11413,7.98
CA_1,HOBBIES_1_055,11414,7.98
CA_1,HOBBIES_1_055,11415,7.98
CA_1,HOBBIES_1_055,11416,7.98
CA_1,HOBBIES_1_055,11417,7.98
CA_1,HOBBIES_1_055,11418,7.98
CA_1,HOBBIES_1_055,11419,7.98
CA_1,HOBBIES_1_055,11420,7.98
CA_1,HOBBIES_1_055,11421,7.98
CA_1,HOBBIES_1_055,11422,7.98
CA_1,HOBBIES_1_055,11423,7.98
CA_1,HOBBIES_1_055,11424,7.98
CA_1,HOBBIES_1_055,11425,8.98
CA_1,HOBBIES_1_055,11426,8.98
CA_1,HOBBIES_1_055,11427,8.98
CA_1,HOBBIES_1_055,11428,8.98
CA_1,HOBBIES_1_055,11429,8.98
CA_1,HOBBIES_1_055,11430,8.98
CA_1,HOBBIES_1_055,11431,8.98
CA_1,HOBBIES_1_055,11432,8.98
CA_1,HOBBIES_1_055,11433,8.98
CA_1,HOBBIES_1_055,11434,8.98
CA_1,HOBBIES_1_055,11435,8.98
CA_1,HOBBIES_1_055,11436,8.98
CA_1,HOBBIES_1_055,11437,8.98
CA_1,HOBBIES_1_055,11438,8.98
CA_1,HOBBIES_1_055,11439,8.98
CA_1,HOBBIES_1_055,11440,8.98
CA_1,HOBBIES_1_055,11441,8.98
CA_1,HOBBIES_1_055,11442,8.98
CA_1,HOBBIES_1_055,11443,8.98
CA_1,HOBBIES_1_055,11444,8.98
CA_1,HOBBIES_1_055,11445,8.98
CA_1,HOBBIES_1_055,11446,8.98
CA_1,HOBBIES_1_055,11447,8.98
CA_1,HOBBIES_1_055,11448,8.98
CA_1,HOBBIES_1_055,11449,8.98
CA_1,HOBBIES_1_055,11450,8.98
CA_1,HOBBIES_1_055,11451,8.98
CA_1,HOBBIES_1_055,11452,8.98
CA_1,HOBBIES_1_055,11501,8.98
CA_1,HOBBIES_1_055,11502,8.98
CA_1,HOBBIES_1_055,11503,8.98
CA_1,HOBBIES_1_055,11504,8.98
CA_1,HOBBIES_1_055,11505,8.98
CA_1,HOBBIES_1_055,11506,8.98
CA_1,HOBBIES_1_055,11507,8.98
CA_1,HOBBIES_1_055,11508,8.98
CA_1,HOBBIES_1_055,11509,8.98
CA_1,HOBBIES_1_055,11510,8.98
CA_1,HOBBIES_1_055,11511,8.98
CA_1,HOBBIES_1_055,11512,8.98
CA_1,HOBBIES_1_055,11513,8.98
CA_1,HOBBIES_1_055,11514,8.98
CA_1,HOBBIES_1_055,11515,8.98
CA_1,HOBBIES_1_055,11516,8.98
CA_1,HOBBIES_1_055,11517,8.98
CA_1,HOBBIES_1_055,11518,8.98
CA_1,HOBBIES_1_055,11519,8.98
CA_1,HOBBIES_1_055,11520,8.98
CA_1,HOBBIES_1_055,11521,8.98
CA_1,HOBBIES_1_055,11522,8.98
CA_1,HOBBIES_1_055,11523,8.98
CA_1,HOBBIES_1_055,11524,8.98
CA_1,HOBBIES_1_055,11525,8.98
CA_1,HOBBIES_1_055,11526,8.98
CA_1,HOBBIES_1_055,11527,8.98
CA_1,HOBBIES_1_055,11528,8.98
CA_1,HOBBIES_1_055,11529,8.98
CA_1,HOBBIES_1_055,11530,8.98
CA_1,HOBBIES_1_055,11531,8.98
CA_1,HOBBIES_1_055,11532,8.98
CA_1,HOBBIES_1_055,11533,8.98
CA_1,HOBBIES_1_055,11534,8.98
CA_1,HOBBIES_1_055,11535,8.98
CA_1,HOBBIES_1_055,11536,8.98
CA_1,HOBBIES_1_055,11537,8.98
CA_1,HOBBIES_1_055,11538,8.98
CA_1,HOBBIES_1_055,11539,8.98
CA_1,HOBBIES_1_055,11540,8.98
CA_1,HOBBIES_1_055,11541,8.98
CA_1,HOBBIES_1_055,11542,8.98
CA_1,HOBBIES_1_055,11543,8.98
CA_1,HOBBIES_1_055,11544,8.98
CA_1,HOBBIES_1_055,11545,8.98
CA_1,HOBBIES_1_055,11546,8.98
CA_1,HOBBIES_1_055,11547,8.98
CA_1,HOBBIES_1_055,11548,8.98
CA_1,HOBBIES_1_055,11549,8.98
CA_1,HOBBIES_1_055,11550,8.98
CA_1,HOBBIES_1_055,11551,8.98
CA_1,HOBBIES_1_055,11552,8.98
CA_1,HOBBIES_1_055,11601,8.98
CA_1,HOBBIES_1_055,11602,8.98
CA_1,HOBBIES_1_055,11603,8.98
CA_1,HOBBIES_1_055,11604,8.98
CA_1,HOBBIES_1_055,11605,8.98
CA_1,HOBBIES_1_055,11606,8.98
CA_1,HOBBIES_1_055,11607,8.98
CA_1,HOBBIES_1_055,11608,8.98
CA_1,HOBBIES_1_055,11609,8.98
CA_1,HOBBIES_1_055,11610,8.98
CA_1,HOBBIES_1_055,11611,8.98
CA_1,HOBBIES_1_055,11612,8.98
CA_1,HOBBIES_1_055,11613,8.98
CA_1,HOBBIES_1_055,11614,8.98
CA_1,HOBBIES_1_055,11615,8.98
CA_1,HOBBIES_1_055,11616,8.98
CA_1,HOBBIES_1_055,11617,8.98
CA_1,HOBBIES_1_055,11618,8.98
CA_1,HOBBIES_1_055,11619,8.98
CA_1,HOBBIES_1_055,11620,8.98
CA_1,HOBBIES_1_055,11621,8.98
CA_1,HOBBIES_1_056,11305,0.94
CA_1,HOBBIES_1_056,11306,0.94
CA_1,HOBBIES_1_056,11307,0.94
CA_1,HOBBIES_1_056,11308,0.94
CA_1,HOBBIES_1_056,11309,0.94
CA_1,HOBBIES_1_056,11310,0.94
CA_1,HOBBIES_1_056,11311,0.94
CA_1,HOBBIES_1_056,11312,0.94
CA_1,HOBBIES_1_056,11313,0.94
CA_1,HOBBIES_1_056,11314,0.94
CA_1,HOBBIES_1_056,11315,0.94
CA_1,HOBBIES_1_056,11316,0.94
CA_1,HOBBIES_1_056,11317,0.94
CA_1,HOBBIES_1_056,11318,0.94
CA_1,HOBBIES_1_056,11319,0.94
CA_1,HOBBIES_1_056,11320,0.94
CA_1,HOBBIES_1_056,11321,0.94
CA_1,HOBBIES_1_056,11322,0.94
CA_1,HOBBIES_1_056,11323,0.94
CA_1,HOBBIES_1_056,11324,0.94
CA_1,HOBBIES_1_056,11325,0.94
CA_1,HOBBIES_1_056,11326,0.94
CA_1,HOBBIES_1_056,11327,0.94
CA_1,HOBBIES_1_056,11328,0.94
CA_1,HOBBIES_1_056,11329,0.94
CA_1,HOBBIES_1_056,11330,0.94
CA_1,HOBBIES_1_056,11331,0.94
CA_1,HOBBIES_1_056,11332,0.94
CA_1,HOBBIES_1_056,11333,0.94
CA_1,HOBBIES_1_056,11334,0.94
CA_1,HOBBIES_1_056,11335,0.94
CA_1,HOBBIES_1_056,11336,0.94
CA_1,HOBBIES_1_056,11337,0.94
CA_1,HOBBIES_1_056,11338,0.94
CA_1,HOBBIES_1_056,11339,0.94
CA_1,HOBBIES_1_056,11340,0.94
CA_1,HOBBIES_1_056,11341,0.94
CA_1,HOBBIES_1_056,11342,0.94
CA_1,HOBBIES_1_056,11343,0.94
CA_1,HOBBIES_1_056,11344,0.94
CA_1,HOBBIES_1_056,11345,0.94
CA_1,HOBBIES_1_056,11346,0.94
CA_1,HOBBIES_1_056,11347,0.94
CA_1,HOBBIES_1_056,11348,0.94
CA_1,HOBBIES_1_056,11349,0.94
CA_1,HOBBIES_1_056,11350,0.94
CA_1,HOBBIES_1_056,11351,0.94
CA_1,HOBBIES_1_056,11352,0.94
CA_1,HOBBIES_1_056,11353,0.94
CA_1,HOBBIES_1_056,11401,0.94
CA_1,HOBBIES_1_056,11402,0.94
CA_1,HOBBIES_1_056,11403,0.94
CA_1,HOBBIES_1_056,11404,0.94
CA_1,HOBBIES_1_056,11405,0.94
CA_1,HOBBIES_1_056,11406,0.94
CA_1,HOBBIES_1_056,11407,0.94
CA_1,HOBBIES_1_056,11408,0.94
CA_1,HOBBIES_1_056,11409,0.94
CA_1,HOBBIES_1_056,11410,0.94
CA_1,HOBBIES_1_056,11411,0.94
CA_1,HOBBIES_1_056,11412,0.94
CA_1,HOBBIES_1_056,11413,0.94
CA_1,HOBBIES_1_056,11414,0.94
CA_1,HOBBIES_1_056,11415,0.94
CA_1,HOBBIES_1_056,11416,0.94
CA_1,HOBBIES_1_056,11417,0.94
CA_1,HOBBIES_1_056,11418,0.94
CA_1,HOBBIES_1_056,11419,0.94
CA_1,HOBBIES_1_056,11420,0.94
CA_1,HOBBIES_1_056,11421,0.94
CA_1,HOBBIES_1_056,11422,0.94
CA_1,HOBBIES_1_056,11423,0.94
CA_1,HOBBIES_1_056,11424,0.94
CA_1,HOBBIES_1_056,11425,0.94
CA_1,HOBBIES_1_056,11426,0.94
CA_1,HOBBIES_1_056,11427,0.94
CA_1,HOBBIES_1_056,11428,0.94
CA_1,HOBBIES_1_056,11429,0.94
CA_1,HOBBIES_1_056,11430,0.94
CA_1,HOBBIES_1_056,11431,0.94
CA_1,HOBBIES_1_056,11432,0.94
CA_1,HOBBIES_1_056,11433,0.94
CA_1,HOBBIES_1_056,11434,0.94
CA_1,HOBBIES_1_056,11435,0.94
CA_1,HOBBIES_1_056,11436,0.94
CA_1,HOBBIES_1_056,11437,0.94
CA_1,HOBBIES_1_056,11438,0.94
CA_1,HOBBIES_1_056,11439,0.94
CA_1,HOBBIES_1_056,11440,0.94
CA_1,HOBBIES_1_056,11441,0.94
CA_1,HOBBIES_1_056,11442,0.94
CA_1,HOBBIES_1_056,11443,0.94
CA_1,HOBBIES_1_056,11444,0.94
CA_1,HOBBIES_1_056,11445,0.94
CA_1,HOBBIES_1_056,11446,0.94
CA_1,HOBBIES_1_056,11447,0.94
CA_1,HOBBIES_1_056,11448,0.94
CA_1,HOBBIES_1_056,11449,0.94
CA_1,HOBBIES_1_056,11450,0.94
CA_1,HOBBIES_1_056,11451,0.94
CA_1,HOBBIES_1_056,11452,0.94
CA_1,HOBBIES_1_056,11501,0.94
CA_1,HOBBIES_1_056,11502,0.94
CA_1,HOBBIES_1_056,11503,0.94
CA_1,HOBBIES_1_056,11504,0.94
CA_1,HOBBIES_1_056,11505,0.94
CA_1,HOBBIES_1_056,11506,0.94
CA_1,HOBBIES_1_056,11507,0.94
CA_1,HOBBIES_1_056,11508,0.94
CA_1,HOBBIES_1_056,11509,0.94
CA_1,HOBBIES_1_056,11510,0.94
CA_1,HOBBIES_1_056,11511,0.94
CA_1,HOBBIES_1_056,11512,0.94
CA_1,HOBBIES_1_056,11513,0.94
CA_1,HOBBIES_1_056,11514,0.94
CA_1,HOBBIES_1_056,11515,0.94
CA_1,HOBBIES_1_056,11516,0.94
CA_1,HOBBIES_1_056,11517,0.94
CA_1,HOBBIES_1_056,11518,0.94
CA_1,HOBBIES_1_056,11519,0.94
CA_1,HOBBIES_1_056,11520,0.94
CA_1,HOBBIES_1_056,11521,0.94
CA_1,HOBBIES_1_056,11522,0.94
CA_1,HOBBIES_1_056,11523,0.94
CA_1,HOBBIES_1_056,11524,0.94
CA_1,HOBBIES_1_056,11525,0.94
CA_1,HOBBIES_1_056,11526,0.94
CA_1,HOBBIES_1_056,11527,0.94
CA_1,HOBBIES_1_056,11528,0.94
CA_1,HOBBIES_1_056,11529,0.94
CA_1,HOBBIES_1_056,11530,0.94
CA_1,HOBBIES_1_056,11531,0.94
CA_1,HOBBIES_1_056,11532,0.94
CA_1,HOBBIES_1_056,11533,0.94
CA_1,HOBBIES_1_056,11534,0.94
CA_1,HOBBIES_1_056,11535,0.94
CA_1,HOBBIES_1_056,11536,0.94
CA_1,HOBBIES_1_056,11537,0.94
CA_1,HOBBIES_1_056,11538,0.94
CA_1,HOBBIES_1_056,11539,0.94
CA_1,HOBBIES_1_056,11540,0.94
CA_1,HOBBIES_1_056,11541,0.94
CA_1,HOBBIES_1_056,11542,0.94
CA_1,HOBBIES_1_056,11543,0.94
CA_1,HOBBIES_1_056,11544,0.94
CA_1,HOBBIES_1_056,11545,0.94
CA_1,HOBBIES_1_056,11546,0.94
CA_1,HOBBIES_1_056,11547,0.94
CA_1,HOBBIES_1_056,11548,0.94
CA_1,HOBBIES_1_056,11549,0.94
CA_1,HOBBIES_1_056,11550,0.94
CA_1,HOBBIES_1_056,11551,0.94
CA_1,HOBBIES_1_056,11552,0.94
CA_1,HOBBIES_1_056,11601,0.94
CA_1,HOBBIES_1_056,11602,0.94
CA_1,HOBBIES_1_056,11603,0.94
CA_1,HOBBIES_1_056,11604,0.94
CA_1,HOBBIES_1_056,11605,0.94
CA_1,HOBBIES_1_056,11606,0.94
CA_1,HOBBIES_1_056,11607,0.94
CA_1,HOBBIES_1_056,11608,0.94
CA_1,HOBBIES_1_056,11609,0.94
CA_1,HOBBIES_1_056,11610,0.94
CA_1,HOBBIES_1_056,11611,0.94
CA_1,HOBBIES_1_056,11612,0.94
CA_1,HOBBIES_1_056,11613,0.94
CA_1,HOBBIES_1_056,11614,0.94
CA_1,HOBBIES_1_056,11615,0.94
CA_1,HOBBIES_1_056,11616,0.94
CA_1,HOBBIES_1_056,11617,0.94
CA_1,HOBBIES_1_056,11618,0.94
CA_1,HOBBIES_1_056,11619,0.94
CA_1,HOBBIES_1_056,11620,0.94
CA_1,HOBBIES_1_056,11621,0.94
CA_1,HOBBIES_1_057,11223,4.48
CA_1,HOBBIES_1_057,11224,4.48
CA_1,HOBBIES_1_057,11225,4.48
CA_1,HOBBIES_1_057,11226,4.48
CA_1,HOBBIES_1_057,11227,4.48
CA_1,HOBBIES_1_057,11228,4.48
CA_1,HOBBIES_1_057,11229,4.48
CA_1,HOBBIES_1_057,11230,4.48
CA_1,HOBBIES_1_057,11231,4.48
CA_1,HOBBIES_1_057,11232,4.48
CA_1,HOBBIES_1_057,11233,4.48
CA_1,HOBBIES_1_057,11234,4.48
CA_1,HOBBIES_1_057,11235,4.48
CA_1,HOBBIES_1_057,11236,4.48
CA_1,HOBBIES_1_057,11237,4.48
CA_1,HOBBIES_1_057,11238,4.48
CA_1,HOBBIES_1_057,11239,4.48
CA_1,HOBBIES_1_057,11240,4.48
CA_1,HOBBIES_1_057,11241,4.48
CA_1,HOBBIES_1_057,11242,4.48
CA_1,HOBBIES_1_057,11243,4.48
CA_1,HOBBIES_1_057,11244,4.48
CA_1,HOBBIES_1_057,11245,4.48
CA_1,HOBBIES_1_057,11246,4.88
CA_1,HOBBIES_1_057,11247,4.88
CA_1,HOBBIES_1_057,11248,4.88
CA_1,HOBBIES_1_057,11249,4.88
CA_1,HOBBIES_1_057,11250,4.88
CA_1,HOBBIES_1_057,11251,4.88
CA_1,HOBBIES_1_057,11252,4.88
CA_1,HOBBIES_1_057,11301,4.88
CA_1,HOBBIES_1_057,11302,4.88
CA_1,HOBBIES_1_057,11303,4.88
CA_1,HOBBIES_1_057,11304,4.88
CA_1,HOBBIES_1_057,11305,4.88
CA_1,HOBBIES_1_057,11306,4.88
CA_1,HOBBIES_1_057,11307,4.88
CA_1,HOBBIES_1_057,11308,4.88
CA_1,HOBBIES_1_057,11309,4.88
CA_1,HOBBIES_1_057,11310,4.88
CA_1,HOBBIES_1_057,11311,4.88
CA_1,HOBBIES_1_057,11312,4.88
CA_1,HOBBIES_1_057,11313,4.88
CA_1,HOBBIES_1_057,11314,4.88
CA_1,HOBBIES_1_057,11315,4.88
CA_1,HOBBIES_1_057,11316,4.88
CA_1,HOBBIES_1_057,11317,4.88
CA_1,HOBBIES_1_057,11318,4.88
CA_1,HOBBIES_1_057,11319,4.88
CA_1,HOBBIES_1_057,11320,4.88
CA_1,HOBBIES_1_057,11321,4.88
CA_1,HOBBIES_1_057,11322,4.88
CA_1,HOBBIES_1_057,11323,4.88
CA_1,HOBBIES_1_057,11324,4.88
CA_1,HOBBIES_1_057,11325,4.88
CA_1,HOBBIES_1_057,11326,4.88
CA_1,HOBBIES_1_057,11327,4.88
CA_1,HOBBIES_1_057,11328,4.88
CA_1,HOBBIES_1_057,11329,4.88
CA_1,HOBBIES_1_057,11330,4.88
CA_1,HOBBIES_1_057,11331,4.88
CA_1,HOBBIES_1_057,11332,4.88
CA_1,HOBBIES_1_057,11333,4.88
CA_1,HOBBIES_1_057,11334,4.88
CA_1,HOBBIES_1_057,11335,4.88
CA_1,HOBBIES_1_057,11336,4.88
CA_1,HOBBIES_1_057,11337,4.88
CA_1,HOBBIES_1_057,11338,4.88
CA_1,HOBBIES_1_057,11339,4.88
CA_1,HOBBIES_1_057,11340,4.88
CA_1,HOBBIES_1_057,11341,4.88
CA_1,HOBBIES_1_057,11342,4.88
CA_1,HOBBIES_1_057,11343,4.88
CA_1,HOBBIES_1_057,11344,4.88
CA_1,HOBBIES_1_057,11345,4.88
CA_1,HOBBIES_1_057,11346,4.88
CA_1,HOBBIES_1_057,11347,4.88
CA_1,HOBBIES_1_057,11348,4.88
CA_1,HOBBIES_1_057,11349,4.88
CA_1,HOBBIES_1_057,11350,4.88
CA_1,HOBBIES_1_057,11351,4.88
CA_1,HOBBIES_1_057,11352,4.88
CA_1,HOBBIES_1_057,11353,4.88
CA_1,HOBBIES_1_057,11401,4.88
CA_1,HOBBIES_1_057,11402,4.88
CA_1,HOBBIES_1_057,11403,4.88
CA_1,HOBBIES_1_057,11404,4.88
CA_1,HOBBIES_1_057,11405,4.88
CA_1,HOBBIES_1_057,11406,4.88
CA_1,HOBBIES_1_057,11407,4.88
CA_1,HOBBIES_1_057,11408,4.88
CA_1,HOBBIES_1_057,11409,4.88
CA_1,HOBBIES_1_057,11410,4.88
CA_1,HOBBIES_1_057,11411,4.88
CA_1,HOBBIES_1_057,11412,4.88
CA_1,HOBBIES_1_057,11413,4.88
CA_1,HOBBIES_1_057,11414,4.88
CA_1,HOBBIES_1_057,11415,4.88
CA_1,HOBBIES_1_057,11416,4.88
CA_1,HOBBIES_1_057,11417,4.88
CA_1,HOBBIES_1_057,11418,4.88
CA_1,HOBBIES_1_057,11419,4.88
CA_1,HOBBIES_1_057,11420,4.88
CA_1,HOBBIES_1_057,11421,4.88
CA_1,HOBBIES_1_057,11422,4.88
CA_1,HOBBIES_1_057,11423,4.88
CA_1,HOBBIES_1_057,11424,4.88
CA_1,HOBBIES_1_057,11425,4.88
CA_1,HOBBIES_1_057,11426,4.88
CA_1,HOBBIES_1_057,11427,4.88
CA_1,HOBBIES_1_057,11428,4.88
CA_1,HOBBIES_1_057,11429,4.88
CA_1,HOBBIES_1_057,11430,4.88
CA_1,HOBBIES_1_057,11431,4.88
CA_1,HOBBIES_1_057,11432,4.88
CA_1,HOBBIES_1_057,11433,4.88
CA_1,HOBBIES_1_057,11434,4.88
CA_1,HOBBIES_1_057,11435,4.88
CA_1,HOBBIES_1_057,11436,4.88
CA_1,HOBBIES_1_057,11437,4.88
CA_1,HOBBIES_1_057,11438,4.88
CA_1,HOBBIES_1_057,11439,4.88
CA_1,HOBBIES_1_057,11440,4.88
CA_1,HOBBIES_1_057,11441,4.88
CA_1,HOBBIES_1_057,11442,4.88
CA_1,HOBBIES_1_057,11443,4.88
CA_1,HOBBIES_1_057,11444,4.88
CA_1,HOBBIES_1_057,11445,4.88
CA_1,HOBBIES_1_057,11446,4.88
CA_1,HOBBIES_1_057,11447,4.88
CA_1,HOBBIES_1_057,11448,4.88
CA_1,HOBBIES_1_057,11449,4.88
CA_1,HOBBIES_1_057,11450,4.88
CA_1,HOBBIES_1_057,11451,4.88
CA_1,HOBBIES_1_057,11452,4.88
CA_1,HOBBIES_1_057,11501,4.88
CA_1,HOBBIES_1_057,11502,4.88
CA_1,HOBBIES_1_057,11503,4.88
CA_1,HOBBIES_1_057,11504,4.88
CA_1,HOBBIES_1_057,11505,4.88
CA_1,HOBBIES_1_057,11506,4.88
CA_1,HOBBIES_1_057,11507,4.88
CA_1,HOBBIES_1_057,11508,4.88
CA_1,HOBBIES_1_057,11509,4.88
CA_1,HOBBIES_1_057,11510,4.88
CA_1,HOBBIES_1_057,11511,4.88
CA_1,HOBBIES_1_057,11512,4.88
CA_1,HOBBIES_1_057,11513,4.88
CA_1,HOBBIES_1_057,11514,4.88
CA_1,HOBBIES_1_057,11515,4.88
CA_1,HOBBIES_1_057,11516,4.88
CA_1,HOBBIES_1_057,11517,4.88
CA_1,HOBBIES_1_057,11518,4.88
CA_1,HOBBIES_1_057,11519,4.88
CA_1,HOBBIES_1_057,11520,4.88
CA_1,HOBBIES_1_057,11521,4.88
CA_1,HOBBIES_1_057,11522,4.88
CA_1,HOBBIES_1_057,11523,4.88
CA_1,HOBBIES_1_057,11524,4.88
CA_1,HOBBIES_1_057,11525,4.88
CA_1,HOBBIES_1_057,11526,4.88
CA_1,HOBBIES_1_057,11527,4.88
CA_1,HOBBIES_1_057,11528,4.88
CA_1,HOBBIES_1_057,11529,4.88
CA_1,HOBBIES_1_057,11530,4.88
CA_1,HOBBIES_1_057,11531,4.88
CA_1,HOBBIES_1_057,11532,4.88
CA_1,HOBBIES_1_057,11533,4.88
CA_1,HOBBIES_1_057,11534,4.88
CA_1,HOBBIES_1_057,11535,4.88
CA_1,HOBBIES_1_057,11536,4.88
CA_1,HOBBIES_1_057,11537,4.88
CA_1,HOBBIES_1_057,11538,4.88
CA_1,HOBBIES_1_057,11539,4.88
CA_1,HOBBIES_1_057,11540,4.88
CA_1,HOBBIES_1_057,11541,4.88
CA_1,HOBBIES_1_057,11542,4.88
CA_1,HOBBIES_1_057,11543,4.88
CA_1,HOBBIES_1_057,11544,4.88
CA_1,HOBBIES_1_057,11545,4.88
CA_1,HOBBIES_1_057,11546,4.88
CA_1,HOBBIES_1_057,11547,4.88
CA_1,HOBBIES_1_057,11548,4.88
CA_1,HOBBIES_1_057,11549,4.88
CA_1,HOBBIES_1_057,11550,4.88
CA_1,HOBBIES_1_057,11551,4.88
CA_1,HOBBIES_1_057,11552,4.88
CA_1,HOBBIES_1_057,11601,4.88
CA_1,HOBBIES_1_057,11602,4.88
CA_1,HOBBIES_1_057,11603,4.88
CA_1,HOBBIES_1_057,11604,4.88
CA_1,HOBBIES_1_057,11605,4.88
CA_1,HOBBIES_1_057,11606,4.88
CA_1,HOBBIES_1_057,11607,4.88
CA_1,HOBBIES_1_057,11608,4.88
CA_1,HOBBIES_1_057,11609,4.88
CA_1,HOBBIES_1_057,11610,4.88
CA_1,HOBBIES_1_057,11611,4.88
CA_1,HOBBIES_1_057,11612,4.88
CA_1,HOBBIES_1_057,11613,4.88
CA_1,HOBBIES_1_057,11614,4.88
CA_1,HOBBIES_1_057,11615,4.88
CA_1,HOBBIES_1_057,11616,4.88
CA_1,HOBBIES_1_057,11617,4.88
CA_1,HOBBIES_1_057,11618,4.88
CA_1,HOBBIES_1_057,11619,4.88
CA_1,HOBBIES_1_057,11620,4.88
CA_1,HOBBIES_1_057,11621,4.88
CA_1,HOBBIES_1_058,11101,7.97
CA_1,HOBBIES_1_058,11102,7.97
CA_1,HOBBIES_1_058,11103,7.97
CA_1,HOBBIES_1_058,11104,7.97
CA_1,HOBBIES_1_058,11105,7.97
CA_1,HOBBIES_1_058,11106,7.97
CA_1,HOBBIES_1_058,11107,7.97
CA_1,HOBBIES_1_058,11108,7.97
CA_1,HOBBIES_1_058,11109,7.97
CA_1,HOBBIES_1_058,11110,7.97
CA_1,HOBBIES_1_058,11111,7.97
CA_1,HOBBIES_1_058,11112,7.97
CA_1,HOBBIES_1_058,11113,7.97
CA_1,HOBBIES_1_058,11114,7.97
CA_1,HOBBIES_1_058,11115,7.97
CA_1,HOBBIES_1_058,11116,7.97
CA_1,HOBBIES_1_058,11117,7.97
CA_1,HOBBIES_1_058,11118,7.97
CA_1,HOBBIES_1_058,11119,7.97
CA_1,HOBBIES_1_058,11120,7.97
CA_1,HOBBIES_1_058,11121,7.97
CA_1,HOBBIES_1_058,11122,7.97
CA_1,HOBBIES_1_058,11123,7.97
CA_1,HOBBIES_1_058,11124,7.97
CA_1,HOBBIES_1_058,11125,7.97
CA_1,HOBBIES_1_058,11126,7.97
CA_1,HOBBIES_1_058,11127,7.97
CA_1,HOBBIES_1_058,11128,7.97
CA_1,HOBBIES_1_058,11129,7.97
CA_1,HOBBIES_1_058,11130,7.97
CA_1,HOBBIES_1_058,11131,7.97
CA_1,HOBBIES_1_058,11132,7.97
CA_1,HOBBIES_1_058,11133,7.97
CA_1,HOBBIES_1_058,11134,7.97
CA_1,HOBBIES_1_058,11135,7.97
CA_1,HOBBIES_1_058,11136,7.97
CA_1,HOBBIES_1_058,11137,7.97
CA_1,HOBBIES_1_058,11138,7.97
CA_1,HOBBIES_1_058,11139,7.97
CA_1,HOBBIES_1_058,11140,7.97
CA_1,HOBBIES_1_058,11141,7.97
CA_1,HOBBIES_1_058,11142,7.97
CA_1,HOBBIES_1_058,11143,7.97
CA_1,HOBBIES_1_058,11144,7.97
CA_1,HOBBIES_1_058,11145,7.97
CA_1,HOBBIES_1_058,11146,7.97
CA_1,HOBBIES_1_058,11147,7.97
CA_1,HOBBIES_1_058,11148,7.97
CA_1,HOBBIES_1_058,11149,7.97
CA_1,HOBBIES_1_058,11150,7.97
CA_1,HOBBIES_1_058,11151,7.97
CA_1,HOBBIES_1_058,11152,7.97
CA_1,HOBBIES_1_058,11201,7.97
CA_1,HOBBIES_1_058,11202,7.97
CA_1,HOBBIES_1_058,11203,7.97
CA_1,HOBBIES_1_058,11204,7.97
CA_1,HOBBIES_1_058,11205,7.97
CA_1,HOBBIES_1_058,11206,7.97
CA_1,HOBBIES_1_058,11207,7.97
CA_1,HOBBIES_1_058,11208,7.97
CA_1,HOBBIES_1_058,11209,7.97
CA_1,HOBBIES_1_058,11210,7.97
CA_1,HOBBIES_1_058,11211,7.97
CA_1,HOBBIES_1_058,11212,7.97
CA_1,HOBBIES_1_058,11213,7.97
CA_1,HOBBIES_1_058,11214,7.97
CA_1,HOBBIES_1_058,11215,7.97
CA_1,HOBBIES_1_058,11216,7.97
CA_1,HOBBIES_1_058,11217,7.97
CA_1,HOBBIES_1_058,11218,7.97
CA_1,HOBBIES_1_058,11219,7.97
CA_1,HOBBIES_1_058,11220,7.97
CA_1,HOBBIES_1_058,11221,7.97
CA_1,HOBBIES_1_058,11222,7.97
CA_1,HOBBIES_1_058,11223,7.97
CA_1,HOBBIES_1_058,11224,7.97
CA_1,HOBBIES_1_058,11225,7.97
CA_1,HOBBIES_1_058,11226,7.97
CA_1,HOBBIES_1_058,11227,7.97
CA_1,HOBBIES_1_058,11228,7.97
CA_1,HOBBIES_1_058,11229,7.97
CA_1,HOBBIES_1_058,11230,7.97
CA_1,HOBBIES_1_058,11231,7.97
CA_1,HOBBIES_1_058,11232,7.97
CA_1,HOBBIES_1_058,11233,7.97
CA_1,HOBBIES_1_058,11234,7.97
CA_1,HOBBIES_1_058,11235,7.97
CA_1,HOBBIES_1_058,11236,7.97
CA_1,HOBBIES_1_058,11237,7.97
CA_1,HOBBIES_1_058,11238,7.97
CA_1,HOBBIES_1_058,11239,7.97
CA_1,HOBBIES_1_058,11240,7.97
CA_1,HOBBIES_1_058,11241,7.97
CA_1,HOBBIES_1_058,11242,7.97
CA_1,HOBBIES_1_058,11243,7.97
CA_1,HOBBIES_1_058,11244,7.97
CA_1,HOBBIES_1_058,11245,7.97
CA_1,HOBBIES_1_058,11246,7.97
CA_1,HOBBIES_1_058,11247,7.97
CA_1,HOBBIES_1_058,11248,7.97
CA_1,HOBBIES_1_058,11249,7.97
CA_1,HOBBIES_1_058,11250,7.97
CA_1,HOBBIES_1_058,11251,7.97
CA_1,HOBBIES_1_058,11252,7.97
CA_1,HOBBIES_1_058,11301,7.97
CA_1,HOBBIES_1_058,11302,7.97
CA_1,HOBBIES_1_058,11303,8.67
CA_1,HOBBIES_1_058,11304,8.67
CA_1,HOBBIES_1_058,11305,8.67
CA_1,HOBBIES_1_058,11306,8.67
CA_1,HOBBIES_1_058,11307,8.67
CA_1,HOBBIES_1_058,11308,8.67
CA_1,HOBBIES_1_058,11309,8.67
CA_1,HOBBIES_1_058,11310,8.67
CA_1,HOBBIES_1_058,11311,8.67
CA_1,HOBBIES_1_058,11312,8.67
CA_1,HOBBIES_1_058,11313,8.67
CA_1,HOBBIES_1_058,11314,8.67
CA_1,HOBBIES_1_058,11315,8.67
CA_1,HOBBIES_1_058,11316,8.67
CA_1,HOBBIES_1_058,11317,8.67
CA_1,HOBBIES_1_058,11318,8.67
CA_1,HOBBIES_1_058,11319,8.67
CA_1,HOBBIES_1_058,11320,8.67
CA_1,HOBBIES_1_058,11321,8.67
CA_1,HOBBIES_1_058,11322,8.67
CA_1,HOBBIES_1_058,11323,8.67
CA_1,HOBBIES_1_058,11324,8.67
CA_1,HOBBIES_1_058,11325,8.67
CA_1,HOBBIES_1_058,11326,8.67
CA_1,HOBBIES_1_058,11327,8.67
CA_1,HOBBIES_1_058,11328,8.67
CA_1,HOBBIES_1_058,11329,8.67
CA_1,HOBBIES_1_058,11330,8.67
CA_1,HOBBIES_1_058,11331,8.67
CA_1,HOBBIES_1_058,11332,8.67
CA_1,HOBBIES_1_058,11333,8.67
CA_1,HOBBIES_1_058,11334,8.67
CA_1,HOBBIES_1_058,11335,8.67
CA_1,HOBBIES_1_058,11336,8.67
CA_1,HOBBIES_1_058,11337,8.67
CA_1,HOBBIES_1_058,11338,8.67
CA_1,HOBBIES_1_058,11339,8.67
CA_1,HOBBIES_1_058,11340,8.67
CA_1,HOBBIES_1_058,11341,8.67
CA_1,HOBBIES_1_058,11342,8.67
CA_1,HOBBIES_1_058,11343,8.67
CA_1,HOBBIES_1_058,11344,8.67
CA_1,HOBBIES_1_058,11345,8.67
CA_1,HOBBIES_1_058,11346,8.67
CA_1,HOBBIES_1_058,11347,8.67
CA_1,HOBBIES_1_058,11348,8.67
CA_1,HOBBIES_1_058,11349,8.67
CA_1,HOBBIES_1_058,11350,8.67
CA_1,HOBBIES_1_058,11351,8.67
CA_1,HOBBIES_1_058,11352,8.67
CA_1,HOBBIES_1_058,11353,8.67
CA_1,HOBBIES_1_058,11401,8.67
CA_1,HOBBIES_1_058,11402,8.67
CA_1,HOBBIES_1_058,11403,8.67
CA_1,HOBBIES_1_058,11404,8.67
CA_1,HOBBIES_1_058,11405,8.67
CA_1,HOBBIES_1_058,11406,8.67
CA_1,HOBBIES_1_058,11407,8.67
CA_1,HOBBIES_1_058,11408,8.67
CA_1,HOBBIES_1_058,11409,8.67
CA_1,HOBBIES_1_058,11410,8.67
CA_1,HOBBIES_1_058,11411,8.67
CA_1,HOBBIES_1_058,11412,8.67
CA_1,HOBBIES_1_058,11413,8.67
CA_1,HOBBIES_1_058,11414,8.67
CA_1,HOBBIES_1_058,11415,8.67
CA_1,HOBBIES_1_058,11416,8.67
CA_1,HOBBIES_1_058,11417,8.67
CA_1,HOBBIES_1_058,11418,8.67
CA_1,HOBBIES_1_058,11419,8.67
CA_1,HOBBIES_1_058,11420,8.67
CA_1,HOBBIES_1_058,11421,8.67
CA_1,HOBBIES_1_058,11422,8.67
CA_1,HOBBIES_1_058,11423,8.67
CA_1,HOBBIES_1_058,11424,8.67
CA_1,HOBBIES_1_058,11425,8.67
CA_1,HOBBIES_1_058,11426,8.67
CA_1,HOBBIES_1_058,11427,8.67
CA_1,HOBBIES_1_058,11428,8.67
CA_1,HOBBIES_1_058,11429,8.67
CA_1,HOBBIES_1_058,11430,8.67
CA_1,HOBBIES_1_058,11431,8.67
CA_1,HOBBIES_1_058,11432,8.67
CA_1,HOBBIES_1_058,11433,8.67
CA_1,HOBBIES_1_058,11434,8.67
CA_1,HOBBIES_1_058,11435,8.67
CA_1,HOBBIES_1_058,11436,8.67
CA_1,HOBBIES_1_058,11437,8.67
CA_1,HOBBIES_1_058,11438,8.67
CA_1,HOBBIES_1_058,11439,8.67
CA_1,HOBBIES_1_058,11440,8.67
CA_1,HOBBIES_1_058,11441,8.67
CA_1,HOBBIES_1_058,11442,8.67
CA_1,HOBBIES_1_058,11443,8.67
CA_1,HOBBIES_1_058,11444,8.67
CA_1,HOBBIES_1_058,11445,8.67
CA_1,HOBBIES_1_058,11446,8.67
CA_1,HOBBIES_1_058,11447,8.67
CA_1,HOBBIES_1_058,11448,8.67
CA_1,HOBBIES_1_058,11449,8.67
CA_1,HOBBIES_1_058,11450,8.67
CA_1,HOBBIES_1_058,11451,8.67
CA_1,HOBBIES_1_058,11452,8.67
CA_1,HOBBIES_1_058,11501,8.67
CA_1,HOBBIES_1_058,11502,8.67
CA_1,HOBBIES_1_058,11503,8.67
CA_1,HOBBIES_1_058,11504,8.67
CA_1,HOBBIES_1_058,11505,8.67
CA_1,HOBBIES_1_058,11506,8.67
CA_1,HOBBIES_1_058,11507,8.67
CA_1,HOBBIES_1_058,11508,8.67
CA_1,HOBBIES_1_058,11509,8.67
CA_1,HOBBIES_1_058,11510,8.67
CA_1,HOBBIES_1_058,11511,8.67
CA_1,HOBBIES_1_058,11512,8.67
CA_1,HOBBIES_1_058,11513,8.67
CA_1,HOBBIES_1_058,11514,8.67
CA_1,HOBBIES_1_058,11515,8.67
CA_1,HOBBIES_1_058,11516,8.67
CA_1,HOBBIES_1_058,11517,8.67
CA_1,HOBBIES_1_058,11518,8.67
CA_1,HOBBIES_1_058,11519,8.67
CA_1,HOBBIES_1_058,11520,8.67
CA_1,HOBBIES_1_058,11521,8.67
CA_1,HOBBIES_1_058,11522,8.67
CA_1,HOBBIES_1_058,11523,8.67
CA_1,HOBBIES_1_058,11524,8.67
CA_1,HOBBIES_1_058,11525,8.67
CA_1,HOBBIES_1_058,11526,8.67
CA_1,HOBBIES_1_058,11527,8.67
CA_1,HOBBIES_1_058,11528,8.67
CA_1,HOBBIES_1_058,11529,8.67
CA_1,HOBBIES_1_058,11530,8.67
CA_1,HOBBIES_1_058,11531,8.67
CA_1,HOBBIES_1_058,11532,8.67
CA_1,HOBBIES_1_058,11533,8.67
CA_1,HOBBIES_1_058,11534,8.67
CA_1,HOBBIES_1_058,11535,8.82
CA_1,HOBBIES_1_058,11536,8.82
CA_1,HOBBIES_1_058,11537,8.82
CA_1,HOBBIES_1_058,11538,8.82
CA_1,HOBBIES_1_058,11539,8.82
CA_1,HOBBIES_1_058,11540,8.82
CA_1,HOBBIES_1_058,11541,8.82
CA_1,HOBBIES_1_058,11542,8.82
CA_1,HOBBIES_1_058,11543,8.82
CA_1,HOBBIES_1_058,11544,8.82
CA_1,HOBBIES_1_058,11545,8.82
CA_1,HOBBIES_1_058,11546,8.82
CA_1,HOBBIES_1_058,11547,8.82
CA_1,HOBBIES_1_058,11548,8.82
CA_1,HOBBIES_1_058,11549,8.82
CA_1,HOBBIES_1_058,11550,8.82
CA_1,HOBBIES_1_058,11551,8.82
CA_1,HOBBIES_1_058,11552,8.82
CA_1,HOBBIES_1_058,11601,8.82
CA_1,HOBBIES_1_058,11602,8.82
CA_1,HOBBIES_1_058,11603,8.82
CA_1,HOBBIES_1_058,11604,8.82
CA_1,HOBBIES_1_058,11605,8.82
CA_1,HOBBIES_1_058,11606,8.82
CA_1,HOBBIES_1_058,11607,8.82
CA_1,HOBBIES_1_058,11608,8.82
CA_1,HOBBIES_1_058,11609,8.82
CA_1,HOBBIES_1_058,11610,8.82
CA_1,HOBBIES_1_058,11611,8.82
CA_1,HOBBIES_1_058,11612,8.82
CA_1,HOBBIES_1_058,11613,8.82
CA_1,HOBBIES_1_058,11614,8.82
CA_1,HOBBIES_1_058,11615,8.82
CA_1,HOBBIES_1_058,11616,8.82
CA_1,HOBBIES_1_058,11617,9.47
CA_1,HOBBIES_1_058,11618,9.47
CA_1,HOBBIES_1_058,11619,9.47
CA_1,HOBBIES_1_058,11620,9.47
CA_1,HOBBIES_1_058,11621,9.47
CA_1,HOBBIES_1_060,11224,29.97
CA_1,HOBBIES_1_060,11225,29.97
CA_1,HOBBIES_1_060,11226,29.97
CA_1,HOBBIES_1_060,11227,29.97
CA_1,HOBBIES_1_060,11228,29.97
CA_1,HOBBIES_1_060,11229,29.97
CA_1,HOBBIES_1_060,11230,29.97
CA_1,HOBBIES_1_060,11231,29.97
CA_1,HOBBIES_1_060,11232,29.97
CA_1,HOBBIES_1_060,11233,29.97
CA_1,HOBBIES_1_060,11234,29.97
CA_1,HOBBIES_1_060,11235,29.97
CA_1,HOBBIES_1_060,11236,29.97
CA_1,HOBBIES_1_060,11237,29.97
CA_1,HOBBIES_1_060,11238,29.97
CA_1,HOBBIES_1_060,11239,29.97
CA_1,HOBBIES_1_060,11240,29.97
CA_1,HOBBIES_1_060,11241,29.97
CA_1,HOBBIES_1_060,11242,29.97
CA_1,HOBBIES_1_060,11243,29.97
CA_1,HOBBIES_1_060,11244,29.97
CA_1,HOBBIES_1_060,11245,29.97
CA_1,HOBBIES_1_060,11246,29.97
CA_1,HOBBIES_1_060,11247,29.97
CA_1,HOBBIES_1_060,11248,30.98
CA_1,HOBBIES_1_060,11249,30.98
CA_1,HOBBIES_1_060,11250,30.98
CA_1,HOBBIES_1_060,11251,30.98
CA_1,HOBBIES_1_060,11252,30.98
CA_1,HOBBIES_1_060,11301,30.98
CA_1,HOBBIES_1_060,11302,30.98
CA_1,HOBBIES_1_060,11303,30.98
CA_1,HOBBIES_1_060,11304,30.98
CA_1,HOBBIES_1_060,11305,30.98
CA_1,HOBBIES_1_060,11306,30.98
CA_1,HOBBIES_1_060,11307,30.98
CA_1,HOBBIES_1_060,11308,30.98
CA_1,HOBBIES_1_060,11309,30.98
CA_1,HOBBIES_1_060,11310,30.98
CA_1,HOBBIES_1_060,11311,30.98
CA_1,HOBBIES_1_060,11312,30.98
CA_1,HOBBIES_1_060,11313,30.98
CA_1,HOBBIES_1_060,11314,30.98
CA_1,HOBBIES_1_060,11315,30.98
CA_1,HOBBIES_1_060,11316,30.98
CA_1,HOBBIES_1_060,11317,30.98
CA_1,HOBBIES_1_060,11318,30.98
CA_1,HOBBIES_1_060,11319,30.98
CA_1,HOBBIES_1_060,11320,30.98
CA_1,HOBBIES_1_060,11321,30.98
CA_1,HOBBIES_1_060,11322,30.98
CA_1,HOBBIES_1_060,11323,30.98
CA_1,HOBBIES_1_060,11324,30.98
CA_1,HOBBIES_1_060,11325,30.98
CA_1,HOBBIES_1_060,11326,30.98
CA_1,HOBBIES_1_060,11327,30.98
CA_1,HOBBIES_1_060,11328,30.98
CA_1,HOBBIES_1_060,11329,30.98
CA_1,HOBBIES_1_060,11330,30.98
CA_1,HOBBIES_1_060,11331,30.98
CA_1,HOBBIES_1_060,11332,30.98
CA_1,HOBBIES_1_060,11333,30.98
CA_1,HOBBIES_1_060,11334,30.98
CA_1,HOBBIES_1_060,11335,30.98
CA_1,HOBBIES_1_060,11336,30.98
CA_1,HOBBIES_1_060,11337,30.98
CA_1,HOBBIES_1_060,11338,30.98
CA_1,HOBBIES_1_060,11339,30.98
CA_1,HOBBIES_1_060,11340,30.98
CA_1,HOBBIES_1_060,11341,30.98
CA_1,HOBBIES_1_060,11342,30.98
CA_1,HOBBIES_1_060,11343,30.98
CA_1,HOBBIES_1_060,11344,30.98
CA_1,HOBBIES_1_060,11345,30.98
CA_1,HOBBIES_1_060,11346,30.98
CA_1,HOBBIES_1_060,11347,30.98
CA_1,HOBBIES_1_060,11348,30.98
CA_1,HOBBIES_1_060,11349,30.98
CA_1,HOBBIES_1_060,11350,30.98
CA_1,HOBBIES_1_060,11351,30.98
CA_1,HOBBIES_1_060,11352,30.98
CA_1,HOBBIES_1_060,11353,30.98
CA_1,HOBBIES_1_060,11401,30.98
CA_1,HOBBIES_1_060,11402,30.98
CA_1,HOBBIES_1_060,11403,30.98
CA_1,HOBBIES_1_060,11404,30.98
CA_1,HOBBIES_1_060,11405,30.98
CA_1,HOBBIES_1_060,11406,30.98
CA_1,HOBBIES_1_060,11407,30.98
CA_1,HOBBIES_1_060,11408,30.98
CA_1,HOBBIES_1_060,11409,30.98
CA_1,HOBBIES_1_060,11410,30.98
CA_1,HOBBIES_1_060,11411,30.98
CA_1,HOBBIES_1_060,11412,30.98
CA_1,HOBBIES_1_060,11413,30.98
CA_1,HOBBIES_1_060,11414,30.98
CA_1,HOBBIES_1_060,11415,30.98
CA_1,HOBBIES_1_060,11416,30.98
CA_1,HOBBIES_1_060,11417,30.98
CA_1,HOBBIES_1_060,11418,30.98
CA_1,HOBBIES_1_060,11419,30.98
CA_1,HOBBIES_1_060,11420,30.98
CA_1,HOBBIES_1_060,11421,30.98
CA_1,HOBBIES_1_060,11422,30.98
CA_1,HOBBIES_1_060,11423,30.98
CA_1,HOBBIES_1_060,11424,30.98
CA_1,HOBBIES_1_060,11425,30.98
CA_1,HOBBIES_1_060,11426,30.98
CA_1,HOBBIES_1_060,11427,30.98
CA_1,HOBBIES_1_060,11428,30.98
CA_1,HOBBIES_1_060,11429,30.98
CA_1,HOBBIES_1_060,11430,30.98
CA_1,HOBBIES_1_060,11431,30.98
CA_1,HOBBIES_1_060,11432,30.98
CA_1,HOBBIES_1_060,11433,30.98
CA_1,HOBBIES_1_060,11434,30.98
CA_1,HOBBIES_1_060,11435,30.98
CA_1,HOBBIES_1_060,11436,30.98
CA_1,HOBBIES_1_060,11437,30.98
CA_1,HOBBIES_1_060,11438,30.98
CA_1,HOBBIES_1_060,11439,30.98
CA_1,HOBBIES_1_060,11440,30.98
CA_1,HOBBIES_1_060,11441,30.98
CA_1,HOBBIES_1_060,11442,30.98
CA_1,HOBBIES_1_060,11443,30.98
CA_1,HOBBIES_1_060,11444,30.98
CA_1,HOBBIES_1_060,11445,30.98
CA_1,HOBBIES_1_060,11446,30.98
CA_1,HOBBIES_1_060,11447,30.98
CA_1,HOBBIES_1_060,11448,30.98
CA_1,HOBBIES_1_060,11449,30.98
CA_1,HOBBIES_1_060,11450,30.98
CA_1,HOBBIES_1_060,11451,30.98
CA_1,HOBBIES_1_060,11452,30.98
CA_1,HOBBIES_1_060,11501,29.96
CA_1,HOBBIES_1_060,11502,29.96
CA_1,HOBBIES_1_060,11503,29.96
CA_1,HOBBIES_1_060,11504,29.96
CA_1,HOBBIES_1_060,11505,29.96
CA_1,HOBBIES_1_060,11506,29.96
CA_1,HOBBIES_1_060,11507,29.96
CA_1,HOBBIES_1_060,11508,29.96
CA_1,HOBBIES_1_060,11509,29.96
CA_1,HOBBIES_1_060,11510,29.96
CA_1,HOBBIES_1_060,11511,29.96
CA_1,HOBBIES_1_060,11512,29.96
CA_1,HOBBIES_1_060,11513,29.96
CA_1,HOBBIES_1_060,11514,29.96
CA_1,HOBBIES_1_060,11515,29.96
CA_1,HOBBIES_1_060,11516,29.96
CA_1,HOBBIES_1_060,11517,29.96
CA_1,HOBBIES_1_060,11518,29.96
CA_1,HOBBIES_1_060,11519,29.96
CA_1,HOBBIES_1_060,11520,29.96
CA_1,HOBBIES_1_060,11521,29.96
CA_1,HOBBIES_1_060,11522,29.96
CA_1,HOBBIES_1_060,11523,29.96
CA_1,HOBBIES_1_060,11524,29.96
CA_1,HOBBIES_1_060,11525,29.96
CA_1,HOBBIES_1_060,11526,29.96
CA_1,HOBBIES_1_060,11527,29.96
CA_1,HOBBIES_1_060,11528,29.96
CA_1,HOBBIES_1_060,11529,29.96
CA_1,HOBBIES_1_060,11530,29.96
CA_1,HOBBIES_1_060,11531,29.96
CA_1,HOBBIES_1_060,11532,29.96
CA_1,HOBBIES_1_060,11533,29.96
CA_1,HOBBIES_1_060,11534,29.96
CA_1,HOBBIES_1_060,11535,29.96
CA_1,HOBBIES_1_060,11536,29.96
CA_1,HOBBIES_1_060,11537,29.96
CA_1,HOBBIES_1_060,11538,29.96
CA_1,HOBBIES_1_060,11539,29.96
CA_1,HOBBIES_1_060,11540,29.96
CA_1,HOBBIES_1_060,11541,29.96
CA_1,HOBBIES_1_060,11542,29.96
CA_1,HOBBIES_1_060,11543,29.96
CA_1,HOBBIES_1_060,11544,29.96
CA_1,HOBBIES_1_060,11545,29.96
CA_1,HOBBIES_1_060,11546,29.96
CA_1,HOBBIES_1_060,11547,29.96
CA_1,HOBBIES_1_060,11548,29.96
CA_1,HOBBIES_1_060,11549,29.96
CA_1,HOBBIES_1_060,11550,29.96
CA_1,HOBBIES_1_060,11551,29.96
CA_1,HOBBIES_1_060,11552,29.96
CA_1,HOBBIES_1_060,11601,29.96
CA_1,HOBBIES_1_060,11602,29.96
CA_1,HOBBIES_1_060,11603,29.96
CA_1,HOBBIES_1_060,11604,29.96
CA_1,HOBBIES_1_060,11605,29.96
CA_1,HOBBIES_1_060,11606,29.96
CA_1,HOBBIES_1_060,11607,29.96
CA_1,HOBBIES_1_060,11608,29.96
CA_1,HOBBIES_1_060,11609,29.96
CA_1,HOBBIES_1_060,11610,29.96
CA_1,HOBBIES_1_060,11611,29.96
CA_1,HOBBIES_1_060,11612,29.96
CA_1,HOBBIES_1_060,11613,29.96
CA_1,HOBBIES_1_060,11614,29.96
CA_1,HOBBIES_1_060,11615,29.96
CA_1,HOBBIES_1_060,11616,29.96
CA_1,HOBBIES_1_060,11617,29.96
CA_1,HOBBIES_1_060,11618,29.96
CA_1,HOBBIES_1_060,11619,29.96
CA_1,HOBBIES_1_060,11620,29.96
CA_1,HOBBIES_1_060,11621,29.96
CA_1,HOBBIES_1_061,11101,2.76
CA_1,HOBBIES_1_061,11102,2.76
CA_1,HOBBIES_1_061,11103,2.76
CA_1,HOBBIES_1_061,11104,2.76
CA_1,HOBBIES_1_061,11105,2.76
CA_1,HOBBIES_1_061,11106,2.76
CA_1,HOBBIES_1_061,11107,2.76
CA_1,HOBBIES_1_061,11108,2.76
CA_1,HOBBIES_1_061,11109,2.76
CA_1,HOBBIES_1_061,11110,2.76
CA_1,HOBBIES_1_061,11111,2.76
CA_1,HOBBIES_1_061,11112,2.76
CA_1,HOBBIES_1_061,11113,2.76
CA_1,HOBBIES_1_061,11114,2.76
CA_1,HOBBIES_1_061,11115,2.76
CA_1,HOBBIES_1_061,11116,2.76
CA_1,HOBBIES_1_061,11117,2.76
CA_1,HOBBIES_1_061,11118,2.76
CA_1,HOBBIES_1_061,11119,2.76
CA_1,HOBBIES_1_061,11120,2.76
CA_1,HOBBIES_1_061,11121,2.76
CA_1,HOBBIES_1_061,11122,2.76
CA_1,HOBBIES_1_061,11123,2.76
CA_1,HOBBIES_1_061,11124,2.76
CA_1,HOBBIES_1_061,11125,2.76
CA_1,HOBBIES_1_061,11126,2.76
CA_1,HOBBIES_1_061,11127,2.76
CA_1,HOBBIES_1_061,11128,2.76
CA_1,HOBBIES_1_061,11129,2.76
CA_1,HOBBIES_1_061,11130,2.76
CA_1,HOBBIES_1_061,11131,2.76
CA_1,HOBBIES_1_061,11132,2.76
CA_1,HOBBIES_1_061,11133,2.76
CA_1,HOBBIES_1_061,11134,2.76
CA_1,HOBBIES_1_061,11135,2.76
CA_1,HOBBIES_1_061,11136,2.76
CA_1,HOBBIES_1_061,11137,2.76
CA_1,HOBBIES_1_061,11138,2.76
CA_1,HOBBIES_1_061,11139,2.76
CA_1,HOBBIES_1_061,11140,2.76
CA_1,HOBBIES_1_061,11141,2.76
CA_1,HOBBIES_1_061,11142,2.76
CA_1,HOBBIES_1_061,11143,2.76
CA_1,HOBBIES_1_061,11144,2.76
CA_1,HOBBIES_1_061,11145,2.76
CA_1,HOBBIES_1_061,11146,2.76
CA_1,HOBBIES_1_061,11147,2.76
CA_1,HOBBIES_1_061,11148,2.76
CA_1,HOBBIES_1_061,11149,2.76
CA_1,HOBBIES_1_061,11150,2.76
CA_1,HOBBIES_1_061,11151,2.76
CA_1,HOBBIES_1_061,11152,2.76
CA_1,HOBBIES_1_061,11201,2.76
CA_1,HOBBIES_1_061,11202,2.76
CA_1,HOBBIES_1_061,11203,2.76
CA_1,HOBBIES_1_061,11204,2.76
CA_1,HOBBIES_1_061,11205,2.76
CA_1,HOBBIES_1_061,11206,2.76
CA_1,HOBBIES_1_061,11207,2.76
CA_1,HOBBIES_1_061,11208,2.76
CA_1,HOBBIES_1_061,11209,2.76
CA_1,HOBBIES_1_061,11210,2.76
CA_1,HOBBIES_1_061,11211,2.76
CA_1,HOBBIES_1_061,11212,2.76
CA_1,HOBBIES_1_061,11213,2.76
CA_1,HOBBIES_1_061,11214,2.76
CA_1,HOBBIES_1_061,11215,2.76
CA_1,HOBBIES_1_061,11216,2.76
CA_1,HOBBIES_1_061,11217,2.76
CA_1,HOBBIES_1_061,11218,2.76
CA_1,HOBBIES_1_061,11219,2.76
CA_1,HOBBIES_1_061,11220,2.76
CA_1,HOBBIES_1_061,11221,2.76
CA_1,HOBBIES_1_061,11222,2.76
CA_1,HOBBIES_1_061,11223,2.76
CA_1,HOBBIES_1_061,11224,2.76
CA_1,HOBBIES_1_061,11225,2.76
CA_1,HOBBIES_1_061,11226,2.76
CA_1,HOBBIES_1_061,11227,2.76
CA_1,HOBBIES_1_061,11228,2.76
CA_1,HOBBIES_1_061,11229,2.76
CA_1,HOBBIES_1_061,11230,2.76
CA_1,HOBBIES_1_061,11231,2.76
CA_1,HOBBIES_1_061,11232,2.76
CA_1,HOBBIES_1_061,11233,2.76
CA_1,HOBBIES_1_061,11234,2.76
CA_1,HOBBIES_1_061,11235,2.76
CA_1,HOBBIES_1_061,11236,2.76
CA_1,HOBBIES_1_061,11237,2.76
CA_1,HOBBIES_1_061,11238,2.76
CA_1,HOBBIES_1_061,11239,2.76
CA_1,HOBBIES_1_061,11240,2.76
CA_1,HOBBIES_1_061,11241,2.76
CA_1,HOBBIES_1_061,11242,2.76
CA_1,HOBBIES_1_061,11243,2.76
CA_1,HOBBIES_1_061,11244,2.76
CA_1,HOBBIES_1_061,11245,2.76
CA_1,HOBBIES_1_061,11246,2.76
CA_1,HOBBIES_1_061,11247,2.76
CA_1,HOBBIES_1_061,11248,2.76
CA_1,HOBBIES_1_061,11249,2.76
CA_1,HOBBIES_1_061,11250,2.76
CA_1,HOBBIES_1_061,11251,2.76
CA_1,HOBBIES_1_061,11252,2.76
CA_1,HOBBIES_1_061,11301,2.76
CA_1,HOBBIES_1_061,11302,2.76
CA_1,HOBBIES_1_061,11303,2.76
CA_1,HOBBIES_1_061,11304,2.76
CA_1,HOBBIES_1_061,11305,2.83
CA_1,HOBBIES_1_061,11306,2.83
CA_1,HOBBIES_1_061,11307,2.83
CA_1,HOBBIES_1_061,11308,2.83
CA_1,HOBBIES_1_061,11309,2.83
CA_1,HOBBIES_1_061,11310,2.83
CA_1,HOBBIES_1_061,11311,2.83
CA_1,HOBBIES_1_061,11312,2.83
CA_1,HOBBIES_1_061,11313,2.83
CA_1,HOBBIES_1_061,11314,2.83
CA_1,HOBBIES_1_061,11315,2.83
CA_1,HOBBIES_1_061,11316,2.83
CA_1,HOBBIES_1_061,11317,2.83
CA_1,HOBBIES_1_061,11318,2.83
CA_1,HOBBIES_1_061,11319,2.83
CA_1,HOBBIES_1_061,11320,2.83
CA_1,HOBBIES_1_061,11321,2.83
CA_1,HOBBIES_1_061,11322,2.83
CA_1,HOBBIES_1_061,11323,2.83
CA_1,HOBBIES_1_061,11324,2.83
CA_1,HOBBIES_1_061,11325,2.83
CA_1,HOBBIES_1_061,11326,2.83
CA_1,HOBBIES_1_061,11327,2.83
CA_1,HOBBIES_1_061,11328,2.83
CA_1,HOBBIES_1_061,11329,2.83
CA_1,HOBBIES_1_061,11330,2.83
CA_1,HOBBIES_1_061,11331,2.83
CA_1,HOBBIES_1_061,11332,2.83
CA_1,HOBBIES_1_061,11333,2.83
CA_1,HOBBIES_1_061,11334,2.83
CA_1,HOBBIES_1_061,11335,2.83
CA_1,HOBBIES_1_061,11336,2.83
CA_1,HOBBIES_1_061,11337,2.83
CA_1,HOBBIES_1_061,11338,2.83
CA_1,HOBBIES_1_061,11339,2.83
CA_1,HOBBIES_1_061,11340,2.83
CA_1,HOBBIES_1_061,11341,2.83
CA_1,HOBBIES_1_061,11342,2.83
CA_1,HOBBIES_1_061,11343,2.83
CA_1,HOBBIES_1_061,11344,2.83
CA_1,HOBBIES_1_061,11345,2.83
CA_1,HOBBIES_1_061,11346,2.83
CA_1,HOBBIES_1_061,11347,2.83
CA_1,HOBBIES_1_061,11348,2.83
CA_1,HOBBIES_1_061,11349,2.83
CA_1,HOBBIES_1_061,11350,2.83
CA_1,HOBBIES_1_061,11351,2.83
CA_1,HOBBIES_1_061,11352,2.83
CA_1,HOBBIES_1_061,11353,2.83
CA_1,HOBBIES_1_061,11401,2.83
CA_1,HOBBIES_1_061,11402,2.83
CA_1,HOBBIES_1_061,11403,2.83
CA_1,HOBBIES_1_061,11404,2.83
CA_1,HOBBIES_1_061,11405,2.83
CA_1,HOBBIES_1_061,11406,2.83
CA_1,HOBBIES_1_061,11407,2.83
CA_1,HOBBIES_1_061,11408,2.83
CA_1,HOBBIES_1_061,11409,2.83
CA_1,HOBBIES_1_061,11410,2.83
CA_1,HOBBIES_1_061,11411,2.83
CA_1,HOBBIES_1_061,11412,2.83
CA_1,HOBBIES_1_061,11413,2.83
CA_1,HOBBIES_1_061,11414,2.83
CA_1,HOBBIES_1_061,11415,2.83
CA_1,HOBBIES_1_061,11416,2.83
CA_1,HOBBIES_1_061,11417,2.83
CA_1,HOBBIES_1_061,11418,2.83
CA_1,HOBBIES_1_061,11419,2.83
CA_1,HOBBIES_1_061,11420,2.83
CA_1,HOBBIES_1_061,11421,2.83
CA_1,HOBBIES_1_061,11422,2.83
CA_1,HOBBIES_1_061,11423,2.83
CA_1,HOBBIES_1_061,11424,2.83
CA_1,HOBBIES_1_061,11425,2.83
CA_1,HOBBIES_1_061,11426,2.83
CA_1,HOBBIES_1_061,11427,2.83
CA_1,HOBBIES_1_061,11428,2.83
CA_1,HOBBIES_1_061,11429,2.83
CA_1,HOBBIES_1_061,11430,2.83
CA_1,HOBBIES_1_061,11431,2.83
CA_1,HOBBIES_1_061,11432,2.83
CA_1,HOBBIES_1_061,11433,2.83
CA_1,HOBBIES_1_061,11434,2.83
CA_1,HOBBIES_1_061,11435,2.83
CA_1,HOBBIES_1_061,11436,2.83
CA_1,HOBBIES_1_061,11437,2.83
CA_1,HOBBIES_1_061,11438,2.83
CA_1,HOBBIES_1_061,11439,2.83
CA_1,HOBBIES_1_061,11440,2.83
CA_1,HOBBIES_1_061,11441,2.83
CA_1,HOBBIES_1_061,11442,2.83
CA_1,HOBBIES_1_061,11443,2.83
CA_1,HOBBIES_1_061,11444,2.83
CA_1,HOBBIES_1_061,11445,2.83
CA_1,HOBBIES_1_061,11446,2.83
CA_1,HOBBIES_1_061,11447,2.83
CA_1,HOBBIES_1_061,11448,2.83
CA_1,HOBBIES_1_061,11449,2.83
CA_1,HOBBIES_1_061,11450,2.83
CA_1,HOBBIES_1_061,11451,2.83
CA_1,HOBBIES_1_061,11452,2.83
CA_1,HOBBIES_1_061,11501,2.83
CA_1,HOBBIES_1_061,11502,2.83
CA_1,HOBBIES_1_061,11503,2.83
CA_1,HOBBIES_1_061,11504,2.83
CA_1,HOBBIES_1_061,11505,2.83
CA_1,HOBBIES_1_061,11506,2.83
CA_1,HOBBIES_1_061,11507,2.83
CA_1,HOBBIES_1_061,11508,2.83
CA_1,HOBBIES_1_061,11509,2.83
CA_1,HOBBIES_1_061,11510,2.83
CA_1,HOBBIES_1_061,11511,2.83
CA_1,HOBBIES_1_061,11512,2.83
CA_1,HOBBIES_1_061,11513,2.83
CA_1,HOBBIES_1_061,11514,2.83
CA_1,HOBBIES_1_061,11515,2.83
CA_1,HOBBIES_1_061,11516,2.83
CA_1,HOBBIES_1_061,11517,2.83
CA_1,HOBBIES_1_061,11518,2.83
CA_1,HOBBIES_1_061,11519,2.83
CA_1,HOBBIES_1_061,11520,2.83
CA_1,HOBBIES_1_061,11521,2.83
CA_1,HOBBIES_1_061,11522,2.83
CA_1,HOBBIES_1_061,11523,2.83
CA_1,HOBBIES_1_061,11524,2.83
CA_1,HOBBIES_1_061,11525,2.83
CA_1,HOBBIES_1_061,11526,2.83
CA_1,HOBBIES_1_061,11527,2.83
CA_1,HOBBIES_1_061,11528,2.83
CA_1,HOBBIES_1_061,11529,2.83
CA_1,HOBBIES_1_061,11530,2.83
CA_1,HOBBIES_1_061,11531,2.83
CA_1,HOBBIES_1_061,11532,2.83
CA_1,HOBBIES_1_061,11533,2.83
CA_1,HOBBIES_1_061,11534,2.83
CA_1,HOBBIES_1_061,11535,2.83
CA_1,HOBBIES_1_061,11536,2.83
CA_1,HOBBIES_1_061,11537,2.83
CA_1,HOBBIES_1_061,11538,2.83
CA_1,HOBBIES_1_061,11539,2.83
CA_1,HOBBIES_1_061,11540,2.83
CA_1,HOBBIES_1_061,11541,2.83
CA_1,HOBBIES_1_061,11542,2.83
CA_1,HOBBIES_1_061,11543,2.83
CA_1,HOBBIES_1_061,11544,2.83
CA_1,HOBBIES_1_061,11545,2.83
CA_1,HOBBIES_1_061,11546,2.83
CA_1,HOBBIES_1_061,11547,2.83
CA_1,HOBBIES_1_061,11548,2.83
CA_1,HOBBIES_1_061,11549,2.83
CA_1,HOBBIES_1_061,11550,2.83
CA_1,HOBBIES_1_061,11551,2.83
CA_1,HOBBIES_1_061,11552,2.83
CA_1,HOBBIES_1_061,11601,2.83
CA_1,HOBBIES_1_061,11602,2.83
CA_1,HOBBIES_1_061,11603,2.83
CA_1,HOBBIES_1_061,11604,2.83
CA_1,HOBBIES_1_061,11605,2.83
CA_1,HOBBIES_1_061,11606,2.83
CA_1,HOBBIES_1_061,11607,2.83
CA_1,HOBBIES_1_061,11608,2.83
CA_1,HOBBIES_1_061,11609,2.83
CA_1,HOBBIES_1_061,11610,2.83
CA_1,HOBBIES_1_061,11611,2.83
CA_1,HOBBIES_1_061,11612,2.83
CA_1,HOBBIES_1_061,11613,2.83
CA_1,HOBBIES_1_061,11614,2.83
CA_1,HOBBIES_1_061,11615,2.83
CA_1,HOBBIES_1_061,11616,2.83
CA_1,HOBBIES_1_061,11617,2.83
CA_1,HOBBIES_1_061,11618,2.83
CA_1,HOBBIES_1_061,11619,2.83
CA_1,HOBBIES_1_061,11620,2.83
CA_1,HOBBIES_1_061,11621,2.83
CA_1,HOBBIES_1_062,11319,0.97
CA_1,HOBBIES_1_062,11320,0.97
CA_1,HOBBIES_1_062,11321,0.97
CA_1,HOBBIES_1_062,11322,0.97
CA_1,HOBBIES_1_062,11323,0.97
CA_1,HOBBIES_1_062,11324,0.97
CA_1,HOBBIES_1_062,11325,0.97
CA_1,HOBBIES_1_062,11326,0.97
CA_1,HOBBIES_1_062,11327,0.97
CA_1,HOBBIES_1_062,11328,0.97
CA_1,HOBBIES_1_062,11329,0.97
CA_1,HOBBIES_1_062,11330,0.97
CA_1,HOBBIES_1_062,11331,0.97
CA_1,HOBBIES_1_062,11332,0.97
CA_1,HOBBIES_1_062,11333,0.97
CA_1,HOBBIES_1_062,11334,0.97
CA_1,HOBBIES_1_062,11335,0.97
CA_1,HOBBIES_1_062,11336,0.97
CA_1,HOBBIES_1_062,11337,0.97
CA_1,HOBBIES_1_062,11338,0.97
CA_1,HOBBIES_1_062,11339,0.97
CA_1,HOBBIES_1_062,11340,0.97
CA_1,HOBBIES_1_062,11341,0.97
CA_1,HOBBIES_1_062,11342,0.97
CA_1,HOBBIES_1_062,11343,0.97
CA_1,HOBBIES_1_062,11344,0.97
CA_1,HOBBIES_1_062,11345,0.97
CA_1,HOBBIES_1_062,11346,0.97
CA_1,HOBBIES_1_062,11347,0.97
CA_1,HOBBIES_1_062,11348,0.97
CA_1,HOBBIES_1_062,11349,0.97
CA_1,HOBBIES_1_062,11350,0.97
CA_1,HOBBIES_1_062,11351,0.97
CA_1,HOBBIES_1_062,11352,0.97
CA_1,HOBBIES_1_062,11353,0.97
CA_1,HOBBIES_1_062,11401,0.97
CA_1,HOBBIES_1_062,11402,0.97
CA_1,HOBBIES_1_062,11403,0.97
CA_1,HOBBIES_1_062,11404,0.97
CA_1,HOBBIES_1_062,11405,0.97
CA_1,HOBBIES_1_062,11406,0.97
CA_1,HOBBIES_1_062,11407,0.97
CA_1,HOBBIES_1_062,11408,0.97
CA_1,HOBBIES_1_062,11409,0.97
CA_1,HOBBIES_1_062,11410,0.97
CA_1,HOBBIES_1_062,11411,0.97
CA_1,HOBBIES_1_062,11412,0.97
CA_1,HOBBIES_1_062,11413,0.97
CA_1,HOBBIES_1_062,11414,0.97
CA_1,HOBBIES_1_062,11415,0.97
CA_1,HOBBIES_1_062,11416,0.97
CA_1,HOBBIES_1_062,11417,0.97
CA_1,HOBBIES_1_062,11418,0.97
CA_1,HOBBIES_1_062,11419,0.97
CA_1,HOBBIES_1_062,11420,0.97
CA_1,HOBBIES_1_062,11421,0.97
CA_1,HOBBIES_1_062,11422,0.97
CA_1,HOBBIES_1_062,11423,0.97
CA_1,HOBBIES_1_062,11424,0.97
CA_1,HOBBIES_1_062,11425,0.97
CA_1,HOBBIES_1_062,11426,0.97
CA_1,HOBBIES_1_062,11427,0.97
CA_1,HOBBIES_1_062,11428,0.97
CA_1,HOBBIES_1_062,11429,0.97
CA_1,HOBBIES_1_062,11430,0.97
CA_1,HOBBIES_1_062,11431,0.97
CA_1,HOBBIES_1_062,11432,0.97
CA_1,HOBBIES_1_062,11433,0.97
CA_1,HOBBIES_1_062,11434,0.97
CA_1,HOBBIES_1_062,11435,0.97
CA_1,HOBBIES_1_062,11436,0.97
CA_1,HOBBIES_1_062,11437,0.97
CA_1,HOBBIES_1_062,11438,0.97
CA_1,HOBBIES_1_062,11439,0.97
CA_1,HOBBIES_1_062,11440,0.97
CA_1,HOBBIES_1_062,11441,0.97
CA_1,HOBBIES_1_062,11442,0.97
CA_1,HOBBIES_1_062,11443,0.97
CA_1,HOBBIES_1_062,11444,0.97
CA_1,HOBBIES_1_062,11445,0.97
CA_1,HOBBIES_1_062,11446,0.97
CA_1,HOBBIES_1_062,11447,0.97
CA_1,HOBBIES_1_062,11448,0.97
CA_1,HOBBIES_1_062,11449,0.97
CA_1,HOBBIES_1_062,11450,0.97
CA_1,HOBBIES_1_062,11451,0.97
CA_1,HOBBIES_1_062,11452,0.97
CA_1,HOBBIES_1_062,11501,0.97
CA_1,HOBBIES_1_062,11502,0.97
CA_1,HOBBIES_1_062,11503,0.97
CA_1,HOBBIES_1_062,11504,0.97
CA_1,HOBBIES_1_062,11505,0.97
CA_1,HOBBIES_1_062,11506,0.97
CA_1,HOBBIES_1_062,11507,0.97
CA_1,HOBBIES_1_062,11508,0.97
CA_1,HOBBIES_1_062,11509,0.97
CA_1,HOBBIES_1_062,11510,0.97
CA_1,HOBBIES_1_062,11511,0.97
CA_1,HOBBIES_1_062,11512,0.97
CA_1,HOBBIES_1_062,11513,0.97
CA_1,HOBBIES_1_062,11514,0.97
CA_1,HOBBIES_1_062,11515,0.97
CA_1,HOBBIES_1_062,11516,0.97
CA_1,HOBBIES_1_062,11517,0.97
CA_1,HOBBIES_1_062,11518,0.97
CA_1,HOBBIES_1_062,11519,0.97
CA_1,HOBBIES_1_062,11520,0.97
CA_1,HOBBIES_1_062,11521,0.97
CA_1,HOBBIES_1_062,11522,0.97
CA_1,HOBBIES_1_062,11523,0.97
CA_1,HOBBIES_1_062,11524,0.97
CA_1,HOBBIES_1_062,11525,0.97
CA_1,HOBBIES_1_062,11526,0.97
CA_1,HOBBIES_1_062,11527,0.97
CA_1,HOBBIES_1_062,11528,0.97
CA_1,HOBBIES_1_062,11529,0.97
CA_1,HOBBIES_1_062,11530,0.97
CA_1,HOBBIES_1_062,11531,0.97
CA_1,HOBBIES_1_062,11532,0.97
CA_1,HOBBIES_1_062,11533,0.97
CA_1,HOBBIES_1_062,11534,0.97
CA_1,HOBBIES_1_062,11535,0.97
CA_1,HOBBIES_1_062,11536,0.97
CA_1,HOBBIES_1_062,11537,0.97
CA_1,HOBBIES_1_062,11538,0.97
CA_1,HOBBIES_1_062,11539,0.97
CA_1,HOBBIES_1_062,11540,0.97
CA_1,HOBBIES_1_062,11541,0.97
CA_1,HOBBIES_1_062,11542,0.97
CA_1,HOBBIES_1_062,11543,0.97
CA_1,HOBBIES_1_062,11544,0.97
CA_1,HOBBIES_1_062,11545,0.97
CA_1,HOBBIES_1_062,11546,0.97
CA_1,HOBBIES_1_062,11547,0.97
CA_1,HOBBIES_1_062,11548,0.97
CA_1,HOBBIES_1_062,11549,0.97
CA_1,HOBBIES_1_062,11550,0.97
CA_1,HOBBIES_1_062,11551,0.97
CA_1,HOBBIES_1_062,11552,0.97
CA_1,HOBBIES_1_062,11601,0.97
CA_1,HOBBIES_1_062,11602,0.97
CA_1,HOBBIES_1_062,11603,0.97
CA_1,HOBBIES_1_062,11604,0.97
CA_1,HOBBIES_1_062,11605,0.97
CA_1,HOBBIES_1_062,11606,0.97
CA_1,HOBBIES_1_062,11607,0.97
CA_1,HOBBIES_1_062,11608,0.97
CA_1,HOBBIES_1_062,11609,0.97
CA_1,HOBBIES_1_062,11610,0.97
CA_1,HOBBIES_1_062,11611,0.97
CA_1,HOBBIES_1_062,11612,0.97
CA_1,HOBBIES_1_062,11613,0.97
CA_1,HOBBIES_1_062,11614,0.97
CA_1,HOBBIES_1_062,11615,0.97
CA_1,HOBBIES_1_062,11616,0.97
CA_1,HOBBIES_1_062,11617,0.97
CA_1,HOBBIES_1_062,11618,0.97
CA_1,HOBBIES_1_062,11619,0.97
CA_1,HOBBIES_1_062,11620,0.97
CA_1,HOBBIES_1_062,11621,0.97
CA_1,HOBBIES_1_063,11101,5.22
CA_1,HOBBIES_1_063,11102,5.22
CA_1,HOBBIES_1_063,11103,5.22
CA_1,HOBBIES_1_063,11104,5.22
CA_1,HOBBIES_1_063,11105,5.22
CA_1,HOBBIES_1_063,11106,5.22
CA_1,HOBBIES_1_063,11107,5.22
CA_1,HOBBIES_1_063,11108,5.22
CA_1,HOBBIES_1_063,11109,5.22
CA_1,HOBBIES_1_063,11110,5.22
CA_1,HOBBIES_1_063,11111,5.22
CA_1,HOBBIES_1_063,11112,5.22
CA_1,HOBBIES_1_063,11113,5.22
CA_1,HOBBIES_1_063,11114,5.22
CA_1,HOBBIES_1_063,11115,5.22
CA_1,HOBBIES_1_063,11116,5.22
CA_1,HOBBIES_1_063,11117,5.22
CA_1,HOBBIES_1_063,11118,5.22
CA_1,HOBBIES_1_063,11119,5.22
CA_1,HOBBIES_1_063,11120,5.22
CA_1,HOBBIES_1_063,11121,5.22
CA_1,HOBBIES_1_063,11122,5.22
CA_1,HOBBIES_1_063,11123,5.22
CA_1,HOBBIES_1_063,11124,5.22
CA_1,HOBBIES_1_063,11125,5.22
CA_1,HOBBIES_1_063,11126,5.22
CA_1,HOBBIES_1_063,11127,5.22
CA_1,HOBBIES_1_063,11128,5.22
CA_1,HOBBIES_1_063,11129,5.22
CA_1,HOBBIES_1_063,11130,5.22
CA_1,HOBBIES_1_063,11131,5.22
CA_1,HOBBIES_1_063,11132,5.22
CA_1,HOBBIES_1_063,11133,5.22
CA_1,HOBBIES_1_063,11134,5.22
CA_1,HOBBIES_1_063,11135,5.22
CA_1,HOBBIES_1_063,11136,5.22
CA_1,HOBBIES_1_063,11137,5.22
CA_1,HOBBIES_1_063,11138,5.22
CA_1,HOBBIES_1_063,11139,5.22
CA_1,HOBBIES_1_063,11140,5.22
CA_1,HOBBIES_1_063,11141,5.22
CA_1,HOBBIES_1_063,11142,5.22
CA_1,HOBBIES_1_063,11143,5.22
CA_1,HOBBIES_1_063,11144,5.22
CA_1,HOBBIES_1_063,11145,5.22
CA_1,HOBBIES_1_063,11146,5.22
CA_1,HOBBIES_1_063,11147,5.22
CA_1,HOBBIES_1_063,11148,5.22
CA_1,HOBBIES_1_063,11149,5.22
CA_1,HOBBIES_1_063,11150,5.22
CA_1,HOBBIES_1_063,11151,5.22
CA_1,HOBBIES_1_063,11152,5.22
CA_1,HOBBIES_1_063,11201,5.22
CA_1,HOBBIES_1_063,11202,5.22
CA_1,HOBBIES_1_063,11203,5.22
CA_1,HOBBIES_1_063,11204,5.22
CA_1,HOBBIES_1_063,11205,5.22
CA_1,HOBBIES_1_063,11206,5.22
CA_1,HOBBIES_1_063,11207,5.22
CA_1,HOBBIES_1_063,11208,5.22
CA_1,HOBBIES_1_063,11209,5.22
CA_1,HOBBIES_1_063,11210,5.22
CA_1,HOBBIES_1_063,11211,5.22
CA_1,HOBBIES_1_063,11212,5.22
CA_1,HOBBIES_1_063,11213,5.22
CA_1,HOBBIES_1_063,11214,5.22
CA_1,HOBBIES_1_063,11215,5.22
CA_1,HOBBIES_1_063,11216,5.22
CA_1,HOBBIES_1_063,11217,5.22
CA_1,HOBBIES_1_063,11218,5.22
CA_1,HOBBIES_1_063,11219,5.22
CA_1,HOBBIES_1_063,11220,5.22
CA_1,HOBBIES_1_063,11221,5.22
CA_1,HOBBIES_1_063,11222,5.22
CA_1,HOBBIES_1_063,11223,5.22
CA_1,HOBBIES_1_063,11224,5.22
CA_1,HOBBIES_1_063,11225,5.22
CA_1,HOBBIES_1_063,11226,5.22
CA_1,HOBBIES_1_063,11227,5.22
CA_1,HOBBIES_1_063,11228,5.22
CA_1,HOBBIES_1_063,11229,5.22
CA_1,HOBBIES_1_063,11230,5.22
CA_1,HOBBIES_1_063,11231,5.22
CA_1,HOBBIES_1_063,11232,5.22
CA_1,HOBBIES_1_063,11233,5.22
CA_1,HOBBIES_1_063,11234,5.22
CA_1,HOBBIES_1_063,11235,5.22
CA_1,HOBBIES_1_063,11236,5.22
CA_1,HOBBIES_1_063,11237,5.22
CA_1,HOBBIES_1_063,11238,5.22
CA_1,HOBBIES_1_063,11239,5.22
CA_1,HOBBIES_1_063,11240,5.22
CA_1,HOBBIES_1_063,11241,5.22
CA_1,HOBBIES_1_063,11242,5.22
CA_1,HOBBIES_1_063,11243,5.22
CA_1,HOBBIES_1_063,11244,5.22
CA_1,HOBBIES_1_063,11245,5.22
CA_1,HOBBIES_1_063,11246,5.22
CA_1,HOBBIES_1_063,11247,5.22
CA_1,HOBBIES_1_063,11248,5.22
CA_1,HOBBIES_1_063,11249,5.22
CA_1,HOBBIES_1_063,11250,5.22
CA_1,HOBBIES_1_063,11251,5.22
CA_1,HOBBIES_1_063,11252,5.22
CA_1,HOBBIES_1_063,11301,5.22
CA_1,HOBBIES_1_063,11302,5.22
CA_1,HOBBIES_1_063,11303,5.22
CA_1,HOBBIES_1_063,11304,5.22
CA_1,HOBBIES_1_063,11305,5.22
CA_1,HOBBIES_1_063,11306,5.47
CA_1,HOBBIES_1_063,11307,5.47
CA_1,HOBBIES_1_063,11308,5.47
CA_1,HOBBIES_1_063,11309,5.47
CA_1,HOBBIES_1_063,11310,5.47
CA_1,HOBBIES_1_063,11311,5.47
CA_1,HOBBIES_1_063,11312,5.47
CA_1,HOBBIES_1_063,11313,5.47
CA_1,HOBBIES_1_063,11314,5.47
CA_1,HOBBIES_1_063,11315,5.47
CA_1,HOBBIES_1_063,11316,5.47
CA_1,HOBBIES_1_063,11317,5.47
CA_1,HOBBIES_1_063,11318,5.47
CA_1,HOBBIES_1_063,11319,5.47
CA_1,HOBBIES_1_063,11320,5.47
CA_1,HOBBIES_1_063,11321,5.47
CA_1,HOBBIES_1_063,11322,5.47
CA_1,HOBBIES_1_063,11323,5.47
CA_1,HOBBIES_1_063,11324,5.47
CA_1,HOBBIES_1_063,11325,5.47
CA_1,HOBBIES_1_063,11326,5.47
CA_1,HOBBIES_1_063,11327,5.47
CA_1,HOBBIES_1_063,11328,5.47
CA_1,HOBBIES_1_063,11329,5.47
CA_1,HOBBIES_1_063,11330,5.47
CA_1,HOBBIES_1_063,11331,5.47
CA_1,HOBBIES_1_063,11332,5.47
CA_1,HOBBIES_1_063,11333,5.47
CA_1,HOBBIES_1_063,11334,5.47
CA_1,HOBBIES_1_063,11335,5.47
CA_1,HOBBIES_1_063,11336,5.47
CA_1,HOBBIES_1_063,11337,5.47
CA_1,HOBBIES_1_063,11338,5.47
CA_1,HOBBIES_1_063,11339,5.47
CA_1,HOBBIES_1_063,11340,5.47
CA_1,HOBBIES_1_063,11341,5.47
CA_1,HOBBIES_1_063,11342,5.47
CA_1,HOBBIES_1_063,11343,5.47
CA_1,HOBBIES_1_063,11344,5.47
CA_1,HOBBIES_1_063,11345,5.47
CA_1,HOBBIES_1_063,11346,5.47
CA_1,HOBBIES_1_063,11347,5.47
CA_1,HOBBIES_1_063,11348,5.47
CA_1,HOBBIES_1_063,11349,5.47
CA_1,HOBBIES_1_063,11350,5.47
CA_1,HOBBIES_1_063,11351,5.47
CA_1,HOBBIES_1_063,11352,5.47
CA_1,HOBBIES_1_063,11353,5.47
CA_1,HOBBIES_1_063,11401,5.47
CA_1,HOBBIES_1_063,11402,5.47
CA_1,HOBBIES_1_063,11403,5.47
CA_1,HOBBIES_1_063,11404,5.47
CA_1,HOBBIES_1_063,11405,5.47
CA_1,HOBBIES_1_063,11406,5.47
CA_1,HOBBIES_1_063,11407,5.47
CA_1,HOBBIES_1_063,11408,5.47
CA_1,HOBBIES_1_063,11409,5.47
CA_1,HOBBIES_1_063,11410,5.47
CA_1,HOBBIES_1_063,11411,5.47
CA_1,HOBBIES_1_063,11412,5.47
CA_1,HOBBIES_1_063,11413,5.47
CA_1,HOBBIES_1_063,11414,5.47
CA_1,HOBBIES_1_063,11415,5.47
CA_1,HOBBIES_1_063,11416,5.47
CA_1,HOBBIES_1_063,11417,5.47
CA_1,HOBBIES_1_063,11418,5.47
CA_1,HOBBIES_1_063,11419,5.47
CA_1,HOBBIES_1_063,11420,5.47
CA_1,HOBBIES_1_063,11421,5.47
CA_1,HOBBIES_1_063,11422,5.47
CA_1,HOBBIES_1_063,11423,5.47
CA_1,HOBBIES_1_063,11424,5.47
CA_1,HOBBIES_1_063,11425,5.47
CA_1,HOBBIES_1_063,11426,5.47
CA_1,HOBBIES_1_063,11427,5.47
CA_1,HOBBIES_1_063,11428,5.47
CA_1,HOBBIES_1_063,11429,5.47
CA_1,HOBBIES_1_063,11430,5.47
CA_1,HOBBIES_1_063,11431,5.47
CA_1,HOBBIES_1_063,11432,5.47
CA_1,HOBBIES_1_063,11433,5.47
CA_1,HOBBIES_1_063,11434,5.47
CA_1,HOBBIES_1_063,11435,5.47
CA_1,HOBBIES_1_063,11436,5.47
CA_1,HOBBIES_1_063,11437,5.47
CA_1,HOBBIES_1_063,11438,5.47
CA_1,HOBBIES_1_063,11439,5.47
CA_1,HOBBIES_1_063,11440,5.47
CA_1,HOBBIES_1_063,11441,5.47
CA_1,HOBBIES_1_063,11442,5.47
CA_1,HOBBIES_1_063,11443,5.47
CA_1,HOBBIES_1_063,11444,5.47
CA_1,HOBBIES_1_063,11445,5.47
CA_1,HOBBIES_1_063,11446,5.47
CA_1,HOBBIES_1_063,11447,5.47
CA_1,HOBBIES_1_063,11448,5.47
CA_1,HOBBIES_1_063,11449,5.47
CA_1,HOBBIES_1_063,11450,5.47
CA_1,HOBBIES_1_063,11451,5.47
CA_1,HOBBIES_1_063,11452,5.47
CA_1,HOBBIES_1_063,11501,5.47
CA_1,HOBBIES_1_063,11502,5.47
CA_1,HOBBIES_1_063,11503,5.47
CA_1,HOBBIES_1_063,11504,5.47
CA_1,HOBBIES_1_063,11505,5.47
CA_1,HOBBIES_1_063,11506,5.47
CA_1,HOBBIES_1_063,11507,5.47
CA_1,HOBBIES_1_063,11508,5.47
CA_1,HOBBIES_1_063,11509,5.47
CA_1,HOBBIES_1_063,11510,5.47
CA_1,HOBBIES_1_063,11511,5.47
CA_1,HOBBIES_1_063,11512,5.47
CA_1,HOBBIES_1_063,11513,5.47
CA_1,HOBBIES_1_063,11514,5.47
CA_1,HOBBIES_1_063,11515,5.47
CA_1,HOBBIES_1_063,11516,5.47
CA_1,HOBBIES_1_063,11517,5.47
CA_1,HOBBIES_1_063,11518,5.47
CA_1,HOBBIES_1_063,11519,5.47
CA_1,HOBBIES_1_063,11520,5.47
CA_1,HOBBIES_1_063,11521,5.47
CA_1,HOBBIES_1_063,11522,5.47
CA_1,HOBBIES_1_063,11523,5.47
CA_1,HOBBIES_1_063,11524,5.47
CA_1,HOBBIES_1_063,11525,5.47
CA_1,HOBBIES_1_063,11526,5.47
CA_1,HOBBIES_1_063,11527,5.47
CA_1,HOBBIES_1_063,11528,5.47
CA_1,HOBBIES_1_063,11529,5.47
CA_1,HOBBIES_1_063,11530,5.47
CA_1,HOBBIES_1_063,11531,5.47
CA_1,HOBBIES_1_063,11532,5.47
CA_1,HOBBIES_1_063,11533,5.47
CA_1,HOBBIES_1_063,11534,5.47
CA_1,HOBBIES_1_063,11535,5.47
CA_1,HOBBIES_1_063,11536,5.47
CA_1,HOBBIES_1_063,11537,5.47
CA_1,HOBBIES_1_063,11538,5.47
CA_1,HOBBIES_1_063,11539,5.47
CA_1,HOBBIES_1_063,11540,5.47
CA_1,HOBBIES_1_063,11541,5.47
CA_1,HOBBIES_1_063,11542,5.47
CA_1,HOBBIES_1_063,11543,5.47
CA_1,HOBBIES_1_063,11544,5.47
CA_1,HOBBIES_1_063,11545,5.47
CA_1,HOBBIES_1_063,11546,5.47
CA_1,HOBBIES_1_063,11547,5.47
CA_1,HOBBIES_1_063,11548,5.47
CA_1,HOBBIES_1_063,11549,5.47
CA_1,HOBBIES_1_063,11550,5.47
CA_1,HOBBIES_1_063,11551,5.47
CA_1,HOBBIES_1_063,11552,5.47
CA_1,HOBBIES_1_063,11601,5.47
CA_1,HOBBIES_1_063,11602,5.47
CA_1,HOBBIES_1_063,11603,5.47
CA_1,HOBBIES_1_063,11604,5.47
CA_1,HOBBIES_1_063,11605,5.47
CA_1,HOBBIES_1_063,11606,5.47
CA_1,HOBBIES_1_063,11607,5.47
CA_1,HOBBIES_1_063,11608,5.47
CA_1,HOBBIES_1_063,11609,5.47
CA_1,HOBBIES_1_063,11610,5.47
CA_1,HOBBIES_1_063,11611,5.47
CA_1,HOBBIES_1_063,11612,5.47
CA_1,HOBBIES_1_063,11613,5.47
CA_1,HOBBIES_1_063,11614,5.47
CA_1,HOBBIES_1_063,11615,5.47
CA_1,HOBBIES_1_063,11616,5.47
CA_1,HOBBIES_1_063,11617,5.47
CA_1,HOBBIES_1_063,11618,5.47
CA_1,HOBBIES_1_063,11619,5.47
CA_1,HOBBIES_1_063,11620,5.47
CA_1,HOBBIES_1_063,11621,5.47
CA_1,HOBBIES_1_064,11102,12.32
CA_1,HOBBIES_1_064,11103,12.32
CA_1,HOBBIES_1_064,11104,12.32
CA_1,HOBBIES_1_064,11105,12.32
CA_1,HOBBIES_1_064,11106,12.32
CA_1,HOBBIES_1_064,11107,12.32
CA_1,HOBBIES_1_064,11108,12.32
CA_1,HOBBIES_1_064,11109,12.97
CA_1,HOBBIES_1_064,11110,12.97
CA_1,HOBBIES_1_064,11111,12.97
CA_1,HOBBIES_1_064,11112,12.97
CA_1,HOBBIES_1_064,11113,12.97
CA_1,HOBBIES_1_064,11114,12.97
CA_1,HOBBIES_1_064,11115,12.97
CA_1,HOBBIES_1_064,11116,12.97
CA_1,HOBBIES_1_064,11117,12.97
CA_1,HOBBIES_1_064,11118,12.97
CA_1,HOBBIES_1_064,11119,12.97
CA_1,HOBBIES_1_064,11120,12.97
CA_1,HOBBIES_1_064,11121,12.97
CA_1,HOBBIES_1_064,11122,12.97
CA_1,HOBBIES_1_064,11123,12.97
CA_1,HOBBIES_1_064,11124,12.97
CA_1,HOBBIES_1_064,11125,12.97
CA_1,HOBBIES_1_064,11126,12.97
CA_1,HOBBIES_1_064,11127,12.97
CA_1,HOBBIES_1_064,11128,12.97
CA_1,HOBBIES_1_064,11129,12.97
CA_1,HOBBIES_1_064,11130,12.97
CA_1,HOBBIES_1_064,11131,12.97
CA_1,HOBBIES_1_064,11132,12.97
CA_1,HOBBIES_1_064,11133,12.97
CA_1,HOBBIES_1_064,11134,12.97
CA_1,HOBBIES_1_064,11135,12.97
CA_1,HOBBIES_1_064,11136,12.97
CA_1,HOBBIES_1_064,11137,12.97
CA_1,HOBBIES_1_064,11138,12.97
CA_1,HOBBIES_1_064,11139,12.97
CA_1,HOBBIES_1_064,11140,12.97
CA_1,HOBBIES_1_064,11141,12.97
CA_1,HOBBIES_1_064,11142,12.97
CA_1,HOBBIES_1_064,11143,12.97
CA_1,HOBBIES_1_064,11144,12.97
CA_1,HOBBIES_1_064,11145,12.97
CA_1,HOBBIES_1_064,11146,12.97
CA_1,HOBBIES_1_064,11147,12.97
CA_1,HOBBIES_1_064,11148,12.97
CA_1,HOBBIES_1_064,11149,12.97
CA_1,HOBBIES_1_064,11150,12.97
CA_1,HOBBIES_1_064,11151,12.97
CA_1,HOBBIES_1_064,11152,12.97
CA_1,HOBBIES_1_064,11201,12.97
CA_1,HOBBIES_1_064,11202,12.97
CA_1,HOBBIES_1_064,11203,12.97
CA_1,HOBBIES_1_064,11204,12.97
CA_1,HOBBIES_1_064,11205,12.97
CA_1,HOBBIES_1_064,11206,12.97
CA_1,HOBBIES_1_064,11207,12.97
CA_1,HOBBIES_1_064,11208,12.97
CA_1,HOBBIES_1_064,11209,12.97
CA_1,HOBBIES_1_064,11210,12.97
CA_1,HOBBIES_1_064,11211,12.97
CA_1,HOBBIES_1_064,11212,12.97
CA_1,HOBBIES_1_064,11213,12.97
CA_1,HOBBIES_1_064,11214,12.97
CA_1,HOBBIES_1_064,11215,12.97
CA_1,HOBBIES_1_064,11216,12.97
CA_1,HOBBIES_1_064,11217,12.97
CA_1,HOBBIES_1_064,11218,12.97
CA_1,HOBBIES_1_064,11219,12.97
CA_1,HOBBIES_1_064,11220,12.97
CA_1,HOBBIES_1_064,11221,12.97
CA_1,HOBBIES_1_064,11222,12.97
CA_1,HOBBIES_1_064,11223,12.97
CA_1,HOBBIES_1_064,11224,12.97
CA_1,HOBBIES_1_064,11225,12.97
CA_1,HOBBIES_1_064,11226,12.97
CA_1,HOBBIES_1_064,11227,12.97
CA_1,HOBBIES_1_064,11228,12.97
CA_1,HOBBIES_1_064,11229,12.97
CA_1,HOBBIES_1_064,11230,12.97
CA_1,HOBBIES_1_064,11231,12.97
CA_1,HOBBIES_1_064,11232,12.97
CA_1,HOBBIES_1_064,11233,12.97
CA_1,HOBBIES_1_064,11234,12.97
CA_1,HOBBIES_1_064,11235,12.97
CA_1,HOBBIES_1_064,11236,12.97
CA_1,HOBBIES_1_064,11237,12.97
CA_1,HOBBIES_1_064,11238,12.97
CA_1,HOBBIES_1_064,11239,12.97
CA_1,HOBBIES_1_064,11240,12.97
CA_1,HOBBIES_1_064,11241,12.97
CA_1,HOBBIES_1_064,11242,12.97
CA_1,HOBBIES_1_064,11243,12.97
CA_1,HOBBIES_1_064,11244,12.97
CA_1,HOBBIES_1_064,11245,13.48
CA_1,HOBBIES_1_064,11246,13.48
CA_1,HOBBIES_1_064,11247,12.97
CA_1,HOBBIES_1_064,11248,12.97
CA_1,HOBBIES_1_064,11249,12.97
CA_1,HOBBIES_1_064,11250,12.97
CA_1,HOBBIES_1_064,11251,12.97
CA_1,HOBBIES_1_064,11252,12.97
CA_1,HOBBIES_1_064,11301,12.97
CA_1,HOBBIES_1_064,11302,12.97
CA_1,HOBBIES_1_064,11303,12.97
CA_1,HOBBIES_1_064,11304,12.97
CA_1,HOBBIES_1_064,11305,12.97
CA_1,HOBBIES_1_064,11306,12.97
CA_1,HOBBIES_1_064,11307,12.97
CA_1,HOBBIES_1_064,11308,12.97
CA_1,HOBBIES_1_064,11309,12.97
CA_1,HOBBIES_1_064,11310,12.97
CA_1,HOBBIES_1_064,11311,12.97
CA_1,HOBBIES_1_064,11312,12.97
CA_1,HOBBIES_1_064,11313,12.97
CA_1,HOBBIES_1_064,11314,12.97
CA_1,HOBBIES_1_064,11315,12.97
CA_1,HOBBIES_1_064,11316,12.97
CA_1,HOBBIES_1_064,11317,12.97
CA_1,HOBBIES_1_064,11318,12.97
CA_1,HOBBIES_1_064,11319,12.97
CA_1,HOBBIES_1_064,11320,12.97
CA_1,HOBBIES_1_064,11321,12.97
CA_1,HOBBIES_1_064,11322,12.97
CA_1,HOBBIES_1_064,11323,12.97
CA_1,HOBBIES_1_064,11324,12.97
CA_1,HOBBIES_1_064,11325,12.97
CA_1,HOBBIES_1_064,11326,12.97
CA_1,HOBBIES_1_064,11327,12.97
CA_1,HOBBIES_1_064,11328,12.97
CA_1,HOBBIES_1_064,11329,12.97
CA_1,HOBBIES_1_064,11330,12.97
CA_1,HOBBIES_1_064,11331,12.97
CA_1,HOBBIES_1_064,11332,12.97
CA_1,HOBBIES_1_064,11333,12.97
CA_1,HOBBIES_1_064,11334,12.97
CA_1,HOBBIES_1_064,11335,12.97
CA_1,HOBBIES_1_064,11336,12.97
CA_1,HOBBIES_1_064,11337,12.97
CA_1,HOBBIES_1_064,11338,12.97
CA_1,HOBBIES_1_064,11339,12.97
CA_1,HOBBIES_1_064,11340,12.97
CA_1,HOBBIES_1_064,11341,12.97
CA_1,HOBBIES_1_064,11342,12.97
CA_1,HOBBIES_1_064,11343,12.97
CA_1,HOBBIES_1_064,11344,12.97
CA_1,HOBBIES_1_064,11345,12.97
CA_1,HOBBIES_1_064,11346,12.97
CA_1,HOBBIES_1_064,11347,12.97
CA_1,HOBBIES_1_064,11348,12.97
CA_1,HOBBIES_1_064,11349,12.97
CA_1,HOBBIES_1_064,11350,12.97
CA_1,HOBBIES_1_064,11351,12.97
CA_1,HOBBIES_1_064,11352,12.97
CA_1,HOBBIES_1_064,11353,12.97
CA_1,HOBBIES_1_064,11401,12.97
CA_1,HOBBIES_1_064,11402,12.97
CA_1,HOBBIES_1_064,11403,12.97
CA_1,HOBBIES_1_064,11404,12.97
CA_1,HOBBIES_1_064,11405,12.97
CA_1,HOBBIES_1_064,11406,12.97
CA_1,HOBBIES_1_064,11407,12.97
CA_1,HOBBIES_1_064,11408,12.97
CA_1,HOBBIES_1_064,11409,12.97
CA_1,HOBBIES_1_064,11410,12.97
CA_1,HOBBIES_1_064,11411,12.97
CA_1,HOBBIES_1_064,11412,12.97
CA_1,HOBBIES_1_064,11413,12.97
CA_1,HOBBIES_1_064,11414,12.97
CA_1,HOBBIES_1_064,11415,12.97
CA_1,HOBBIES_1_064,11416,12.97
CA_1,HOBBIES_1_064,11417,12.97
CA_1,HOBBIES_1_064,11418,12.97
CA_1,HOBBIES_1_064,11419,12.97
CA_1,HOBBIES_1_064,11420,12.97
CA_1,HOBBIES_1_064,11421,12.97
CA_1,HOBBIES_1_064,11422,12.97
CA_1,HOBBIES_1_064,11423,12.97
CA_1,HOBBIES_1_064,11424,12.97
CA_1,HOBBIES_1_064,11425,12.97
CA_1,HOBBIES_1_064,11426,12.97
CA_1,HOBBIES_1_064,11427,12.97
CA_1,HOBBIES_1_064,11428,12.97
CA_1,HOBBIES_1_064,11429,12.97
CA_1,HOBBIES_1_064,11430,12.97
CA_1,HOBBIES_1_064,11431,12.97
CA_1,HOBBIES_1_064,11432,12.97
CA_1,HOBBIES_1_064,11433,12.97
CA_1,HOBBIES_1_064,11434,12.97
CA_1,HOBBIES_1_064,11435,12.97
CA_1,HOBBIES_1_064,11436,12.97
CA_1,HOBBIES_1_064,11437,12.97
CA_1,HOBBIES_1_064,11438,12.97
CA_1,HOBBIES_1_064,11439,12.97
CA_1,HOBBIES_1_064,11440,12.97
CA_1,HOBBIES_1_064,11441,12.97
CA_1,HOBBIES_1_064,11442,12.97
CA_1,HOBBIES_1_064,11443,12.97
CA_1,HOBBIES_1_064,11444,12.97
CA_1,HOBBIES_1_064,11445,12.97
CA_1,HOBBIES_1_064,11446,12.97
CA_1,HOBBIES_1_064,11447,12.97
CA_1,HOBBIES_1_064,11448,12.97
CA_1,HOBBIES_1_064,11449,12.97
CA_1,HOBBIES_1_064,11450,12.97
CA_1,HOBBIES_1_064,11451,12.97
CA_1,HOBBIES_1_064,11452,12.97
CA_1,HOBBIES_1_064,11501,12.97
CA_1,HOBBIES_1_064,11502,12.97
CA_1,HOBBIES_1_064,11503,12.97
CA_1,HOBBIES_1_064,11504,12.97
CA_1,HOBBIES_1_064,11505,12.97
CA_1,HOBBIES_1_064,11506,12.97
CA_1,HOBBIES_1_064,11507,12.97
CA_1,HOBBIES_1_064,11508,12.97
CA_1,HOBBIES_1_064,11509,12.97
CA_1,HOBBIES_1_064,11510,12.97
CA_1,HOBBIES_1_064,11511,12.97
CA_1,HOBBIES_1_064,11512,12.97
CA_1,HOBBIES_1_064,11513,12.97
CA_1,HOBBIES_1_064,11514,12.97
CA_1,HOBBIES_1_064,11515,12.97
CA_1,HOBBIES_1_064,11516,12.97
CA_1,HOBBIES_1_064,11517,12.97
CA_1,HOBBIES_1_064,11518,12.97
CA_1,HOBBIES_1_064,11519,12.97
CA_1,HOBBIES_1_064,11520,12.97
CA_1,HOBBIES_1_064,11521,12.97
CA_1,HOBBIES_1_064,11522,12.97
CA_1,HOBBIES_1_064,11523,12.97
CA_1,HOBBIES_1_064,11524,12.97
CA_1,HOBBIES_1_064,11525,12.97
CA_1,HOBBIES_1_064,11526,12.97
CA_1,HOBBIES_1_064,11527,12.97
CA_1,HOBBIES_1_064,11528,12.97
CA_1,HOBBIES_1_064,11529,12.97
CA_1,HOBBIES_1_064,11530,12.97
CA_1,HOBBIES_1_064,11531,12.97
CA_1,HOBBIES_1_064,11532,12.97
CA_1,HOBBIES_1_064,11533,12.97
CA_1,HOBBIES_1_064,11534,12.97
CA_1,HOBBIES_1_064,11535,12.97
CA_1,HOBBIES_1_064,11536,12.97
CA_1,HOBBIES_1_064,11537,12.97
CA_1,HOBBIES_1_064,11538,12.97
CA_1,HOBBIES_1_064,11539,12.97
CA_1,HOBBIES_1_064,11540,12.97
CA_1,HOBBIES_1_064,11541,12.97
CA_1,HOBBIES_1_064,11542,12.97
CA_1,HOBBIES_1_064,11543,12.97
CA_1,HOBBIES_1_064,11544,12.97
CA_1,HOBBIES_1_064,11545,12.97
CA_1,HOBBIES_1_064,11546,12.97
CA_1,HOBBIES_1_064,11547,12.97
CA_1,HOBBIES_1_064,11548,12.97
CA_1,HOBBIES_1_064,11549,12.97
CA_1,HOBBIES_1_064,11550,12.97
CA_1,HOBBIES_1_064,11551,12.97
CA_1,HOBBIES_1_064,11552,12.97
CA_1,HOBBIES_1_064,11601,12.97
CA_1,HOBBIES_1_064,11602,12.97
CA_1,HOBBIES_1_064,11603,12.97
CA_1,HOBBIES_1_064,11604,12.97
CA_1,HOBBIES_1_064,11605,12.97
CA_1,HOBBIES_1_064,11606,12.97
CA_1,HOBBIES_1_064,11607,12.97
CA_1,HOBBIES_1_064,11608,12.97
CA_1,HOBBIES_1_064,11609,12.97
CA_1,HOBBIES_1_064,11610,12.97
CA_1,HOBBIES_1_064,11611,12.97
CA_1,HOBBIES_1_064,11612,12.97
CA_1,HOBBIES_1_064,11613,12.97
CA_1,HOBBIES_1_064,11614,12.97
CA_1,HOBBIES_1_064,11615,12.97
CA_1,HOBBIES_1_064,11616,12.97
CA_1,HOBBIES_1_064,11617,12.97
CA_1,HOBBIES_1_064,11618,12.97
CA_1,HOBBIES_1_064,11619,12.97
CA_1,HOBBIES_1_064,11620,12.44
CA_1,HOBBIES_1_064,11621,12.44
CA_1,HOBBIES_1_065,11214,4.88
CA_1,HOBBIES_1_065,11215,4.88
CA_1,HOBBIES_1_065,11216,4.88
CA_1,HOBBIES_1_065,11217,4.88
CA_1,HOBBIES_1_065,11218,4.88
CA_1,HOBBIES_1_065,11219,4.88
CA_1,HOBBIES_1_065,11220,4.88
CA_1,HOBBIES_1_065,11221,4.88
CA_1,HOBBIES_1_065,11222,4.88
CA_1,HOBBIES_1_065,11223,4.88
CA_1,HOBBIES_1_065,11224,4.88
CA_1,HOBBIES_1_065,11225,4.88
CA_1,HOBBIES_1_065,11226,4.88
CA_1,HOBBIES_1_065,11227,4.88
CA_1,HOBBIES_1_065,11228,4.88
CA_1,HOBBIES_1_065,11229,4.88
CA_1,HOBBIES_1_065,11230,4.88
CA_1,HOBBIES_1_065,11231,4.88
CA_1,HOBBIES_1_065,11232,4.88
CA_1,HOBBIES_1_065,11233,4.88
CA_1,HOBBIES_1_065,11234,4.88
CA_1,HOBBIES_1_065,11235,4.88
CA_1,HOBBIES_1_065,11236,4.88
CA_1,HOBBIES_1_065,11237,4.88
CA_1,HOBBIES_1_065,11238,4.88
CA_1,HOBBIES_1_065,11239,4.88
CA_1,HOBBIES_1_065,11240,4.88
CA_1,HOBBIES_1_065,11241,4.88
CA_1,HOBBIES_1_065,11242,4.88
CA_1,HOBBIES_1_065,11243,4.88
CA_1,HOBBIES_1_065,11244,4.88
CA_1,HOBBIES_1_065,11245,4.88
CA_1,HOBBIES_1_065,11246,4.88
CA_1,HOBBIES_1_065,11247,4.88
CA_1,HOBBIES_1_065,11248,4.88
CA_1,HOBBIES_1_065,11249,4.88
CA_1,HOBBIES_1_065,11250,4.88
CA_1,HOBBIES_1_065,11251,4.88
CA_1,HOBBIES_1_065,11252,4.88
CA_1,HOBBIES_1_065,11301,4.88
CA_1,HOBBIES_1_065,11302,4.88
CA_1,HOBBIES_1_065,11303,4.88
CA_1,HOBBIES_1_065,11304,4.88
CA_1,HOBBIES_1_065,11305,4.88
CA_1,HOBBIES_1_065,11306,4.88
CA_1,HOBBIES_1_065,11307,4.88
CA_1,HOBBIES_1_065,11308,4.88
CA_1,HOBBIES_1_065,11309,4.88
CA_1,HOBBIES_1_065,11310,4.88
CA_1,HOBBIES_1_065,11311,4.88
CA_1,HOBBIES_1_065,11312,4.88
CA_1,HOBBIES_1_065,11313,4.88
CA_1,HOBBIES_1_065,11314,4.88
CA_1,HOBBIES_1_065,11315,4.88
CA_1,HOBBIES_1_065,11316,4.88
CA_1,HOBBIES_1_065,11317,4.88
CA_1,HOBBIES_1_065,11318,4.88
CA_1,HOBBIES_1_065,11319,4.88
CA_1,HOBBIES_1_065,11320,4.88
CA_1,HOBBIES_1_065,11321,4.88
CA_1,HOBBIES_1_065,11322,4.88
CA_1,HOBBIES_1_065,11323,4.88
CA_1,HOBBIES_1_065,11324,4.88
CA_1,HOBBIES_1_065,11325,4.88
CA_1,HOBBIES_1_065,11326,4.88
CA_1,HOBBIES_1_065,11327,4.88
CA_1,HOBBIES_1_065,11328,4.88
CA_1,HOBBIES_1_065,11329,4.88
CA_1,HOBBIES_1_065,11330,4.88
CA_1,HOBBIES_1_065,11331,4.88
CA_1,HOBBIES_1_065,11332,4.88
CA_1,HOBBIES_1_065,11333,4.88
CA_1,HOBBIES_1_065,11334,4.88
CA_1,HOBBIES_1_065,11335,4.88
CA_1,HOBBIES_1_065,11336,4.88
CA_1,HOBBIES_1_065,11337,4.88
CA_1,HOBBIES_1_065,11338,4.88
CA_1,HOBBIES_1_065,11339,4.88
CA_1,HOBBIES_1_065,11340,4.88
CA_1,HOBBIES_1_065,11341,4.88
CA_1,HOBBIES_1_065,11342,4.88
CA_1,HOBBIES_1_065,11343,4.88
CA_1,HOBBIES_1_065,11344,4.88
CA_1,HOBBIES_1_065,11345,4.88
CA_1,HOBBIES_1_065,11346,4.88
CA_1,HOBBIES_1_065,11347,4.88
CA_1,HOBBIES_1_065,11348,4.88
CA_1,HOBBIES_1_065,11349,4.88
CA_1,HOBBIES_1_065,11350,4.88
CA_1,HOBBIES_1_065,11351,4.88
CA_1,HOBBIES_1_065,11352,4.88
CA_1,HOBBIES_1_065,11353,4.88
CA_1,HOBBIES_1_065,11401,4.88
CA_1,HOBBIES_1_065,11402,4.88
CA_1,HOBBIES_1_065,11403,4.88
CA_1,HOBBIES_1_065,11404,4.88
CA_1,HOBBIES_1_065,11405,4.88
CA_1,HOBBIES_1_065,11406,4.88
CA_1,HOBBIES_1_065,11407,4.88
CA_1,HOBBIES_1_065,11408,4.88
CA_1,HOBBIES_1_065,11409,4.88
CA_1,HOBBIES_1_065,11410,4.88
CA_1,HOBBIES_1_065,11411,4.88
CA_1,HOBBIES_1_065,11412,4.88
CA_1,HOBBIES_1_065,11413,4.88
CA_1,HOBBIES_1_065,11414,4.88
CA_1,HOBBIES_1_065,11415,4.88
CA_1,HOBBIES_1_065,11416,4.88
CA_1,HOBBIES_1_065,11417,4.88
CA_1,HOBBIES_1_065,11418,4.88
CA_1,HOBBIES_1_065,11419,4.88
CA_1,HOBBIES_1_065,11420,4.88
CA_1,HOBBIES_1_065,11421,4.88
CA_1,HOBBIES_1_065,11422,4.88
CA_1,HOBBIES_1_065,11423,4.88
CA_1,HOBBIES_1_065,11424,4.88
CA_1,HOBBIES_1_065,11425,4.88
CA_1,HOBBIES_1_065,11426,4.88
CA_1,HOBBIES_1_065,11427,4.88
CA_1,HOBBIES_1_065,11428,4.88
CA_1,HOBBIES_1_065,11429,4.88
CA_1,HOBBIES_1_065,11430,4.88
CA_1,HOBBIES_1_065,11431,4.88
CA_1,HOBBIES_1_065,11432,4.88
CA_1,HOBBIES_1_065,11433,4.88
CA_1,HOBBIES_1_065,11434,4.88
CA_1,HOBBIES_1_065,11435,4.88
CA_1,HOBBIES_1_065,11436,4.88
CA_1,HOBBIES_1_065,11437,4.88
CA_1,HOBBIES_1_065,11438,4.88
CA_1,HOBBIES_1_065,11439,4.88
CA_1,HOBBIES_1_065,11440,4.88
CA_1,HOBBIES_1_065,11441,4.88
CA_1,HOBBIES_1_065,11442,4.88
CA_1,HOBBIES_1_065,11443,4.88
CA_1,HOBBIES_1_065,11444,4.88
CA_1,HOBBIES_1_065,11445,4.88
CA_1,HOBBIES_1_065,11446,4.88
CA_1,HOBBIES_1_065,11447,4.88
CA_1,HOBBIES_1_065,11448,4.88
CA_1,HOBBIES_1_065,11449,4.88
CA_1,HOBBIES_1_065,11450,4.88
CA_1,HOBBIES_1_065,11451,4.88
CA_1,HOBBIES_1_065,11452,4.88
CA_1,HOBBIES_1_065,11501,4.88
CA_1,HOBBIES_1_065,11502,4.88
CA_1,HOBBIES_1_065,11503,4.88
CA_1,HOBBIES_1_065,11504,4.88
CA_1,HOBBIES_1_065,11505,4.88
CA_1,HOBBIES_1_065,11506,4.88
CA_1,HOBBIES_1_065,11507,4.88
CA_1,HOBBIES_1_065,11508,4.88
CA_1,HOBBIES_1_065,11509,4.88
CA_1,HOBBIES_1_065,11510,4.88
CA_1,HOBBIES_1_065,11511,4.88
CA_1,HOBBIES_1_065,11512,4.88
CA_1,HOBBIES_1_065,11513,4.88
CA_1,HOBBIES_1_065,11514,4.88
CA_1,HOBBIES_1_065,11515,4.88
CA_1,HOBBIES_1_065,11516,4.88
CA_1,HOBBIES_1_065,11517,4.88
CA_1,HOBBIES_1_065,11518,4.88
CA_1,HOBBIES_1_065,11519,4.88
CA_1,HOBBIES_1_065,11520,4.88
CA_1,HOBBIES_1_065,11521,4.88
CA_1,HOBBIES_1_065,11522,4.88
CA_1,HOBBIES_1_065,11523,4.88
CA_1,HOBBIES_1_065,11524,4.88
CA_1,HOBBIES_1_065,11525,4.88
CA_1,HOBBIES_1_065,11526,4.88
CA_1,HOBBIES_1_065,11527,4.88
CA_1,HOBBIES_1_065,11528,4.88
CA_1,HOBBIES_1_065,11529,4.88
CA_1,HOBBIES_1_065,11530,4.88
CA_1,HOBBIES_1_065,11531,4.88
CA_1,HOBBIES_1_065,11532,4.88
CA_1,HOBBIES_1_065,11533,4.88
CA_1,HOBBIES_1_065,11534,4.88
CA_1,HOBBIES_1_065,11535,4.88
CA_1,HOBBIES_1_065,11536,4.88
CA_1,HOBBIES_1_065,11537,4.88
CA_1,HOBBIES_1_065,11538,4.88
CA_1,HOBBIES_1_065,11539,4.88
CA_1,HOBBIES_1_065,11540,4.88
CA_1,HOBBIES_1_065,11541,4.88
CA_1,HOBBIES_1_065,11542,4.88
CA_1,HOBBIES_1_065,11543,4.88
CA_1,HOBBIES_1_065,11544,4.88
CA_1,HOBBIES_1_065,11545,4.88
CA_1,HOBBIES_1_065,11546,4.88
CA_1,HOBBIES_1_065,11547,4.88
CA_1,HOBBIES_1_065,11548,4.88
CA_1,HOBBIES_1_065,11549,4.88
CA_1,HOBBIES_1_065,11550,4.88
CA_1,HOBBIES_1_065,11551,4.88
CA_1,HOBBIES_1_065,11552,4.88
CA_1,HOBBIES_1_065,11601,4.88
CA_1,HOBBIES_1_065,11602,4.88
CA_1,HOBBIES_1_065,11603,4.88
CA_1,HOBBIES_1_065,11604,4.88
CA_1,HOBBIES_1_065,11605,4.88
CA_1,HOBBIES_1_065,11606,4.88
CA_1,HOBBIES_1_065,11607,4.88
CA_1,HOBBIES_1_065,11608,4.88
CA_1,HOBBIES_1_065,11609,4.88
CA_1,HOBBIES_1_065,11610,4.88
CA_1,HOBBIES_1_065,11611,4.88
CA_1,HOBBIES_1_065,11612,4.88
CA_1,HOBBIES_1_065,11613,4.88
CA_1,HOBBIES_1_065,11614,4.88
CA_1,HOBBIES_1_065,11615,4.88
CA_1,HOBBIES_1_065,11616,4.88
CA_1,HOBBIES_1_065,11617,4.88
CA_1,HOBBIES_1_065,11618,4.88
CA_1,HOBBIES_1_065,11619,4.88
CA_1,HOBBIES_1_065,11620,4.88
CA_1,HOBBIES_1_065,11621,4.88
CA_1,HOBBIES_1_066,11327,1.25
CA_1,HOBBIES_1_066,11328,1.25
CA_1,HOBBIES_1_066,11329,1.25
CA_1,HOBBIES_1_066,11330,1.25
CA_1,HOBBIES_1_066,11331,1.25
CA_1,HOBBIES_1_066,11332,1.25
CA_1,HOBBIES_1_066,11333,1.25
CA_1,HOBBIES_1_066,11334,1.25
CA_1,HOBBIES_1_066,11335,1.25
CA_1,HOBBIES_1_066,11336,1.25
CA_1,HOBBIES_1_066,11337,1.25
CA_1,HOBBIES_1_066,11338,1.25
CA_1,HOBBIES_1_066,11339,1.25
CA_1,HOBBIES_1_066,11340,1.25
CA_1,HOBBIES_1_066,11341,1.25
CA_1,HOBBIES_1_066,11342,1.25
CA_1,HOBBIES_1_066,11343,1.25
CA_1,HOBBIES_1_066,11344,1.25
CA_1,HOBBIES_1_066,11345,1.25
CA_1,HOBBIES_1_066,11346,1.25
CA_1,HOBBIES_1_066,11347,1.25
CA_1,HOBBIES_1_066,11348,1.25
CA_1,HOBBIES_1_066,11349,1.25
CA_1,HOBBIES_1_066,11350,1.25
CA_1,HOBBIES_1_066,11351,1.25
CA_1,HOBBIES_1_066,11352,1.25
CA_1,HOBBIES_1_066,11353,1.25
CA_1,HOBBIES_1_066,11401,1.25
CA_1,HOBBIES_1_066,11402,1.25
CA_1,HOBBIES_1_066,11403,1.25
CA_1,HOBBIES_1_066,11404,1.25
CA_1,HOBBIES_1_066,11405,1.25
CA_1,HOBBIES_1_066,11406,1.25
CA_1,HOBBIES_1_066,11407,1.25
CA_1,HOBBIES_1_066,11408,1.25
CA_1,HOBBIES_1_066,11409,1.25
CA_1,HOBBIES_1_066,11410,1.25
CA_1,HOBBIES_1_066,11411,1.25
CA_1,HOBBIES_1_066,11412,1.25
CA_1,HOBBIES_1_066,11413,1.25
CA_1,HOBBIES_1_066,11414,1.25
CA_1,HOBBIES_1_066,11415,1.25
CA_1,HOBBIES_1_066,11416,1.25
CA_1,HOBBIES_1_066,11417,1.25
CA_1,HOBBIES_1_066,11418,1.25
CA_1,HOBBIES_1_066,11419,1.25
CA_1,HOBBIES_1_066,11420,1.25
CA_1,HOBBIES_1_066,11421,1.25
CA_1,HOBBIES_1_066,11422,1.25
CA_1,HOBBIES_1_066,11423,1.25
CA_1,HOBBIES_1_066,11424,1.25
CA_1,HOBBIES_1_066,11425,1.25
CA_1,HOBBIES_1_066,11426,1.25
CA_1,HOBBIES_1_066,11427,1.25
CA_1,HOBBIES_1_066,11428,1.25
CA_1,HOBBIES_1_066,11429,1.25
CA_1,HOBBIES_1_066,11430,1.25
CA_1,HOBBIES_1_066,11431,1.25
CA_1,HOBBIES_1_066,11432,1.25
CA_1,HOBBIES_1_066,11433,1.25
CA_1,HOBBIES_1_066,11434,1.25
CA_1,HOBBIES_1_066,11435,1.25
CA_1,HOBBIES_1_066,11436,1.25
CA_1,HOBBIES_1_066,11437,1.25
CA_1,HOBBIES_1_066,11438,1.25
CA_1,HOBBIES_1_066,11439,1.25
CA_1,HOBBIES_1_066,11440,1.25
CA_1,HOBBIES_1_066,11441,1.25
CA_1,HOBBIES_1_066,11442,1.25
CA_1,HOBBIES_1_066,11443,1.25
CA_1,HOBBIES_1_066,11444,1.25
CA_1,HOBBIES_1_066,11445,1.25
CA_1,HOBBIES_1_066,11446,1.25
CA_1,HOBBIES_1_066,11447,1.25
CA_1,HOBBIES_1_066,11448,1.25
CA_1,HOBBIES_1_066,11449,1.25
CA_1,HOBBIES_1_066,11450,1.25
CA_1,HOBBIES_1_066,11451,1.25
CA_1,HOBBIES_1_066,11452,1.25
CA_1,HOBBIES_1_066,11501,1.25
CA_1,HOBBIES_1_066,11502,1.25
CA_1,HOBBIES_1_066,11503,1.25
CA_1,HOBBIES_1_066,11504,1.25
CA_1,HOBBIES_1_066,11505,1.25
CA_1,HOBBIES_1_066,11506,1.25
CA_1,HOBBIES_1_066,11507,1.25
CA_1,HOBBIES_1_066,11508,1.25
CA_1,HOBBIES_1_066,11509,1.25
CA_1,HOBBIES_1_066,11510,1.25
CA_1,HOBBIES_1_066,11511,1.25
CA_1,HOBBIES_1_066,11512,1.25
CA_1,HOBBIES_1_066,11513,1.25
CA_1,HOBBIES_1_066,11514,1.25
CA_1,HOBBIES_1_066,11515,1.25
CA_1,HOBBIES_1_066,11516,1.25
CA_1,HOBBIES_1_066,11517,1.25
CA_1,HOBBIES_1_066,11518,1.25
CA_1,HOBBIES_1_066,11519,1.25
CA_1,HOBBIES_1_066,11520,1.25
CA_1,HOBBIES_1_066,11521,1.25
CA_1,HOBBIES_1_066,11522,1.25
CA_1,HOBBIES_1_066,11523,1.25
CA_1,HOBBIES_1_066,11524,1.25
CA_1,HOBBIES_1_066,11525,1.25
CA_1,HOBBIES_1_066,11526,1.25
CA_1,HOBBIES_1_066,11527,1.25
CA_1,HOBBIES_1_066,11528,1.25
CA_1,HOBBIES_1_066,11529,1.25
CA_1,HOBBIES_1_066,11530,1.25
CA_1,HOBBIES_1_066,11531,1.25
CA_1,HOBBIES_1_066,11532,1.25
CA_1,HOBBIES_1_066,11533,1.25
CA_1,HOBBIES_1_066,11534,1.25
CA_1,HOBBIES_1_066,11535,1.25
CA_1,HOBBIES_1_066,11536,1.25
CA_1,HOBBIES_1_066,11537,1.25
CA_1,HOBBIES_1_066,11538,1.25
CA_1,HOBBIES_1_066,11539,1.25
CA_1,HOBBIES_1_066,11540,1.25
CA_1,HOBBIES_1_066,11541,1.25
CA_1,HOBBIES_1_066,11542,1.25
CA_1,HOBBIES_1_066,11543,1.25
CA_1,HOBBIES_1_066,11544,1.25
CA_1,HOBBIES_1_066,11545,1.25
CA_1,HOBBIES_1_066,11546,1.25
CA_1,HOBBIES_1_066,11547,1.25
CA_1,HOBBIES_1_066,11548,1.25
CA_1,HOBBIES_1_066,11549,1.25
CA_1,HOBBIES_1_066,11550,1.25
CA_1,HOBBIES_1_066,11551,1.25
CA_1,HOBBIES_1_066,11552,1.25
CA_1,HOBBIES_1_066,11601,1.25
CA_1,HOBBIES_1_066,11602,1.25
CA_1,HOBBIES_1_066,11603,1.25
CA_1,HOBBIES_1_066,11604,1.25
CA_1,HOBBIES_1_066,11605,1.25
CA_1,HOBBIES_1_066,11606,1.25
CA_1,HOBBIES_1_066,11607,1.25
CA_1,HOBBIES_1_066,11608,1.25
CA_1,HOBBIES_1_066,11609,1.25
CA_1,HOBBIES_1_066,11610,1.25
CA_1,HOBBIES_1_066,11611,1.25
CA_1,HOBBIES_1_066,11612,1.25
CA_1,HOBBIES_1_066,11613,1.25
CA_1,HOBBIES_1_066,11614,1.25
CA_1,HOBBIES_1_066,11615,1.25
CA_1,HOBBIES_1_066,11616,1.25
CA_1,HOBBIES_1_066,11617,1.25
CA_1,HOBBIES_1_066,11618,1.25
CA_1,HOBBIES_1_066,11619,1.25
CA_1,HOBBIES_1_066,11620,1.25
CA_1,HOBBIES_1_066,11621,1.25
CA_1,HOBBIES_1_067,11101,0.47
CA_1,HOBBIES_1_067,11102,0.47
CA_1,HOBBIES_1_067,11103,0.47
CA_1,HOBBIES_1_067,11104,0.47
CA_1,HOBBIES_1_067,11105,0.47
CA_1,HOBBIES_1_067,11106,0.47
CA_1,HOBBIES_1_067,11107,0.47
CA_1,HOBBIES_1_067,11108,0.47
CA_1,HOBBIES_1_067,11109,0.47
CA_1,HOBBIES_1_067,11110,0.47
CA_1,HOBBIES_1_067,11111,0.47
CA_1,HOBBIES_1_067,11112,0.47
CA_1,HOBBIES_1_067,11113,0.54
CA_1,HOBBIES_1_067,11114,0.54
CA_1,HOBBIES_1_067,11115,0.54
CA_1,HOBBIES_1_067,11116,0.54
CA_1,HOBBIES_1_067,11117,0.54
CA_1,HOBBIES_1_067,11118,0.54
CA_1,HOBBIES_1_067,11119,0.54
CA_1,HOBBIES_1_067,11120,0.54
CA_1,HOBBIES_1_067,11121,0.54
CA_1,HOBBIES_1_067,11122,0.54
CA_1,HOBBIES_1_067,11123,0.54
CA_1,HOBBIES_1_067,11124,0.54
CA_1,HOBBIES_1_067,11125,0.54
CA_1,HOBBIES_1_067,11126,0.54
CA_1,HOBBIES_1_067,11127,0.54
CA_1,HOBBIES_1_067,11128,0.54
CA_1,HOBBIES_1_067,11129,0.54
CA_1,HOBBIES_1_067,11130,0.54
CA_1,HOBBIES_1_067,11131,0.54
CA_1,HOBBIES_1_067,11132,0.54
CA_1,HOBBIES_1_067,11133,0.54
CA_1,HOBBIES_1_067,11134,0.54
CA_1,HOBBIES_1_067,11135,0.54
CA_1,HOBBIES_1_067,11136,0.54
CA_1,HOBBIES_1_067,11137,0.54
CA_1,HOBBIES_1_067,11138,0.54
CA_1,HOBBIES_1_067,11139,0.54
CA_1,HOBBIES_1_067,11140,0.54
CA_1,HOBBIES_1_067,11141,0.54
CA_1,HOBBIES_1_067,11142,0.54
CA_1,HOBBIES_1_067,11143,0.54
CA_1,HOBBIES_1_067,11144,0.54
CA_1,HOBBIES_1_067,11145,0.54
CA_1,HOBBIES_1_067,11146,0.54
CA_1,HOBBIES_1_067,11147,0.54
CA_1,HOBBIES_1_067,11148,0.54
CA_1,HOBBIES_1_067,11149,0.54
CA_1,HOBBIES_1_067,11150,0.54
CA_1,HOBBIES_1_067,11151,0.54
CA_1,HOBBIES_1_067,11152,0.54
CA_1,HOBBIES_1_067,11201,0.54
CA_1,HOBBIES_1_067,11202,0.54
CA_1,HOBBIES_1_067,11203,0.54
CA_1,HOBBIES_1_067,11204,0.54
CA_1,HOBBIES_1_067,11205,0.54
CA_1,HOBBIES_1_067,11206,0.54
CA_1,HOBBIES_1_067,11207,0.54
CA_1,HOBBIES_1_067,11208,0.54
CA_1,HOBBIES_1_067,11209,0.58
CA_1,HOBBIES_1_067,11210,0.58
CA_1,HOBBIES_1_067,11211,0.58
CA_1,HOBBIES_1_067,11212,0.58
CA_1,HOBBIES_1_067,11213,0.58
CA_1,HOBBIES_1_067,11214,0.58
CA_1,HOBBIES_1_067,11215,0.58
CA_1,HOBBIES_1_067,11216,0.58
CA_1,HOBBIES_1_067,11217,0.58
CA_1,HOBBIES_1_067,11218,0.58
CA_1,HOBBIES_1_067,11219,0.58
CA_1,HOBBIES_1_067,11220,0.58
CA_1,HOBBIES_1_067,11221,0.58
CA_1,HOBBIES_1_067,11222,0.58
CA_1,HOBBIES_1_067,11223,0.58
CA_1,HOBBIES_1_067,11224,0.58
CA_1,HOBBIES_1_067,11225,0.58
CA_1,HOBBIES_1_067,11226,0.58
CA_1,HOBBIES_1_067,11227,0.58
CA_1,HOBBIES_1_067,11228,0.58
CA_1,HOBBIES_1_067,11229,0.58
CA_1,HOBBIES_1_067,11230,0.58
CA_1,HOBBIES_1_067,11231,0.58
CA_1,HOBBIES_1_067,11232,0.58
CA_1,HOBBIES_1_067,11233,0.58
CA_1,HOBBIES_1_067,11234,0.58
CA_1,HOBBIES_1_067,11235,0.58
CA_1,HOBBIES_1_067,11236,0.58
CA_1,HOBBIES_1_067,11237,0.58
CA_1,HOBBIES_1_067,11238,0.58
CA_1,HOBBIES_1_067,11239,0.58
CA_1,HOBBIES_1_067,11240,0.58
CA_1,HOBBIES_1_067,11241,0.58
CA_1,HOBBIES_1_067,11242,0.58
CA_1,HOBBIES_1_067,11243,0.58
CA_1,HOBBIES_1_067,11244,0.58
CA_1,HOBBIES_1_067,11245,0.58
CA_1,HOBBIES_1_067,11246,0.58
CA_1,HOBBIES_1_067,11247,0.58
CA_1,HOBBIES_1_067,11248,0.58
CA_1,HOBBIES_1_067,11249,0.58
CA_1,HOBBIES_1_067,11250,0.58
CA_1,HOBBIES_1_067,11251,0.58
CA_1,HOBBIES_1_067,11252,0.58
CA_1,HOBBIES_1_067,11301,0.58
CA_1,HOBBIES_1_067,11302,0.58
CA_1,HOBBIES_1_067,11303,0.58
CA_1,HOBBIES_1_067,11304,0.58
CA_1,HOBBIES_1_067,11305,0.58
CA_1,HOBBIES_1_067,11306,0.58
CA_1,HOBBIES_1_067,11307,0.58
CA_1,HOBBIES_1_067,11308,0.58
CA_1,HOBBIES_1_067,11309,0.58
CA_1,HOBBIES_1_067,11310,0.58
CA_1,HOBBIES_1_067,11311,0.58
CA_1,HOBBIES_1_067,11312,0.58
CA_1,HOBBIES_1_067,11313,0.58
CA_1,HOBBIES_1_067,11314,0.58
CA_1,HOBBIES_1_067,11315,0.58
CA_1,HOBBIES_1_067,11316,0.58
CA_1,HOBBIES_1_067,11317,0.58
CA_1,HOBBIES_1_067,11318,0.58
CA_1,HOBBIES_1_067,11319,0.58
CA_1,HOBBIES_1_067,11320,0.58
CA_1,HOBBIES_1_067,11321,0.58
CA_1,HOBBIES_1_067,11322,0.58
CA_1,HOBBIES_1_067,11323,0.58
CA_1,HOBBIES_1_067,11324,0.58
CA_1,HOBBIES_1_067,11325,0.58
CA_1,HOBBIES_1_067,11326,0.58
CA_1,HOBBIES_1_067,11327,0.58
CA_1,HOBBIES_1_067,11328,0.58
CA_1,HOBBIES_1_067,11329,0.58
CA_1,HOBBIES_1_067,11330,0.58
CA_1,HOBBIES_1_067,11331,0.58
CA_1,HOBBIES_1_067,11332,0.58
CA_1,HOBBIES_1_067,11333,0.58
CA_1,HOBBIES_1_067,11334,0.58
CA_1,HOBBIES_1_067,11335,0.58
CA_1,HOBBIES_1_067,11336,0.58
CA_1,HOBBIES_1_067,11337,0.58
CA_1,HOBBIES_1_067,11338,0.58
CA_1,HOBBIES_1_067,11339,0.58
CA_1,HOBBIES_1_067,11340,0.58
CA_1,HOBBIES_1_067,11341,0.58
CA_1,HOBBIES_1_067,11342,0.58
CA_1,HOBBIES_1_067,11343,0.58
CA_1,HOBBIES_1_067,11344,0.58
CA_1,HOBBIES_1_067,11345,0.58
CA_1,HOBBIES_1_067,11346,0.58
CA_1,HOBBIES_1_067,11347,0.58
CA_1,HOBBIES_1_067,11348,0.58
CA_1,HOBBIES_1_067,11349,0.58
CA_1,HOBBIES_1_067,11350,0.58
CA_1,HOBBIES_1_067,11351,0.58
CA_1,HOBBIES_1_067,11352,0.58
CA_1,HOBBIES_1_067,11353,0.58
CA_1,HOBBIES_1_067,11401,0.58
CA_1,HOBBIES_1_067,11402,0.58
CA_1,HOBBIES_1_067,11403,0.58
CA_1,HOBBIES_1_067,11404,0.58
CA_1,HOBBIES_1_067,11405,0.58
CA_1,HOBBIES_1_067,11406,0.58
CA_1,HOBBIES_1_067,11407,0.58
CA_1,HOBBIES_1_067,11408,0.58
CA_1,HOBBIES_1_067,11409,0.58
CA_1,HOBBIES_1_067,11410,0.58
CA_1,HOBBIES_1_067,11411,0.58
CA_1,HOBBIES_1_067,11412,0.58
CA_1,HOBBIES_1_067,11413,0.58
CA_1,HOBBIES_1_067,11414,0.58
CA_1,HOBBIES_1_067,11415,0.58
CA_1,HOBBIES_1_067,11416,0.58
CA_1,HOBBIES_1_067,11417,0.58
CA_1,HOBBIES_1_067,11418,0.58
CA_1,HOBBIES_1_067,11419,0.58
CA_1,HOBBIES_1_067,11420,0.58
CA_1,HOBBIES_1_067,11421,0.58
CA_1,HOBBIES_1_067,11422,0.58
CA_1,HOBBIES_1_067,11423,0.58
CA_1,HOBBIES_1_067,11424,0.58
CA_1,HOBBIES_1_067,11425,0.58
CA_1,HOBBIES_1_067,11426,0.58
CA_1,HOBBIES_1_067,11427,0.58
CA_1,HOBBIES_1_067,11428,0.58
CA_1,HOBBIES_1_067,11429,0.58
CA_1,HOBBIES_1_067,11430,0.58
CA_1,HOBBIES_1_067,11431,0.58
CA_1,HOBBIES_1_067,11432,0.58
CA_1,HOBBIES_1_067,11433,0.58
CA_1,HOBBIES_1_067,11434,0.58
CA_1,HOBBIES_1_067,11435,0.58
CA_1,HOBBIES_1_067,11436,0.58
CA_1,HOBBIES_1_067,11437,0.58
CA_1,HOBBIES_1_067,11438,0.58
CA_1,HOBBIES_1_067,11439,0.58
CA_1,HOBBIES_1_067,11440,0.58
CA_1,HOBBIES_1_067,11441,0.58
CA_1,HOBBIES_1_067,11442,0.58
CA_1,HOBBIES_1_067,11443,0.58
CA_1,HOBBIES_1_067,11444,0.58
CA_1,HOBBIES_1_067,11445,0.58
CA_1,HOBBIES_1_067,11446,0.58
CA_1,HOBBIES_1_067,11447,0.58
CA_1,HOBBIES_1_067,11448,0.58
CA_1,HOBBIES_1_067,11449,0.58
CA_1,HOBBIES_1_067,11450,0.58
CA_1,HOBBIES_1_067,11451,0.54
CA_1,HOBBIES_1_067,11452,0.54
CA_1,HOBBIES_1_067,11501,0.54
CA_1,HOBBIES_1_067,11502,0.54
CA_1,HOBBIES_1_067,11503,0.54
CA_1,HOBBIES_1_067,11504,0.54
CA_1,HOBBIES_1_067,11505,0.54
CA_1,HOBBIES_1_067,11506,0.54
CA_1,HOBBIES_1_067,11507,0.54
CA_1,HOBBIES_1_067,11508,0.54
CA_1,HOBBIES_1_067,11509,0.54
CA_1,HOBBIES_1_067,11510,0.54
CA_1,HOBBIES_1_067,11511,0.54
CA_1,HOBBIES_1_067,11512,0.57
CA_1,HOBBIES_1_067,11513,0.57
CA_1,HOBBIES_1_067,11514,0.57
CA_1,HOBBIES_1_067,11515,0.57
CA_1,HOBBIES_1_067,11516,0.57
CA_1,HOBBIES_1_067,11517,0.57
CA_1,HOBBIES_1_067,11518,0.57
CA_1,HOBBIES_1_067,11519,0.57
CA_1,HOBBIES_1_067,11520,0.57
CA_1,HOBBIES_1_067,11521,0.57
CA_1,HOBBIES_1_067,11522,0.57
CA_1,HOBBIES_1_067,11523,0.57
CA_1,HOBBIES_1_067,11524,0.57
CA_1,HOBBIES_1_067,11525,0.57
CA_1,HOBBIES_1_067,11526,0.57
CA_1,HOBBIES_1_067,11527,0.57
CA_1,HOBBIES_1_067,11528,0.57
CA_1,HOBBIES_1_067,11529,0.57
CA_1,HOBBIES_1_067,11530,0.57
CA_1,HOBBIES_1_067,11531,0.57
CA_1,HOBBIES_1_067,11532,0.57
CA_1,HOBBIES_1_067,11533,0.57
CA_1,HOBBIES_1_067,11534,0.57
CA_1,HOBBIES_1_067,11535,0.57
CA_1,HOBBIES_1_067,11536,0.57
CA_1,HOBBIES_1_067,11537,0.57
CA_1,HOBBIES_1_067,11538,0.57
CA_1,HOBBIES_1_067,11539,0.57
CA_1,HOBBIES_1_067,11540,0.57
CA_1,HOBBIES_1_067,11541,0.57
CA_1,HOBBIES_1_067,11542,0.57
CA_1,HOBBIES_1_067,11543,0.57
CA_1,HOBBIES_1_067,11544,0.57
CA_1,HOBBIES_1_067,11545,0.57
CA_1,HOBBIES_1_067,11546,0.57
CA_1,HOBBIES_1_067,11547,0.57
CA_1,HOBBIES_1_067,11548,0.57
CA_1,HOBBIES_1_067,11549,0.57
CA_1,HOBBIES_1_067,11550,0.57
CA_1,HOBBIES_1_067,11551,0.57
CA_1,HOBBIES_1_067,11552,0.57
CA_1,HOBBIES_1_067,11601,0.57
CA_1,HOBBIES_1_067,11602,0.57
CA_1,HOBBIES_1_067,11603,0.57
CA_1,HOBBIES_1_067,11604,0.57
CA_1,HOBBIES_1_067,11605,0.57
CA_1,HOBBIES_1_067,11606,0.57
CA_1,HOBBIES_1_067,11607,0.57
CA_1,HOBBIES_1_067,11608,0.57
CA_1,HOBBIES_1_067,11609,0.57
CA_1,HOBBIES_1_067,11610,0.57
CA_1,HOBBIES_1_067,11611,0.57
CA_1,HOBBIES_1_067,11612,0.57
CA_1,HOBBIES_1_067,11613,0.57
CA_1,HOBBIES_1_067,11614,0.57
CA_1,HOBBIES_1_067,11615,0.57
CA_1,HOBBIES_1_067,11616,0.57
CA_1,HOBBIES_1_067,11617,0.57
CA_1,HOBBIES_1_067,11618,0.57
CA_1,HOBBIES_1_067,11619,0.57
CA_1,HOBBIES_1_067,11620,0.57
CA_1,HOBBIES_1_067,11621,0.57
CA_1,HOBBIES_1_068,11101,6.84
CA_1,HOBBIES_1_068,11102,6.84
CA_1,HOBBIES_1_068,11103,6.84
CA_1,HOBBIES_1_068,11104,6.84
CA_1,HOBBIES_1_068,11105,6.84
CA_1,HOBBIES_1_068,11106,7.24
CA_1,HOBBIES_1_068,11107,7.24
CA_1,HOBBIES_1_068,11108,7.24
CA_1,HOBBIES_1_068,11109,7.24
CA_1,HOBBIES_1_068,11110,7.24
CA_1,HOBBIES_1_068,11111,7.24
CA_1,HOBBIES_1_068,11112,7.24
CA_1,HOBBIES_1_068,11113,7.24
CA_1,HOBBIES_1_068,11114,7.24
CA_1,HOBBIES_1_068,11115,7.24
CA_1,HOBBIES_1_068,11116,7.24
CA_1,HOBBIES_1_068,11117,7.24
CA_1,HOBBIES_1_068,11118,7.24
CA_1,HOBBIES_1_068,11119,7.24
CA_1,HOBBIES_1_068,11120,7.24
CA_1,HOBBIES_1_068,11121,7.24
CA_1,HOBBIES_1_068,11122,7.24
CA_1,HOBBIES_1_068,11123,7.24
CA_1,HOBBIES_1_068,11124,7.24
CA_1,HOBBIES_1_068,11125,7.24
CA_1,HOBBIES_1_068,11126,7.24
CA_1,HOBBIES_1_068,11127,7.24
CA_1,HOBBIES_1_068,11128,7.24
CA_1,HOBBIES_1_068,11129,7.24
CA_1,HOBBIES_1_068,11130,7.24
CA_1,HOBBIES_1_068,11131,7.24
CA_1,HOBBIES_1_068,11132,7.24
CA_1,HOBBIES_1_068,11133,7.24
CA_1,HOBBIES_1_068,11134,7.24
CA_1,HOBBIES_1_068,11135,7.24
CA_1,HOBBIES_1_068,11136,7.24
CA_1,HOBBIES_1_068,11137,7.24
CA_1,HOBBIES_1_068,11138,7.24
CA_1,HOBBIES_1_068,11139,7.24
CA_1,HOBBIES_1_068,11140,7.24
CA_1,HOBBIES_1_068,11141,7.24
CA_1,HOBBIES_1_068,11142,7.24
CA_1,HOBBIES_1_068,11143,7.24
CA_1,HOBBIES_1_068,11144,7.24
CA_1,HOBBIES_1_068,11145,7.24
CA_1,HOBBIES_1_068,11146,7.24
CA_1,HOBBIES_1_068,11147,7.24
CA_1,HOBBIES_1_068,11148,7.24
CA_1,HOBBIES_1_068,11149,7.24
CA_1,HOBBIES_1_068,11150,7.24
CA_1,HOBBIES_1_068,11151,7.24
CA_1,HOBBIES_1_068,11152,7.24
CA_1,HOBBIES_1_068,11201,7.24
CA_1,HOBBIES_1_068,11202,7.24
CA_1,HOBBIES_1_068,11203,7.24
CA_1,HOBBIES_1_068,11204,7.24
CA_1,HOBBIES_1_068,11205,7.24
CA_1,HOBBIES_1_068,11206,7.0
CA_1,HOBBIES_1_068,11207,7.0
CA_1,HOBBIES_1_068,11208,7.0
CA_1,HOBBIES_1_068,11209,7.0
CA_1,HOBBIES_1_068,11210,7.0
CA_1,HOBBIES_1_068,11211,7.0
CA_1,HOBBIES_1_068,11212,7.0
CA_1,HOBBIES_1_068,11213,7.0
CA_1,HOBBIES_1_068,11214,7.0
CA_1,HOBBIES_1_068,11215,7.0
CA_1,HOBBIES_1_068,11216,7.0
CA_1,HOBBIES_1_068,11217,7.0
CA_1,HOBBIES_1_068,11218,7.0
CA_1,HOBBIES_1_068,11219,7.0
CA_1,HOBBIES_1_068,11220,7.0
CA_1,HOBBIES_1_068,11221,7.0
CA_1,HOBBIES_1_068,11222,7.0
CA_1,HOBBIES_1_068,11223,7.0
CA_1,HOBBIES_1_068,11224,7.0
CA_1,HOBBIES_1_068,11225,7.0
CA_1,HOBBIES_1_068,11226,7.0
CA_1,HOBBIES_1_068,11227,7.0
CA_1,HOBBIES_1_068,11228,7.0
CA_1,HOBBIES_1_068,11229,7.0
CA_1,HOBBIES_1_068,11230,7.0
CA_1,HOBBIES_1_068,11231,7.0
CA_1,HOBBIES_1_068,11232,7.0
CA_1,HOBBIES_1_068,11233,7.0
CA_1,HOBBIES_1_068,11234,7.0
CA_1,HOBBIES_1_068,11235,7.0
CA_1,HOBBIES_1_068,11236,7.0
CA_1,HOBBIES_1_068,11237,7.0
CA_1,HOBBIES_1_068,11238,7.0
CA_1,HOBBIES_1_068,11239,7.0
CA_1,HOBBIES_1_068,11240,7.0
CA_1,HOBBIES_1_068,11241,7.0
CA_1,HOBBIES_1_068,11242,7.0
CA_1,HOBBIES_1_068,11243,7.0
CA_1,HOBBIES_1_068,11244,7.0
CA_1,HOBBIES_1_068,11245,7.0
CA_1,HOBBIES_1_068,11246,7.0
CA_1,HOBBIES_1_068,11247,7.0
CA_1,HOBBIES_1_068,11248,7.0
CA_1,HOBBIES_1_068,11249,7.0
CA_1,HOBBIES_1_068,11250,7.0
CA_1,HOBBIES_1_068,11251,7.0
CA_1,HOBBIES_1_068,11252,7.0
CA_1,HOBBIES_1_068,11301,7.0
CA_1,HOBBIES_1_068,11302,7.0
CA_1,HOBBIES_1_068,11303,7.0
CA_1,HOBBIES_1_068,11304,7.0
CA_1,HOBBIES_1_068,11305,7.0
CA_1,HOBBIES_1_068,11306,7.0
CA_1,HOBBIES_1_068,11307,7.0
CA_1,HOBBIES_1_068,11308,7.0
CA_1,HOBBIES_1_068,11309,7.0
CA_1,HOBBIES_1_068,11310,7.0
CA_1,HOBBIES_1_068,11311,7.0
CA_1,HOBBIES_1_068,11312,7.0
CA_1,HOBBIES_1_068,11313,7.0
CA_1,HOBBIES_1_068,11314,7.0
CA_1,HOBBIES_1_068,11315,7.0
CA_1,HOBBIES_1_068,11316,7.0
CA_1,HOBBIES_1_068,11317,7.0
CA_1,HOBBIES_1_068,11318,7.0
CA_1,HOBBIES_1_068,11319,7.0
CA_1,HOBBIES_1_068,11320,7.0
CA_1,HOBBIES_1_068,11321,7.0
CA_1,HOBBIES_1_068,11322,7.0
CA_1,HOBBIES_1_068,11323,7.0
CA_1,HOBBIES_1_068,11324,7.0
CA_1,HOBBIES_1_068,11325,7.0
CA_1,HOBBIES_1_068,11326,7.0
CA_1,HOBBIES_1_068,11327,7.0
CA_1,HOBBIES_1_068,11328,7.0
CA_1,HOBBIES_1_068,11329,7.0
CA_1,HOBBIES_1_068,11330,7.0
CA_1,HOBBIES_1_068,11331,7.0
CA_1,HOBBIES_1_068,11332,7.0
CA_1,HOBBIES_1_068,11333,7.0
CA_1,HOBBIES_1_068,11334,7.0
CA_1,HOBBIES_1_068,11335,7.0
CA_1,HOBBIES_1_068,11336,7.0
CA_1,HOBBIES_1_068,11337,7.0
CA_1,HOBBIES_1_068,11338,7.0
CA_1,HOBBIES_1_068,11339,7.0
CA_1,HOBBIES_1_068,11340,7.0
CA_1,HOBBIES_1_068,11341,7.0
CA_1,HOBBIES_1_068,11342,7.0
CA_1,HOBBIES_1_068,11343,7.0
CA_1,HOBBIES_1_068,11344,7.0
CA_1,HOBBIES_1_068,11345,7.0
CA_1,HOBBIES_1_068,11346,7.0
CA_1,HOBBIES_1_068,11347,7.0
CA_1,HOBBIES_1_068,11348,7.0
CA_1,HOBBIES_1_068,11349,7.0
CA_1,HOBBIES_1_068,11350,7.0
CA_1,HOBBIES_1_068,11351,7.0
CA_1,HOBBIES_1_068,11352,7.0
CA_1,HOBBIES_1_068,11353,7.0
CA_1,HOBBIES_1_068,11401,7.0
CA_1,HOBBIES_1_068,11402,7.0
CA_1,HOBBIES_1_068,11403,7.0
CA_1,HOBBIES_1_068,11404,7.0
CA_1,HOBBIES_1_068,11405,7.0
CA_1,HOBBIES_1_068,11406,7.0
CA_1,HOBBIES_1_068,11407,7.0
CA_1,HOBBIES_1_068,11408,7.0
CA_1,HOBBIES_1_068,11409,7.0
CA_1,HOBBIES_1_068,11410,7.0
CA_1,HOBBIES_1_068,11411,7.0
CA_1,HOBBIES_1_068,11412,7.0
CA_1,HOBBIES_1_068,11413,7.0
CA_1,HOBBIES_1_068,11414,7.0
CA_1,HOBBIES_1_068,11415,7.0
CA_1,HOBBIES_1_068,11416,7.0
CA_1,HOBBIES_1_068,11417,7.0
CA_1,HOBBIES_1_068,11418,7.0
CA_1,HOBBIES_1_068,11419,7.0
CA_1,HOBBIES_1_068,11420,7.0
CA_1,HOBBIES_1_068,11421,7.0
CA_1,HOBBIES_1_068,11422,7.0
CA_1,HOBBIES_1_068,11423,7.0
CA_1,HOBBIES_1_068,11424,7.0
CA_1,HOBBIES_1_068,11425,7.0
CA_1,HOBBIES_1_068,11426,7.0
CA_1,HOBBIES_1_068,11427,7.0
CA_1,HOBBIES_1_068,11428,7.0
CA_1,HOBBIES_1_068,11429,7.0
CA_1,HOBBIES_1_068,11430,7.0
CA_1,HOBBIES_1_068,11431,7.0
CA_1,HOBBIES_1_068,11432,7.0
CA_1,HOBBIES_1_068,11433,7.0
CA_1,HOBBIES_1_068,11434,7.0
CA_1,HOBBIES_1_068,11435,7.0
CA_1,HOBBIES_1_068,11436,7.0
CA_1,HOBBIES_1_068,11437,7.0
CA_1,HOBBIES_1_068,11438,7.0
CA_1,HOBBIES_1_068,11439,7.0
CA_1,HOBBIES_1_068,11440,7.0
CA_1,HOBBIES_1_068,11441,7.0
CA_1,HOBBIES_1_068,11442,7.0
CA_1,HOBBIES_1_068,11443,7.0
CA_1,HOBBIES_1_068,11444,7.0
CA_1,HOBBIES_1_068,11445,7.0
CA_1,HOBBIES_1_068,11446,7.0
CA_1,HOBBIES_1_068,11447,7.0
CA_1,HOBBIES_1_068,11448,7.0
CA_1,HOBBIES_1_068,11449,7.0
CA_1,HOBBIES_1_068,11450,7.0
CA_1,HOBBIES_1_068,11451,7.0
CA_1,HOBBIES_1_068,11452,7.0
CA_1,HOBBIES_1_068,11501,7.0
CA_1,HOBBIES_1_068,11502,7.0
CA_1,HOBBIES_1_068,11503,7.0
CA_1,HOBBIES_1_068,11504,7.0
CA_1,HOBBIES_1_068,11505,7.0
CA_1,HOBBIES_1_068,11506,7.0
CA_1,HOBBIES_1_068,11507,7.0
CA_1,HOBBIES_1_068,11508,7.0
CA_1,HOBBIES_1_068,11509,7.0
CA_1,HOBBIES_1_068,11510,7.0
CA_1,HOBBIES_1_068,11511,7.0
CA_1,HOBBIES_1_068,11512,7.0
CA_1,HOBBIES_1_068,11513,7.0
CA_1,HOBBIES_1_068,11514,7.0
CA_1,HOBBIES_1_068,11515,7.0
CA_1,HOBBIES_1_068,11516,7.0
CA_1,HOBBIES_1_068,11517,7.0
CA_1,HOBBIES_1_068,11518,7.0
CA_1,HOBBIES_1_068,11519,7.0
CA_1,HOBBIES_1_068,11520,7.0
CA_1,HOBBIES_1_068,11521,7.0
CA_1,HOBBIES_1_068,11522,7.0
CA_1,HOBBIES_1_068,11523,7.0
CA_1,HOBBIES_1_068,11524,7.0
CA_1,HOBBIES_1_068,11525,7.0
CA_1,HOBBIES_1_068,11526,7.0
CA_1,HOBBIES_1_068,11527,7.0
CA_1,HOBBIES_1_068,11528,7.0
CA_1,HOBBIES_1_068,11529,7.0
CA_1,HOBBIES_1_068,11530,7.0
CA_1,HOBBIES_1_068,11531,7.0
CA_1,HOBBIES_1_068,11532,7.0
CA_1,HOBBIES_1_068,11533,7.0
CA_1,HOBBIES_1_068,11534,7.0
CA_1,HOBBIES_1_068,11535,7.0
CA_1,HOBBIES_1_068,11536,7.0
CA_1,HOBBIES_1_068,11537,7.0
CA_1,HOBBIES_1_068,11538,7.0
CA_1,HOBBIES_1_068,11539,7.0
CA_1,HOBBIES_1_068,11540,7.0
CA_1,HOBBIES_1_068,11541,7.0
CA_1,HOBBIES_1_068,11542,7.0
CA_1,HOBBIES_1_068,11543,7.0
CA_1,HOBBIES_1_068,11544,7.0
CA_1,HOBBIES_1_068,11545,7.0
CA_1,HOBBIES_1_068,11546,7.0
CA_1,HOBBIES_1_068,11547,7.0
CA_1,HOBBIES_1_068,11548,7.0
CA_1,HOBBIES_1_068,11549,7.0
CA_1,HOBBIES_1_068,11550,7.0
CA_1,HOBBIES_1_068,11551,7.0
CA_1,HOBBIES_1_068,11552,7.0
CA_1,HOBBIES_1_068,11601,7.0
CA_1,HOBBIES_1_068,11602,7.0
CA_1,HOBBIES_1_068,11603,7.0
CA_1,HOBBIES_1_068,11604,7.0
CA_1,HOBBIES_1_068,11605,7.0
CA_1,HOBBIES_1_068,11606,7.0
CA_1,HOBBIES_1_068,11607,7.0
CA_1,HOBBIES_1_068,11608,7.0
CA_1,HOBBIES_1_068,11609,7.0
CA_1,HOBBIES_1_068,11610,7.0
CA_1,HOBBIES_1_068,11611,7.0
CA_1,HOBBIES_1_068,11612,7.0
CA_1,HOBBIES_1_068,11613,7.0
CA_1,HOBBIES_1_068,11614,7.0
CA_1,HOBBIES_1_068,11615,7.0
CA_1,HOBBIES_1_068,11616,7.0
CA_1,HOBBIES_1_068,11617,7.0
CA_1,HOBBIES_1_068,11618,7.0
CA_1,HOBBIES_1_068,11619,7.0
CA_1,HOBBIES_1_068,11620,7.0
CA_1,HOBBIES_1_068,11621,7.0
CA_1,HOBBIES_1_069,11145,12.48
CA_1,HOBBIES_1_069,11146,12.48
CA_1,HOBBIES_1_069,11147,12.48
CA_1,HOBBIES_1_069,11148,12.48
CA_1,HOBBIES_1_069,11149,12.48
CA_1,HOBBIES_1_069,11150,12.48
CA_1,HOBBIES_1_069,11151,12.48
CA_1,HOBBIES_1_069,11152,12.48
CA_1,HOBBIES_1_069,11201,12.48
CA_1,HOBBIES_1_069,11202,12.48
CA_1,HOBBIES_1_069,11203,12.48
CA_1,HOBBIES_1_069,11204,12.48
CA_1,HOBBIES_1_069,11205,12.48
CA_1,HOBBIES_1_069,11206,12.48
CA_1,HOBBIES_1_069,11207,12.48
CA_1,HOBBIES_1_069,11208,12.48
CA_1,HOBBIES_1_069,11209,13.68
CA_1,HOBBIES_1_069,11210,13.68
CA_1,HOBBIES_1_069,11211,13.68
CA_1,HOBBIES_1_069,11212,13.68
CA_1,HOBBIES_1_069,11213,13.68
CA_1,HOBBIES_1_069,11214,13.68
CA_1,HOBBIES_1_069,11215,13.68
CA_1,HOBBIES_1_069,11216,13.68
CA_1,HOBBIES_1_069,11217,13.68
CA_1,HOBBIES_1_069,11218,13.68
CA_1,HOBBIES_1_069,11219,13.68
CA_1,HOBBIES_1_069,11220,13.68
CA_1,HOBBIES_1_069,11221,13.68
CA_1,HOBBIES_1_069,11222,13.68
CA_1,HOBBIES_1_069,11223,13.68
CA_1,HOBBIES_1_069,11224,13.68
CA_1,HOBBIES_1_069,11225,13.68
CA_1,HOBBIES_1_069,11226,13.68
CA_1,HOBBIES_1_069,11227,13.68
CA_1,HOBBIES_1_069,11228,13.68
CA_1,HOBBIES_1_069,11229,13.68
CA_1,HOBBIES_1_069,11230,13.68
CA_1,HOBBIES_1_069,11231,13.68
CA_1,HOBBIES_1_069,11232,13.68
CA_1,HOBBIES_1_069,11233,13.68
CA_1,HOBBIES_1_069,11234,13.68
CA_1,HOBBIES_1_069,11235,13.68
CA_1,HOBBIES_1_069,11236,13.68
CA_1,HOBBIES_1_069,11237,13.68
CA_1,HOBBIES_1_069,11238,13.68
CA_1,HOBBIES_1_069,11239,13.68
CA_1,HOBBIES_1_069,11240,13.68
CA_1,HOBBIES_1_069,11241,13.68
CA_1,HOBBIES_1_069,11242,13.68
CA_1,HOBBIES_1_069,11243,13.68
CA_1,HOBBIES_1_069,11244,13.68
CA_1,HOBBIES_1_069,11245,13.68
CA_1,HOBBIES_1_069,11246,13.68
CA_1,HOBBIES_1_069,11247,13.68
CA_1,HOBBIES_1_069,11248,13.68
CA_1,HOBBIES_1_069,11249,13.68
CA_1,HOBBIES_1_069,11250,13.68
CA_1,HOBBIES_1_069,11251,13.68
CA_1,HOBBIES_1_069,11252,13.68
CA_1,HOBBIES_1_069,11301,13.68
CA_1,HOBBIES_1_069,11302,13.68
CA_1,HOBBIES_1_069,11303,13.68
CA_1,HOBBIES_1_069,11304,13.68
CA_1,HOBBIES_1_069,11305,13.68
CA_1,HOBBIES_1_069,11306,13.68
CA_1,HOBBIES_1_069,11307,13.68
CA_1,HOBBIES_1_069,11308,13.68
CA_1,HOBBIES_1_069,11309,13.68
CA_1,HOBBIES_1_069,11310,13.68
CA_1,HOBBIES_1_069,11311,13.68
CA_1,HOBBIES_1_069,11312,13.68
CA_1,HOBBIES_1_069,11313,13.68
CA_1,HOBBIES_1_069,11314,13.68
CA_1,HOBBIES_1_069,11315,13.68
CA_1,HOBBIES_1_069,11316,13.68
CA_1,HOBBIES_1_069,11317,13.68
CA_1,HOBBIES_1_069,11318,13.68
CA_1,HOBBIES_1_069,11319,13.68
CA_1,HOBBIES_1_069,11320,13.68
CA_1,HOBBIES_1_069,11321,13.68
CA_1,HOBBIES_1_069,11322,13.68
CA_1,HOBBIES_1_069,11323,13.68
CA_1,HOBBIES_1_069,11324,13.68
CA_1,HOBBIES_1_069,11325,13.68
CA_1,HOBBIES_1_069,11326,13.68
CA_1,HOBBIES_1_069,11327,13.68
CA_1,HOBBIES_1_069,11328,13.68
CA_1,HOBBIES_1_069,11329,13.68
CA_1,HOBBIES_1_069,11330,13.68
CA_1,HOBBIES_1_069,11331,13.68
CA_1,HOBBIES_1_069,11332,13.68
CA_1,HOBBIES_1_069,11333,13.68
CA_1,HOBBIES_1_069,11334,13.68
CA_1,HOBBIES_1_069,11335,13.68
CA_1,HOBBIES_1_069,11336,13.68
CA_1,HOBBIES_1_069,11337,13.68
CA_1,HOBBIES_1_069,11338,13.68
CA_1,HOBBIES_1_069,11339,13.68
CA_1,HOBBIES_1_069,11340,13.68
CA_1,HOBBIES_1_069,11341,13.68
CA_1,HOBBIES_1_069,11342,13.68
CA_1,HOBBIES_1_069,11343,13.68
CA_1,HOBBIES_1_069,11344,13.68
CA_1,HOBBIES_1_069,11345,13.68
CA_1,HOBBIES_1_069,11346,13.68
CA_1,HOBBIES_1_069,11347,13.68
CA_1,HOBBIES_1_069,11348,13.68
CA_1,HOBBIES_1_069,11349,13.68
CA_1,HOBBIES_1_069,11350,13.68
CA_1,HOBBIES_1_069,11351,13.68
CA_1,HOBBIES_1_069,11352,13.68
CA_1,HOBBIES_1_069,11353,13.68
CA_1,HOBBIES_1_069,11401,13.68
CA_1,HOBBIES_1_069,11402,13.68
CA_1,HOBBIES_1_069,11403,13.68
CA_1,HOBBIES_1_069,11404,13.68
CA_1,HOBBIES_1_069,11405,13.68
CA_1,HOBBIES_1_069,11406,13.68
CA_1,HOBBIES_1_069,11407,13.68
CA_1,HOBBIES_1_069,11408,13.68
CA_1,HOBBIES_1_069,11409,13.68
CA_1,HOBBIES_1_069,11410,13.68
CA_1,HOBBIES_1_069,11411,13.68
CA_1,HOBBIES_1_069,11412,13.68
CA_1,HOBBIES_1_069,11413,13.68
CA_1,HOBBIES_1_069,11414,13.68
CA_1,HOBBIES_1_069,11415,13.68
CA_1,HOBBIES_1_069,11416,13.68
CA_1,HOBBIES_1_069,11417,13.68
CA_1,HOBBIES_1_069,11418,13.68
CA_1,HOBBIES_1_069,11419,13.68
CA_1,HOBBIES_1_069,11420,13.68
CA_1,HOBBIES_1_069,11421,13.68
CA_1,HOBBIES_1_069,11422,13.68
CA_1,HOBBIES_1_069,11423,13.68
CA_1,HOBBIES_1_069,11424,13.68
CA_1,HOBBIES_1_069,11425,13.68
CA_1,HOBBIES_1_069,11426,13.68
CA_1,HOBBIES_1_069,11427,13.68
CA_1,HOBBIES_1_069,11428,13.68
CA_1,HOBBIES_1_069,11429,13.68
CA_1,HOBBIES_1_069,11430,13.68
CA_1,HOBBIES_1_069,11431,13.68
CA_1,HOBBIES_1_069,11432,13.68
CA_1,HOBBIES_1_069,11433,13.68
CA_1,HOBBIES_1_069,11434,13.68
CA_1,HOBBIES_1_069,11435,13.68
CA_1,HOBBIES_1_069,11436,13.68
CA_1,HOBBIES_1_069,11437,13.68
CA_1,HOBBIES_1_069,11438,13.68
CA_1,HOBBIES_1_069,11439,13.68
CA_1,HOBBIES_1_069,11440,13.68
CA_1,HOBBIES_1_069,11441,13.68
CA_1,HOBBIES_1_069,11442,13.68
CA_1,HOBBIES_1_069,11443,13.68
CA_1,HOBBIES_1_069,11444,13.68
CA_1,HOBBIES_1_069,11445,13.68
CA_1,HOBBIES_1_069,11446,13.68
CA_1,HOBBIES_1_069,11447,13.68
CA_1,HOBBIES_1_069,11448,13.68
CA_1,HOBBIES_1_069,11449,13.68
CA_1,HOBBIES_1_069,11450,13.68
CA_1,HOBBIES_1_069,11451,13.68
CA_1,HOBBIES_1_069,11452,13.68
CA_1,HOBBIES_1_069,11501,13.68
CA_1,HOBBIES_1_069,11502,13.68
CA_1,HOBBIES_1_069,11503,13.68
CA_1,HOBBIES_1_069,11504,13.68
CA_1,HOBBIES_1_069,11505,13.68
CA_1,HOBBIES_1_069,11506,13.68
CA_1,HOBBIES_1_069,11507,13.68
CA_1,HOBBIES_1_069,11508,13.68
CA_1,HOBBIES_1_069,11509,13.68
CA_1,HOBBIES_1_069,11510,13.68
CA_1,HOBBIES_1_069,11511,13.68
CA_1,HOBBIES_1_069,11512,13.68
CA_1,HOBBIES_1_069,11513,13.23
CA_1,HOBBIES_1_069,11514,13.23
CA_1,HOBBIES_1_069,11515,13.23
CA_1,HOBBIES_1_069,11516,13.23
CA_1,HOBBIES_1_069,11517,13.23
CA_1,HOBBIES_1_069,11518,13.23
CA_1,HOBBIES_1_069,11519,13.23
CA_1,HOBBIES_1_069,11520,13.23
CA_1,HOBBIES_1_069,11521,13.23
CA_1,HOBBIES_1_069,11522,13.23
CA_1,HOBBIES_1_069,11523,13.23
CA_1,HOBBIES_1_069,11524,13.23
CA_1,HOBBIES_1_069,11525,13.23
CA_1,HOBBIES_1_069,11526,13.23
CA_1,HOBBIES_1_069,11527,13.23
CA_1,HOBBIES_1_069,11528,13.23
CA_1,HOBBIES_1_069,11529,13.23
CA_1,HOBBIES_1_069,11530,13.23
CA_1,HOBBIES_1_069,11531,13.23
CA_1,HOBBIES_1_069,11532,13.23
CA_1,HOBBIES_1_069,11533,13.23
CA_1,HOBBIES_1_069,11534,13.23
CA_1,HOBBIES_1_069,11535,13.23
CA_1,HOBBIES_1_069,11536,13.23
CA_1,HOBBIES_1_069,11537,13.23
CA_1,HOBBIES_1_069,11538,13.23
CA_1,HOBBIES_1_069,11539,13.23
CA_1,HOBBIES_1_069,11540,13.23
CA_1,HOBBIES_1_069,11541,13.23
CA_1,HOBBIES_1_069,11542,13.23
CA_1,HOBBIES_1_069,11543,13.23
CA_1,HOBBIES_1_069,11544,13.23
CA_1,HOBBIES_1_069,11545,13.23
CA_1,HOBBIES_1_069,11546,13.23
CA_1,HOBBIES_1_069,11547,13.23
CA_1,HOBBIES_1_069,11548,13.23
CA_1,HOBBIES_1_069,11549,13.23
CA_1,HOBBIES_1_069,11550,13.23
CA_1,HOBBIES_1_069,11551,13.23
CA_1,HOBBIES_1_069,11552,13.23
CA_1,HOBBIES_1_069,11601,13.23
CA_1,HOBBIES_1_069,11602,13.23
CA_1,HOBBIES_1_069,11603,13.23
CA_1,HOBBIES_1_069,11604,13.23
CA_1,HOBBIES_1_069,11605,13.23
CA_1,HOBBIES_1_069,11606,13.23
CA_1,HOBBIES_1_069,11607,13.23
CA_1,HOBBIES_1_069,11608,13.23
CA_1,HOBBIES_1_069,11609,13.23
CA_1,HOBBIES_1_069,11610,13.23
CA_1,HOBBIES_1_069,11611,13.23
CA_1,HOBBIES_1_069,11612,13.23
CA_1,HOBBIES_1_069,11613,13.23
CA_1,HOBBIES_1_069,11614,13.23
CA_1,HOBBIES_1_069,11615,13.23
CA_1,HOBBIES_1_069,11616,13.23
CA_1,HOBBIES_1_069,11617,13.23
CA_1,HOBBIES_1_069,11618,13.23
CA_1,HOBBIES_1_069,11619,13.23
CA_1,HOBBIES_1_069,11620,13.23
CA_1,HOBBIES_1_069,11621,13.23
CA_1,HOBBIES_1_070,11216,5.88
CA_1,HOBBIES_1_070,11217,5.88
CA_1,HOBBIES_1_070,11218,5.88
CA_1,HOBBIES_1_070,11219,5.88
CA_1,HOBBIES_1_070,11220,5.88
CA_1,HOBBIES_1_070,11221,5.88
CA_1,HOBBIES_1_070,11222,5.88
CA_1,HOBBIES_1_070,11223,5.88
CA_1,HOBBIES_1_070,11224,5.88
CA_1,HOBBIES_1_070,11225,5.88
CA_1,HOBBIES_1_070,11226,5.88
CA_1,HOBBIES_1_070,11227,5.88
CA_1,HOBBIES_1_070,11228,5.88
CA_1,HOBBIES_1_070,11229,5.88
CA_1,HOBBIES_1_070,11230,5.88
CA_1,HOBBIES_1_070,11231,5.88
CA_1,HOBBIES_1_070,11232,5.88
CA_1,HOBBIES_1_070,11233,5.88
CA_1,HOBBIES_1_070,11234,5.88
CA_1,HOBBIES_1_070,11235,5.88
CA_1,HOBBIES_1_070,11236,5.88
CA_1,HOBBIES_1_070,11237,5.88
CA_1,HOBBIES_1_070,11238,5.88
CA_1,HOBBIES_1_070,11239,5.88
CA_1,HOBBIES_1_070,11240,5.88
CA_1,HOBBIES_1_070,11241,5.88
CA_1,HOBBIES_1_070,11242,5.88
CA_1,HOBBIES_1_070,11243,5.88
CA_1,HOBBIES_1_070,11244,5.88
CA_1,HOBBIES_1_070,11245,5.88
CA_1,HOBBIES_1_070,11246,5.88
CA_1,HOBBIES_1_070,11247,5.88
CA_1,HOBBIES_1_070,11248,5.88
CA_1,HOBBIES_1_070,11249,5.88
CA_1,HOBBIES_1_070,11250,5.88
CA_1,HOBBIES_1_070,11251,5.88
CA_1,HOBBIES_1_070,11252,5.88
CA_1,HOBBIES_1_070,11301,5.88
CA_1,HOBBIES_1_070,11302,5.88
CA_1,HOBBIES_1_070,11303,5.88
CA_1,HOBBIES_1_070,11304,5.88
CA_1,HOBBIES_1_070,11305,5.88
CA_1,HOBBIES_1_070,11306,5.88
CA_1,HOBBIES_1_070,11307,5.88
CA_1,HOBBIES_1_070,11308,5.88
CA_1,HOBBIES_1_070,11309,5.88
CA_1,HOBBIES_1_070,11310,5.88
CA_1,HOBBIES_1_070,11311,5.88
CA_1,HOBBIES_1_070,11312,5.88
CA_1,HOBBIES_1_070,11313,5.88
CA_1,HOBBIES_1_070,11314,5.88
CA_1,HOBBIES_1_070,11315,5.88
CA_1,HOBBIES_1_070,11316,5.88
CA_1,HOBBIES_1_070,11317,5.88
CA_1,HOBBIES_1_070,11318,5.88
CA_1,HOBBIES_1_070,11319,5.88
CA_1,HOBBIES_1_070,11320,5.88
CA_1,HOBBIES_1_070,11321,5.88
CA_1,HOBBIES_1_070,11322,5.88
CA_1,HOBBIES_1_070,11323,5.88
CA_1,HOBBIES_1_070,11324,5.88
CA_1,HOBBIES_1_070,11325,5.88
CA_1,HOBBIES_1_070,11326,5.88
CA_1,HOBBIES_1_070,11327,5.88
CA_1,HOBBIES_1_070,11328,5.88
CA_1,HOBBIES_1_070,11329,5.88
CA_1,HOBBIES_1_070,11330,5.88
CA_1,HOBBIES_1_070,11331,5.88
CA_1,HOBBIES_1_070,11332,5.88
CA_1,HOBBIES_1_070,11333,5.88
CA_1,HOBBIES_1_070,11334,5.88
CA_1,HOBBIES_1_070,11335,5.88
CA_1,HOBBIES_1_070,11336,5.88
CA_1,HOBBIES_1_070,11337,5.88
CA_1,HOBBIES_1_070,11338,5.88
CA_1,HOBBIES_1_070,11339,5.88
CA_1,HOBBIES_1_070,11340,5.88
CA_1,HOBBIES_1_070,11341,5.88
CA_1,HOBBIES_1_070,11342,5.88
CA_1,HOBBIES_1_070,11343,5.88
CA_1,HOBBIES_1_070,11344,5.88
CA_1,HOBBIES_1_070,11345,5.88
CA_1,HOBBIES_1_070,11346,5.88
CA_1,HOBBIES_1_070,11347,5.88
CA_1,HOBBIES_1_070,11348,5.88
CA_1,HOBBIES_1_070,11349,5.88
CA_1,HOBBIES_1_070,11350,5.88
CA_1,HOBBIES_1_070,11351,5.88
CA_1,HOBBIES_1_070,11352,5.88
CA_1,HOBBIES_1_070,11353,5.88
CA_1,HOBBIES_1_070,11401,5.88
CA_1,HOBBIES_1_070,11402,5.88
CA_1,HOBBIES_1_070,11403,5.88
CA_1,HOBBIES_1_070,11404,5.88
CA_1,HOBBIES_1_070,11405,5.88
CA_1,HOBBIES_1_070,11406,5.88
CA_1,HOBBIES_1_070,11407,5.88
CA_1,HOBBIES_1_070,11408,5.88
CA_1,HOBBIES_1_070,11409,5.88
CA_1,HOBBIES_1_070,11410,5.88
CA_1,HOBBIES_1_070,11411,5.88
CA_1,HOBBIES_1_070,11412,5.88
CA_1,HOBBIES_1_070,11413,5.88
CA_1,HOBBIES_1_070,11414,5.88
CA_1,HOBBIES_1_070,11415,5.88
CA_1,HOBBIES_1_070,11416,5.88
CA_1,HOBBIES_1_070,11417,5.88
CA_1,HOBBIES_1_070,11418,5.88
CA_1,HOBBIES_1_070,11419,5.88
CA_1,HOBBIES_1_070,11420,5.88
CA_1,HOBBIES_1_070,11421,5.88
CA_1,HOBBIES_1_070,11422,5.88
CA_1,HOBBIES_1_070,11423,5.88
CA_1,HOBBIES_1_070,11424,5.88
CA_1,HOBBIES_1_070,11425,5.88
CA_1,HOBBIES_1_070,11426,5.88
CA_1,HOBBIES_1_070,11427,5.88
CA_1,HOBBIES_1_070,11428,5.88
CA_1,HOBBIES_1_070,11429,5.88
CA_1,HOBBIES_1_070,11430,5.88
CA_1,HOBBIES_1_070,11431,5.88
CA_1,HOBBIES_1_070,11432,5.88
CA_1,HOBBIES_1_070,11433,5.88
CA_1,HOBBIES_1_070,11434,5.88
CA_1,HOBBIES_1_070,11435,5.88
CA_1,HOBBIES_1_070,11436,5.88
CA_1,HOBBIES_1_070,11437,5.88
CA_1,HOBBIES_1_070,11438,5.88
CA_1,HOBBIES_1_070,11439,5.88
CA_1,HOBBIES_1_070,11440,5.88
CA_1,HOBBIES_1_070,11441,5.88
CA_1,HOBBIES_1_070,11442,5.88
CA_1,HOBBIES_1_070,11443,5.88
CA_1,HOBBIES_1_070,11444,5.88
CA_1,HOBBIES_1_070,11445,5.88
CA_1,HOBBIES_1_070,11446,5.88
CA_1,HOBBIES_1_070,11447,5.88
CA_1,HOBBIES_1_070,11448,5.88
CA_1,HOBBIES_1_070,11449,5.88
CA_1,HOBBIES_1_070,11450,5.88
CA_1,HOBBIES_1_070,11451,5.88
CA_1,HOBBIES_1_070,11452,5.88
CA_1,HOBBIES_1_070,11501,5.88
CA_1,HOBBIES_1_070,11502,5.88
CA_1,HOBBIES_1_070,11503,5.88
CA_1,HOBBIES_1_070,11504,5.88
CA_1,HOBBIES_1_070,11505,5.88
CA_1,HOBBIES_1_070,11506,5.88
CA_1,HOBBIES_1_070,11507,5.88
CA_1,HOBBIES_1_070,11508,5.88
CA_1,HOBBIES_1_070,11509,5.88
CA_1,HOBBIES_1_070,11510,5.88
CA_1,HOBBIES_1_070,11511,5.88
CA_1,HOBBIES_1_070,11512,5.88
CA_1,HOBBIES_1_070,11513,5.88
CA_1,HOBBIES_1_070,11514,5.88
CA_1,HOBBIES_1_070,11515,5.88
CA_1,HOBBIES_1_070,11516,5.88
CA_1,HOBBIES_1_070,11517,5.88
CA_1,HOBBIES_1_070,11518,5.88
CA_1,HOBBIES_1_070,11519,5.88
CA_1,HOBBIES_1_070,11520,5.88
CA_1,HOBBIES_1_070,11521,5.88
CA_1,HOBBIES_1_070,11522,5.88
CA_1,HOBBIES_1_070,11523,5.88
CA_1,HOBBIES_1_070,11524,5.88
CA_1,HOBBIES_1_070,11525,5.88
CA_1,HOBBIES_1_070,11526,5.88
CA_1,HOBBIES_1_070,11527,5.88
CA_1,HOBBIES_1_070,11528,5.88
CA_1,HOBBIES_1_070,11529,5.88
CA_1,HOBBIES_1_070,11530,5.88
CA_1,HOBBIES_1_070,11531,5.88
CA_1,HOBBIES_1_070,11532,5.88
CA_1,HOBBIES_1_070,11533,5.88
CA_1,HOBBIES_1_070,11534,5.88
CA_1,HOBBIES_1_070,11535,5.88
CA_1,HOBBIES_1_070,11536,5.88
CA_1,HOBBIES_1_070,11537,5.88
CA_1,HOBBIES_1_070,11538,5.88
CA_1,HOBBIES_1_070,11539,5.88
CA_1,HOBBIES_1_070,11540,5.88
CA_1,HOBBIES_1_070,11541,5.88
CA_1,HOBBIES_1_070,11542,5.88
CA_1,HOBBIES_1_070,11543,5.88
CA_1,HOBBIES_1_070,11544,5.88
CA_1,HOBBIES_1_070,11545,5.88
CA_1,HOBBIES_1_070,11546,5.88
CA_1,HOBBIES_1_070,11547,5.88
CA_1,HOBBIES_1_070,11548,5.88
CA_1,HOBBIES_1_070,11549,5.88
CA_1,HOBBIES_1_070,11550,5.88
CA_1,HOBBIES_1_070,11551,5.88
CA_1,HOBBIES_1_070,11552,5.88
CA_1,HOBBIES_1_070,11601,5.88
CA_1,HOBBIES_1_070,11602,5.88
CA_1,HOBBIES_1_070,11603,5.88
CA_1,HOBBIES_1_070,11604,5.88
CA_1,HOBBIES_1_070,11605,5.88
CA_1,HOBBIES_1_070,11606,5.88
CA_1,HOBBIES_1_070,11607,5.88
CA_1,HOBBIES_1_070,11608,5.88
CA_1,HOBBIES_1_070,11609,5.88
CA_1,HOBBIES_1_070,11610,5.88
CA_1,HOBBIES_1_070,11611,5.88
CA_1,HOBBIES_1_070,11612,5.88
CA_1,HOBBIES_1_070,11613,5.88
CA_1,HOBBIES_1_070,11614,5.88
CA_1,HOBBIES_1_070,11615,5.88
CA_1,HOBBIES_1_070,11616,5.88
CA_1,HOBBIES_1_070,11617,5.88
CA_1,HOBBIES_1_070,11618,5.88
CA_1,HOBBIES_1_070,11619,5.88
CA_1,HOBBIES_1_070,11620,5.88
CA_1,HOBBIES_1_070,11621,5.88
CA_1,HOBBIES_1_072,11114,1.97
CA_1,HOBBIES_1_072,11115,1.97
CA_1,HOBBIES_1_072,11116,1.97
CA_1,HOBBIES_1_072,11117,1.97
CA_1,HOBBIES_1_072,11118,1.97
CA_1,HOBBIES_1_072,11119,1.97
CA_1,HOBBIES_1_072,11120,1.97
CA_1,HOBBIES_1_072,11121,1.97
CA_1,HOBBIES_1_072,11122,1.97
CA_1,HOBBIES_1_072,11123,1.97
CA_1,HOBBIES_1_072,11124,1.97
CA_1,HOBBIES_1_072,11125,1.97
CA_1,HOBBIES_1_072,11126,1.97
CA_1,HOBBIES_1_072,11127,1.97
CA_1,HOBBIES_1_072,11128,1.97
CA_1,HOBBIES_1_072,11129,1.97
CA_1,HOBBIES_1_072,11130,1.97
CA_1,HOBBIES_1_072,11131,1.97
CA_1,HOBBIES_1_072,11132,1.97
CA_1,HOBBIES_1_072,11133,1.97
CA_1,HOBBIES_1_072,11134,1.97
CA_1,HOBBIES_1_072,11135,1.97
CA_1,HOBBIES_1_072,11136,1.97
CA_1,HOBBIES_1_072,11137,1.97
CA_1,HOBBIES_1_072,11138,1.97
CA_1,HOBBIES_1_072,11139,1.97
CA_1,HOBBIES_1_072,11140,1.97
CA_1,HOBBIES_1_072,11141,1.97
CA_1,HOBBIES_1_072,11142,1.97
CA_1,HOBBIES_1_072,11143,1.97
CA_1,HOBBIES_1_072,11144,1.97
CA_1,HOBBIES_1_072,11145,1.97
CA_1,HOBBIES_1_072,11146,1.97
CA_1,HOBBIES_1_072,11147,1.97
CA_1,HOBBIES_1_072,11148,1.97
CA_1,HOBBIES_1_072,11149,1.97
CA_1,HOBBIES_1_072,11150,1.97
CA_1,HOBBIES_1_072,11151,1.97
CA_1,HOBBIES_1_072,11152,1.97
CA_1,HOBBIES_1_072,11201,1.97
CA_1,HOBBIES_1_072,11202,1.97
CA_1,HOBBIES_1_072,11203,1.97
CA_1,HOBBIES_1_072,11204,1.97
CA_1,HOBBIES_1_072,11205,1.97
CA_1,HOBBIES_1_072,11206,1.97
CA_1,HOBBIES_1_072,11207,1.97
CA_1,HOBBIES_1_072,11208,1.97
CA_1,HOBBIES_1_072,11209,1.97
CA_1,HOBBIES_1_072,11210,1.97
CA_1,HOBBIES_1_072,11211,1.97
CA_1,HOBBIES_1_072,11212,1.97
CA_1,HOBBIES_1_072,11213,1.97
CA_1,HOBBIES_1_072,11214,1.97
CA_1,HOBBIES_1_072,11215,1.97
CA_1,HOBBIES_1_072,11216,1.97
CA_1,HOBBIES_1_072,11217,1.97
CA_1,HOBBIES_1_072,11218,1.97
CA_1,HOBBIES_1_072,11219,1.97
CA_1,HOBBIES_1_072,11220,1.97
CA_1,HOBBIES_1_072,11221,1.97
CA_1,HOBBIES_1_072,11222,1.97
CA_1,HOBBIES_1_072,11223,1.97
CA_1,HOBBIES_1_072,11224,1.97
CA_1,HOBBIES_1_072,11225,1.97
CA_1,HOBBIES_1_072,11226,1.97
CA_1,HOBBIES_1_072,11227,1.97
CA_1,HOBBIES_1_072,11228,1.97
CA_1,HOBBIES_1_072,11229,1.97
CA_1,HOBBIES_1_072,11230,1.97
CA_1,HOBBIES_1_072,11231,1.97
CA_1,HOBBIES_1_072,11232,1.97
CA_1,HOBBIES_1_072,11233,1.97
CA_1,HOBBIES_1_072,11234,1.97
CA_1,HOBBIES_1_072,11235,1.97
CA_1,HOBBIES_1_072,11236,1.97
CA_1,HOBBIES_1_072,11237,1.97
CA_1,HOBBIES_1_072,11238,1.97
CA_1,HOBBIES_1_072,11239,1.97
CA_1,HOBBIES_1_072,11240,1.97
CA_1,HOBBIES_1_072,11241,1.97
CA_1,HOBBIES_1_072,11242,1.97
CA_1,HOBBIES_1_072,11243,1.97
CA_1,HOBBIES_1_072,11244,1.97
CA_1,HOBBIES_1_072,11245,1.97
CA_1,HOBBIES_1_072,11246,1.97
CA_1,HOBBIES_1_072,11247,1.97
CA_1,HOBBIES_1_072,11248,1.97
CA_1,HOBBIES_1_072,11249,1.97
CA_1,HOBBIES_1_072,11250,1.97
CA_1,HOBBIES_1_072,11251,1.97
CA_1,HOBBIES_1_072,11252,1.97
CA_1,HOBBIES_1_072,11301,1.97
CA_1,HOBBIES_1_072,11302,1.97
CA_1,HOBBIES_1_072,11303,1.97
CA_1,HOBBIES_1_072,11304,1.97
CA_1,HOBBIES_1_072,11305,1.97
CA_1,HOBBIES_1_072,11306,1.97
CA_1,HOBBIES_1_072,11307,1.97
CA_1,HOBBIES_1_072,11308,1.97
CA_1,HOBBIES_1_072,11309,1.97
CA_1,HOBBIES_1_072,11310,1.97
CA_1,HOBBIES_1_072,11311,1.97
CA_1,HOBBIES_1_072,11312,1.97
CA_1,HOBBIES_1_072,11313,1.97
CA_1,HOBBIES_1_072,11314,1.97
CA_1,HOBBIES_1_072,11315,1.97
CA_1,HOBBIES_1_072,11316,1.97
CA_1,HOBBIES_1_072,11317,1.97
CA_1,HOBBIES_1_072,11318,1.97
CA_1,HOBBIES_1_072,11319,1.97
CA_1,HOBBIES_1_072,11320,1.97
CA_1,HOBBIES_1_072,11321,1.97
CA_1,HOBBIES_1_072,11322,1.97
CA_1,HOBBIES_1_072,11323,1.97
CA_1,HOBBIES_1_072,11324,1.97
CA_1,HOBBIES_1_072,11325,1.97
CA_1,HOBBIES_1_072,11326,1.97
CA_1,HOBBIES_1_072,11327,1.97
CA_1,HOBBIES_1_072,11328,1.97
CA_1,HOBBIES_1_072,11329,1.97
CA_1,HOBBIES_1_072,11330,1.97
CA_1,HOBBIES_1_072,11331,1.97
CA_1,HOBBIES_1_072,11332,1.97
CA_1,HOBBIES_1_072,11333,1.97
CA_1,HOBBIES_1_072,11334,1.97
CA_1,HOBBIES_1_072,11335,1.97
CA_1,HOBBIES_1_072,11336,1.97
CA_1,HOBBIES_1_072,11337,1.97
CA_1,HOBBIES_1_072,11338,1.97
CA_1,HOBBIES_1_072,11339,1.97
CA_1,HOBBIES_1_072,11340,1.97
CA_1,HOBBIES_1_072,11341,1.97
CA_1,HOBBIES_1_072,11342,1.97
CA_1,HOBBIES_1_072,11343,1.97
CA_1,HOBBIES_1_072,11344,1.97
CA_1,HOBBIES_1_072,11345,1.97
CA_1,HOBBIES_1_072,11346,1.97
CA_1,HOBBIES_1_072,11347,1.97
CA_1,HOBBIES_1_072,11348,1.97
CA_1,HOBBIES_1_072,11349,1.97
CA_1,HOBBIES_1_072,11350,1.97
CA_1,HOBBIES_1_072,11351,1.97
CA_1,HOBBIES_1_072,11352,1.97
CA_1,HOBBIES_1_072,11353,1.97
CA_1,HOBBIES_1_072,11401,1.97
CA_1,HOBBIES_1_072,11402,1.97
CA_1,HOBBIES_1_072,11403,1.97
CA_1,HOBBIES_1_072,11404,1.97
CA_1,HOBBIES_1_072,11405,1.97
CA_1,HOBBIES_1_072,11406,1.97
CA_1,HOBBIES_1_072,11407,1.97
CA_1,HOBBIES_1_072,11408,1.97
CA_1,HOBBIES_1_072,11409,1.97
CA_1,HOBBIES_1_072,11410,1.97
CA_1,HOBBIES_1_072,11411,1.97
CA_1,HOBBIES_1_072,11412,1.97
CA_1,HOBBIES_1_072,11413,1.97
CA_1,HOBBIES_1_072,11414,1.97
CA_1,HOBBIES_1_072,11415,1.97
CA_1,HOBBIES_1_072,11416,1.97
CA_1,HOBBIES_1_072,11417,1.97
CA_1,HOBBIES_1_072,11418,1.97
CA_1,HOBBIES_1_072,11419,1.97
CA_1,HOBBIES_1_072,11420,1.97
CA_1,HOBBIES_1_072,11421,1.97
CA_1,HOBBIES_1_072,11422,1.97
CA_1,HOBBIES_1_072,11423,1.97
CA_1,HOBBIES_1_072,11424,1.97
CA_1,HOBBIES_1_072,11425,1.97
CA_1,HOBBIES_1_072,11426,1.97
CA_1,HOBBIES_1_072,11427,1.97
CA_1,HOBBIES_1_072,11428,1.97
CA_1,HOBBIES_1_072,11429,1.97
CA_1,HOBBIES_1_072,11430,1.97
CA_1,HOBBIES_1_072,11431,1.97
CA_1,HOBBIES_1_072,11432,1.97
CA_1,HOBBIES_1_072,11433,1.97
CA_1,HOBBIES_1_072,11434,1.97
CA_1,HOBBIES_1_072,11435,1.97
CA_1,HOBBIES_1_072,11436,1.97
CA_1,HOBBIES_1_072,11437,1.97
CA_1,HOBBIES_1_072,11438,1.97
CA_1,HOBBIES_1_072,11439,1.97
CA_1,HOBBIES_1_072,11440,1.97
CA_1,HOBBIES_1_072,11441,1.97
CA_1,HOBBIES_1_072,11442,1.97
CA_1,HOBBIES_1_072,11443,1.97
CA_1,HOBBIES_1_072,11444,1.97
CA_1,HOBBIES_1_072,11445,1.97
CA_1,HOBBIES_1_072,11446,1.97
CA_1,HOBBIES_1_072,11447,1.97
CA_1,HOBBIES_1_072,11448,1.97
CA_1,HOBBIES_1_072,11449,1.97
CA_1,HOBBIES_1_072,11450,1.97
CA_1,HOBBIES_1_072,11451,1.97
CA_1,HOBBIES_1_072,11452,1.97
CA_1,HOBBIES_1_072,11501,1.97
CA_1,HOBBIES_1_072,11502,1.97
CA_1,HOBBIES_1_072,11503,1.97
CA_1,HOBBIES_1_072,11504,1.97
CA_1,HOBBIES_1_072,11505,1.97
CA_1,HOBBIES_1_072,11506,1.97
CA_1,HOBBIES_1_072,11507,1.97
CA_1,HOBBIES_1_072,11508,1.97
CA_1,HOBBIES_1_072,11509,1.97
CA_1,HOBBIES_1_072,11510,1.97
CA_1,HOBBIES_1_072,11511,1.97
CA_1,HOBBIES_1_072,11512,1.97
CA_1,HOBBIES_1_072,11513,1.97
CA_1,HOBBIES_1_072,11514,1.97
CA_1,HOBBIES_1_072,11515,1.97
CA_1,HOBBIES_1_072,11516,1.97
CA_1,HOBBIES_1_072,11517,1.97
CA_1,HOBBIES_1_072,11518,1.97
CA_1,HOBBIES_1_072,11519,1.97
CA_1,HOBBIES_1_072,11520,1.97
CA_1,HOBBIES_1_072,11521,1.97
CA_1,HOBBIES_1_072,11522,1.97
CA_1,HOBBIES_1_072,11523,1.97
CA_1,HOBBIES_1_072,11524,1.97
CA_1,HOBBIES_1_072,11525,1.97
CA_1,HOBBIES_1_072,11526,1.97
CA_1,HOBBIES_1_072,11527,1.97
CA_1,HOBBIES_1_072,11528,1.97
CA_1,HOBBIES_1_072,11529,1.97
CA_1,HOBBIES_1_072,11530,1.97
CA_1,HOBBIES_1_072,11531,1.97
CA_1,HOBBIES_1_072,11532,1.97
CA_1,HOBBIES_1_072,11533,1.97
CA_1,HOBBIES_1_072,11534,1.97
CA_1,HOBBIES_1_072,11535,1.97
CA_1,HOBBIES_1_072,11536,1.97
CA_1,HOBBIES_1_072,11537,1.97
CA_1,HOBBIES_1_072,11538,1.97
CA_1,HOBBIES_1_072,11539,1.97
CA_1,HOBBIES_1_072,11540,1.97
CA_1,HOBBIES_1_072,11541,1.97
CA_1,HOBBIES_1_072,11542,1.97
CA_1,HOBBIES_1_072,11543,1.97
CA_1,HOBBIES_1_072,11544,1.97
CA_1,HOBBIES_1_072,11545,1.97
CA_1,HOBBIES_1_072,11546,1.97
CA_1,HOBBIES_1_072,11547,1.97
CA_1,HOBBIES_1_072,11548,1.97
CA_1,HOBBIES_1_072,11549,1.97
CA_1,HOBBIES_1_072,11550,1.97
CA_1,HOBBIES_1_072,11551,1.97
CA_1,HOBBIES_1_072,11552,1.97
CA_1,HOBBIES_1_072,11601,1.97
CA_1,HOBBIES_1_072,11602,1.97
CA_1,HOBBIES_1_072,11603,1.97
CA_1,HOBBIES_1_072,11604,1.97
CA_1,HOBBIES_1_072,11605,1.97
CA_1,HOBBIES_1_072,11606,1.97
CA_1,HOBBIES_1_072,11607,1.97
CA_1,HOBBIES_1_072,11608,1.97
CA_1,HOBBIES_1_072,11609,1.97
CA_1,HOBBIES_1_072,11610,1.97
CA_1,HOBBIES_1_072,11611,1.97
CA_1,HOBBIES_1_072,11612,1.97
CA_1,HOBBIES_1_072,11613,1.97
CA_1,HOBBIES_1_072,11614,1.97
CA_1,HOBBIES_1_072,11615,1.97
CA_1,HOBBIES_1_072,11616,1.97
CA_1,HOBBIES_1_072,11617,1.97
CA_1,HOBBIES_1_072,11618,1.97
CA_1,HOBBIES_1_072,11619,1.97
CA_1,HOBBIES_1_072,11620,1.97
CA_1,HOBBIES_1_072,11621,1.97
CA_1,HOBBIES_1_073,11112,5.16
CA_1,HOBBIES_1_073,11113,5.16
CA_1,HOBBIES_1_073,11114,5.16
CA_1,HOBBIES_1_073,11115,5.16
CA_1,HOBBIES_1_073,11116,5.16
CA_1,HOBBIES_1_073,11117,5.16
CA_1,HOBBIES_1_073,11118,5.16
CA_1,HOBBIES_1_073,11119,5.16
CA_1,HOBBIES_1_073,11120,5.16
CA_1,HOBBIES_1_073,11121,5.16
CA_1,HOBBIES_1_073,11122,5.16
CA_1,HOBBIES_1_073,11123,5.16
CA_1,HOBBIES_1_073,11124,5.16
CA_1,HOBBIES_1_073,11125,5.16
CA_1,HOBBIES_1_073,11126,5.16
CA_1,HOBBIES_1_073,11127,5.16
CA_1,HOBBIES_1_073,11128,5.16
CA_1,HOBBIES_1_073,11129,5.16
CA_1,HOBBIES_1_073,11130,5.16
CA_1,HOBBIES_1_073,11131,5.16
CA_1,HOBBIES_1_073,11132,5.16
CA_1,HOBBIES_1_073,11133,5.16
CA_1,HOBBIES_1_073,11134,5.16
CA_1,HOBBIES_1_073,11135,5.16
CA_1,HOBBIES_1_073,11136,5.16
CA_1,HOBBIES_1_073,11137,5.16
CA_1,HOBBIES_1_073,11138,5.16
CA_1,HOBBIES_1_073,11139,5.16
CA_1,HOBBIES_1_073,11140,5.16
CA_1,HOBBIES_1_073,11141,5.16
CA_1,HOBBIES_1_073,11142,5.16
CA_1,HOBBIES_1_073,11143,5.16
CA_1,HOBBIES_1_073,11144,5.16
CA_1,HOBBIES_1_073,11145,5.16
CA_1,HOBBIES_1_073,11146,5.16
CA_1,HOBBIES_1_073,11147,5.16
CA_1,HOBBIES_1_073,11148,5.16
CA_1,HOBBIES_1_073,11149,5.16
CA_1,HOBBIES_1_073,11150,5.16
CA_1,HOBBIES_1_073,11151,5.16
CA_1,HOBBIES_1_073,11152,5.16
CA_1,HOBBIES_1_073,11201,5.16
CA_1,HOBBIES_1_073,11202,5.16
CA_1,HOBBIES_1_073,11203,5.16
CA_1,HOBBIES_1_073,11204,5.16
CA_1,HOBBIES_1_073,11205,5.16
CA_1,HOBBIES_1_073,11206,5.16
CA_1,HOBBIES_1_073,11207,5.16
CA_1,HOBBIES_1_073,11208,5.16
CA_1,HOBBIES_1_073,11209,5.16
CA_1,HOBBIES_1_073,11210,5.16
CA_1,HOBBIES_1_073,11211,5.16
CA_1,HOBBIES_1_073,11212,5.16
CA_1,HOBBIES_1_073,11213,5.16
CA_1,HOBBIES_1_073,11214,5.16
CA_1,HOBBIES_1_073,11215,5.16
CA_1,HOBBIES_1_073,11216,5.16
CA_1,HOBBIES_1_073,11217,5.16
CA_1,HOBBIES_1_073,11218,5.16
CA_1,HOBBIES_1_073,11219,5.16
CA_1,HOBBIES_1_073,11220,5.16
CA_1,HOBBIES_1_073,11221,5.16
CA_1,HOBBIES_1_073,11222,5.16
CA_1,HOBBIES_1_073,11223,5.16
CA_1,HOBBIES_1_073,11224,5.16
CA_1,HOBBIES_1_073,11225,5.16
CA_1,HOBBIES_1_073,11226,5.16
CA_1,HOBBIES_1_073,11227,5.16
CA_1,HOBBIES_1_073,11228,5.16
CA_1,HOBBIES_1_073,11229,5.16
CA_1,HOBBIES_1_073,11230,5.16
CA_1,HOBBIES_1_073,11231,5.16
CA_1,HOBBIES_1_073,11232,5.16
CA_1,HOBBIES_1_073,11233,5.16
CA_1,HOBBIES_1_073,11234,5.16
CA_1,HOBBIES_1_073,11235,5.16
CA_1,HOBBIES_1_073,11236,5.16
CA_1,HOBBIES_1_073,11237,5.16
CA_1,HOBBIES_1_073,11238,5.16
CA_1,HOBBIES_1_073,11239,5.16
CA_1,HOBBIES_1_073,11240,5.16
CA_1,HOBBIES_1_073,11241,5.16
CA_1,HOBBIES_1_073,11242,5.16
CA_1,HOBBIES_1_073,11243,5.16
CA_1,HOBBIES_1_073,11244,5.16
CA_1,HOBBIES_1_073,11245,5.16
CA_1,HOBBIES_1_073,11246,5.16
CA_1,HOBBIES_1_073,11247,5.16
CA_1,HOBBIES_1_073,11248,5.16
CA_1,HOBBIES_1_073,11249,5.16
CA_1,HOBBIES_1_073,11250,5.16
CA_1,HOBBIES_1_073,11251,5.16
CA_1,HOBBIES_1_073,11252,5.16
CA_1,HOBBIES_1_073,11301,5.16
CA_1,HOBBIES_1_073,11302,5.16
CA_1,HOBBIES_1_073,11303,5.16
CA_1,HOBBIES_1_073,11304,5.16
CA_1,HOBBIES_1_073,11305,5.47
CA_1,HOBBIES_1_073,11306,5.47
CA_1,HOBBIES_1_073,11307,5.47
CA_1,HOBBIES_1_073,11308,5.47
CA_1,HOBBIES_1_073,11309,5.47
CA_1,HOBBIES_1_073,11310,5.47
CA_1,HOBBIES_1_073,11311,5.47
CA_1,HOBBIES_1_073,11312,5.47
CA_1,HOBBIES_1_073,11313,5.47
CA_1,HOBBIES_1_073,11314,5.47
CA_1,HOBBIES_1_073,11315,5.47
CA_1,HOBBIES_1_073,11316,5.47
CA_1,HOBBIES_1_073,11317,5.47
CA_1,HOBBIES_1_073,11318,5.47
CA_1,HOBBIES_1_073,11319,5.47
CA_1,HOBBIES_1_073,11320,5.47
CA_1,HOBBIES_1_073,11321,5.47
CA_1,HOBBIES_1_073,11322,5.47
CA_1,HOBBIES_1_073,11323,5.47
CA_1,HOBBIES_1_073,11324,5.47
CA_1,HOBBIES_1_073,11325,5.47
CA_1,HOBBIES_1_073,11326,5.47
CA_1,HOBBIES_1_073,11327,5.47
CA_1,HOBBIES_1_073,11328,5.47
CA_1,HOBBIES_1_073,11329,5.47
CA_1,HOBBIES_1_073,11330,5.47
CA_1,HOBBIES_1_073,11331,5.47
CA_1,HOBBIES_1_073,11332,5.47
CA_1,HOBBIES_1_073,11333,5.47
CA_1,HOBBIES_1_073,11334,5.47
CA_1,HOBBIES_1_073,11335,5.47
CA_1,HOBBIES_1_073,11336,5.47
CA_1,HOBBIES_1_073,11337,5.47
CA_1,HOBBIES_1_073,11338,5.47
CA_1,HOBBIES_1_073,11339,5.47
CA_1,HOBBIES_1_073,11340,5.47
CA_1,HOBBIES_1_073,11341,5.47
CA_1,HOBBIES_1_073,11342,5.47
CA_1,HOBBIES_1_073,11343,5.47
CA_1,HOBBIES_1_073,11344,5.47
CA_1,HOBBIES_1_073,11345,5.47
CA_1,HOBBIES_1_073,11346,5.47
CA_1,HOBBIES_1_073,11347,5.47
CA_1,HOBBIES_1_073,11348,5.47
CA_1,HOBBIES_1_073,11349,5.47
CA_1,HOBBIES_1_073,11350,5.47
CA_1,HOBBIES_1_073,11351,5.47
CA_1,HOBBIES_1_073,11352,5.47
CA_1,HOBBIES_1_073,11353,5.47
CA_1,HOBBIES_1_073,11401,5.47
CA_1,HOBBIES_1_073,11402,5.47
CA_1,HOBBIES_1_073,11403,5.47
CA_1,HOBBIES_1_073,11404,5.47
CA_1,HOBBIES_1_073,11405,5.47
CA_1,HOBBIES_1_073,11406,5.47
CA_1,HOBBIES_1_073,11407,5.47
CA_1,HOBBIES_1_073,11408,5.47
CA_1,HOBBIES_1_073,11409,5.47
CA_1,HOBBIES_1_073,11410,5.47
CA_1,HOBBIES_1_073,11411,5.47
CA_1,HOBBIES_1_073,11412,5.47
CA_1,HOBBIES_1_073,11413,5.47
CA_1,HOBBIES_1_073,11414,5.47
CA_1,HOBBIES_1_073,11415,5.47
CA_1,HOBBIES_1_073,11416,5.47
CA_1,HOBBIES_1_073,11417,5.47
CA_1,HOBBIES_1_073,11418,5.47
CA_1,HOBBIES_1_073,11419,5.47
CA_1,HOBBIES_1_073,11420,5.47
CA_1,HOBBIES_1_073,11421,5.47
CA_1,HOBBIES_1_073,11422,5.47
CA_1,HOBBIES_1_073,11423,5.47
CA_1,HOBBIES_1_073,11424,5.47
CA_1,HOBBIES_1_073,11425,5.47
CA_1,HOBBIES_1_073,11426,5.47
CA_1,HOBBIES_1_073,11427,5.47
CA_1,HOBBIES_1_073,11428,5.47
CA_1,HOBBIES_1_073,11429,5.47
CA_1,HOBBIES_1_073,11430,5.47
CA_1,HOBBIES_1_073,11431,5.47
CA_1,HOBBIES_1_073,11432,5.47
CA_1,HOBBIES_1_073,11433,5.47
CA_1,HOBBIES_1_073,11434,5.47
CA_1,HOBBIES_1_073,11435,5.47
CA_1,HOBBIES_1_073,11436,5.47
CA_1,HOBBIES_1_073,11437,5.47
CA_1,HOBBIES_1_073,11438,5.47
CA_1,HOBBIES_1_073,11439,5.47
CA_1,HOBBIES_1_073,11440,5.47
CA_1,HOBBIES_1_073,11441,5.47
CA_1,HOBBIES_1_073,11442,5.47
CA_1,HOBBIES_1_073,11443,5.47
CA_1,HOBBIES_1_073,11444,5.47
CA_1,HOBBIES_1_073,11445,5.47
CA_1,HOBBIES_1_073,11446,5.47
CA_1,HOBBIES_1_073,11447,5.47
CA_1,HOBBIES_1_073,11448,5.47
CA_1,HOBBIES_1_073,11449,5.47
CA_1,HOBBIES_1_073,11450,5.47
CA_1,HOBBIES_1_073,11451,5.47
CA_1,HOBBIES_1_073,11452,5.47
CA_1,HOBBIES_1_073,11501,5.47
CA_1,HOBBIES_1_073,11502,5.47
CA_1,HOBBIES_1_073,11503,5.47
CA_1,HOBBIES_1_073,11504,5.47
CA_1,HOBBIES_1_073,11505,5.47
CA_1,HOBBIES_1_073,11506,5.47
CA_1,HOBBIES_1_073,11507,5.47
CA_1,HOBBIES_1_073,11508,5.47
CA_1,HOBBIES_1_073,11509,5.47
CA_1,HOBBIES_1_073,11510,5.47
CA_1,HOBBIES_1_073,11511,5.47
CA_1,HOBBIES_1_073,11512,5.47
CA_1,HOBBIES_1_073,11513,5.47
CA_1,HOBBIES_1_073,11514,5.47
CA_1,HOBBIES_1_073,11515,5.47
CA_1,HOBBIES_1_073,11516,5.47
CA_1,HOBBIES_1_073,11517,5.47
CA_1,HOBBIES_1_073,11518,5.47
CA_1,HOBBIES_1_073,11519,5.47
CA_1,HOBBIES_1_073,11520,5.47
CA_1,HOBBIES_1_073,11521,5.47
CA_1,HOBBIES_1_073,11522,5.47
CA_1,HOBBIES_1_073,11523,5.47
CA_1,HOBBIES_1_073,11524,5.47
CA_1,HOBBIES_1_073,11525,5.47
CA_1,HOBBIES_1_073,11526,5.47
CA_1,HOBBIES_1_073,11527,5.47
CA_1,HOBBIES_1_073,11528,5.47
CA_1,HOBBIES_1_073,11529,5.47
CA_1,HOBBIES_1_073,11530,5.47
CA_1,HOBBIES_1_073,11531,5.47
CA_1,HOBBIES_1_073,11532,5.47
CA_1,HOBBIES_1_073,11533,5.47
CA_1,HOBBIES_1_073,11534,5.47
CA_1,HOBBIES_1_073,11535,5.47
CA_1,HOBBIES_1_073,11536,5.47
CA_1,HOBBIES_1_073,11537,5.47
CA_1,HOBBIES_1_073,11538,5.47
CA_1,HOBBIES_1_073,11539,5.47
CA_1,HOBBIES_1_073,11540,5.47
CA_1,HOBBIES_1_073,11541,5.47
CA_1,HOBBIES_1_073,11542,5.47
CA_1,HOBBIES_1_073,11543,5.47
CA_1,HOBBIES_1_073,11544,5.47
CA_1,HOBBIES_1_073,11545,5.47
CA_1,HOBBIES_1_073,11546,5.47
CA_1,HOBBIES_1_073,11547,5.47
CA_1,HOBBIES_1_073,11548,5.47
CA_1,HOBBIES_1_073,11549,5.47
CA_1,HOBBIES_1_073,11550,5.47
CA_1,HOBBIES_1_073,11551,5.47
CA_1,HOBBIES_1_073,11552,5.47
CA_1,HOBBIES_1_073,11601,5.47
CA_1,HOBBIES_1_073,11602,5.47
CA_1,HOBBIES_1_073,11603,5.47
CA_1,HOBBIES_1_073,11604,5.47
CA_1,HOBBIES_1_073,11605,5.47
CA_1,HOBBIES_1_073,11606,5.47
CA_1,HOBBIES_1_073,11607,5.47
CA_1,HOBBIES_1_073,11608,5.47
CA_1,HOBBIES_1_073,11609,5.47
CA_1,HOBBIES_1_073,11610,5.47
CA_1,HOBBIES_1_073,11611,5.47
CA_1,HOBBIES_1_073,11612,5.47
CA_1,HOBBIES_1_073,11613,5.47
CA_1,HOBBIES_1_073,11614,5.47
CA_1,HOBBIES_1_073,11615,5.47
CA_1,HOBBIES_1_073,11616,5.47
CA_1,HOBBIES_1_073,11617,5.47
CA_1,HOBBIES_1_073,11618,5.47
CA_1,HOBBIES_1_073,11619,5.47
CA_1,HOBBIES_1_073,11620,5.47
CA_1,HOBBIES_1_073,11621,5.47
CA_1,HOBBIES_1_074,11144,3.67
CA_1,HOBBIES_1_074,11145,3.67
CA_1,HOBBIES_1_074,11146,3.67
CA_1,HOBBIES_1_074,11147,3.67
CA_1,HOBBIES_1_074,11148,3.67
CA_1,HOBBIES_1_074,11149,3.67
CA_1,HOBBIES_1_074,11150,3.67
CA_1,HOBBIES_1_074,11151,3.67
CA_1,HOBBIES_1_074,11152,3.67
CA_1,HOBBIES_1_074,11201,3.67
CA_1,HOBBIES_1_074,11202,3.67
CA_1,HOBBIES_1_074,11203,3.67
CA_1,HOBBIES_1_074,11204,3.67
CA_1,HOBBIES_1_074,11205,3.67
CA_1,HOBBIES_1_074,11206,3.67
CA_1,HOBBIES_1_074,11207,3.67
CA_1,HOBBIES_1_074,11208,3.67
CA_1,HOBBIES_1_074,11209,3.67
CA_1,HOBBIES_1_074,11210,3.67
CA_1,HOBBIES_1_074,11211,3.67
CA_1,HOBBIES_1_074,11212,3.67
CA_1,HOBBIES_1_074,11213,3.67
CA_1,HOBBIES_1_074,11214,3.67
CA_1,HOBBIES_1_074,11215,3.67
CA_1,HOBBIES_1_074,11216,3.67
CA_1,HOBBIES_1_074,11217,3.67
CA_1,HOBBIES_1_074,11218,3.67
CA_1,HOBBIES_1_074,11219,3.67
CA_1,HOBBIES_1_074,11220,3.67
CA_1,HOBBIES_1_074,11221,3.67
CA_1,HOBBIES_1_074,11222,3.67
CA_1,HOBBIES_1_074,11223,3.67
CA_1,HOBBIES_1_074,11224,3.67
CA_1,HOBBIES_1_074,11225,3.67
CA_1,HOBBIES_1_074,11226,3.67
CA_1,HOBBIES_1_074,11227,3.67
CA_1,HOBBIES_1_074,11228,3.67
CA_1,HOBBIES_1_074,11229,3.67
CA_1,HOBBIES_1_074,11230,3.67
CA_1,HOBBIES_1_074,11231,3.67
CA_1,HOBBIES_1_074,11232,3.67
CA_1,HOBBIES_1_074,11233,3.67
CA_1,HOBBIES_1_074,11234,3.67
CA_1,HOBBIES_1_074,11235,3.67
CA_1,HOBBIES_1_074,11236,3.67
CA_1,HOBBIES_1_074,11237,3.67
CA_1,HOBBIES_1_074,11238,3.67
CA_1,HOBBIES_1_074,11239,3.67
CA_1,HOBBIES_1_074,11240,3.67
CA_1,HOBBIES_1_074,11241,3.67
CA_1,HOBBIES_1_074,11242,3.67
CA_1,HOBBIES_1_074,11243,3.67
CA_1,HOBBIES_1_074,11244,3.67
CA_1,HOBBIES_1_074,11245,3.67
CA_1,HOBBIES_1_074,11246,3.67
CA_1,HOBBIES_1_074,11247,3.67
CA_1,HOBBIES_1_074,11248,3.67
CA_1,HOBBIES_1_074,11249,3.67
CA_1,HOBBIES_1_074,11250,3.67
CA_1,HOBBIES_1_074,11251,3.67
CA_1,HOBBIES_1_074,11252,3.67
CA_1,HOBBIES_1_074,11301,3.67
CA_1,HOBBIES_1_074,11302,3.67
CA_1,HOBBIES_1_074,11303,3.67
CA_1,HOBBIES_1_074,11304,3.67
CA_1,HOBBIES_1_074,11305,3.67
CA_1,HOBBIES_1_074,11306,3.67
CA_1,HOBBIES_1_074,11307,3.67
CA_1,HOBBIES_1_074,11308,3.67
CA_1,HOBBIES_1_074,11309,3.67
CA_1,HOBBIES_1_074,11310,3.67
CA_1,HOBBIES_1_074,11311,3.67
CA_1,HOBBIES_1_074,11312,3.67
CA_1,HOBBIES_1_074,11313,3.67
CA_1,HOBBIES_1_074,11314,3.67
CA_1,HOBBIES_1_074,11315,3.67
CA_1,HOBBIES_1_074,11316,3.67
CA_1,HOBBIES_1_074,11317,3.67
CA_1,HOBBIES_1_074,11318,3.67
CA_1,HOBBIES_1_074,11319,3.67
CA_1,HOBBIES_1_074,11320,3.67
CA_1,HOBBIES_1_074,11321,3.67
CA_1,HOBBIES_1_074,11322,3.67
CA_1,HOBBIES_1_074,11323,3.67
CA_1,HOBBIES_1_074,11324,3.67
CA_1,HOBBIES_1_074,11325,3.67
CA_1,HOBBIES_1_074,11326,3.67
CA_1,HOBBIES_1_074,11327,3.67
CA_1,HOBBIES_1_074,11328,3.67
CA_1,HOBBIES_1_074,11329,3.67
CA_1,HOBBIES_1_074,11330,3.67
CA_1,HOBBIES_1_074,11331,3.67
CA_1,HOBBIES_1_074,11332,3.67
CA_1,HOBBIES_1_074,11333,3.67
CA_1,HOBBIES_1_074,11334,3.67
CA_1,HOBBIES_1_074,11335,3.67
CA_1,HOBBIES_1_074,11336,3.67
CA_1,HOBBIES_1_074,11337,3.67
CA_1,HOBBIES_1_074,11338,3.67
CA_1,HOBBIES_1_074,11339,3.67
CA_1,HOBBIES_1_074,11340,3.67
CA_1,HOBBIES_1_074,11341,3.67
CA_1,HOBBIES_1_074,11342,3.67
CA_1,HOBBIES_1_074,11343,3.67
CA_1,HOBBIES_1_074,11344,3.67
CA_1,HOBBIES_1_074,11345,3.67
CA_1,HOBBIES_1_074,11346,3.67
CA_1,HOBBIES_1_074,11347,3.67
CA_1,HOBBIES_1_074,11348,3.67
CA_1,HOBBIES_1_074,11349,3.67
CA_1,HOBBIES_1_074,11350,3.67
CA_1,HOBBIES_1_074,11351,3.67
CA_1,HOBBIES_1_074,11352,3.67
CA_1,HOBBIES_1_074,11353,3.67
CA_1,HOBBIES_1_074,11401,3.67
CA_1,HOBBIES_1_074,11402,3.67
CA_1,HOBBIES_1_074,11403,3.67
CA_1,HOBBIES_1_074,11404,3.67
CA_1,HOBBIES_1_074,11405,3.67
CA_1,HOBBIES_1_074,11406,3.67
CA_1,HOBBIES_1_074,11407,3.67
CA_1,HOBBIES_1_074,11408,3.67
CA_1,HOBBIES_1_074,11409,3.67
CA_1,HOBBIES_1_074,11410,3.67
CA_1,HOBBIES_1_074,11411,3.67
CA_1,HOBBIES_1_074,11412,3.67
CA_1,HOBBIES_1_074,11413,3.67
CA_1,HOBBIES_1_074,11414,3.67
CA_1,HOBBIES_1_074,11415,3.67
CA_1,HOBBIES_1_074,11416,3.67
CA_1,HOBBIES_1_074,11417,3.67
CA_1,HOBBIES_1_074,11418,3.67
CA_1,HOBBIES_1_074,11419,3.67
CA_1,HOBBIES_1_074,11420,3.67
CA_1,HOBBIES_1_074,11421,3.67
CA_1,HOBBIES_1_074,11422,3.67
CA_1,HOBBIES_1_074,11423,3.67
CA_1,HOBBIES_1_074,11424,3.67
CA_1,HOBBIES_1_074,11425,3.67
CA_1,HOBBIES_1_074,11426,3.67
CA_1,HOBBIES_1_074,11427,3.67
CA_1,HOBBIES_1_074,11428,3.67
CA_1,HOBBIES_1_074,11429,3.67
CA_1,HOBBIES_1_074,11430,3.67
CA_1,HOBBIES_1_074,11431,3.67
CA_1,HOBBIES_1_074,11432,3.67
CA_1,HOBBIES_1_074,11433,3.67
CA_1,HOBBIES_1_074,11434,3.67
CA_1,HOBBIES_1_074,11435,3.67
CA_1,HOBBIES_1_074,11436,3.67
CA_1,HOBBIES_1_074,11437,3.67
CA_1,HOBBIES_1_074,11438,3.67
CA_1,HOBBIES_1_074,11439,3.67
CA_1,HOBBIES_1_074,11440,3.67
CA_1,HOBBIES_1_074,11441,3.67
CA_1,HOBBIES_1_074,11442,3.67
CA_1,HOBBIES_1_074,11443,3.67
CA_1,HOBBIES_1_074,11444,3.67
CA_1,HOBBIES_1_074,11445,3.67
CA_1,HOBBIES_1_074,11446,3.67
CA_1,HOBBIES_1_074,11447,3.67
CA_1,HOBBIES_1_074,11448,3.67
CA_1,HOBBIES_1_074,11449,3.67
CA_1,HOBBIES_1_074,11450,3.67
CA_1,HOBBIES_1_074,11451,3.67
CA_1,HOBBIES_1_074,11452,3.67
CA_1,HOBBIES_1_074,11501,3.67
CA_1,HOBBIES_1_074,11502,3.67
CA_1,HOBBIES_1_074,11503,3.67
CA_1,HOBBIES_1_074,11504,3.67
CA_1,HOBBIES_1_074,11505,3.67
CA_1,HOBBIES_1_074,11506,3.67
CA_1,HOBBIES_1_074,11507,3.67
CA_1,HOBBIES_1_074,11508,3.67
CA_1,HOBBIES_1_074,11509,3.67
CA_1,HOBBIES_1_074,11510,3.67
CA_1,HOBBIES_1_074,11511,3.67
CA_1,HOBBIES_1_074,11512,3.67
CA_1,HOBBIES_1_074,11513,3.67
CA_1,HOBBIES_1_074,11514,3.67
CA_1,HOBBIES_1_074,11515,3.67
CA_1,HOBBIES_1_074,11516,3.67
CA_1,HOBBIES_1_074,11517,3.67
CA_1,HOBBIES_1_074,11518,3.67
CA_1,HOBBIES_1_074,11519,3.67
CA_1,HOBBIES_1_074,11520,3.67
CA_1,HOBBIES_1_074,11521,3.67
CA_1,HOBBIES_1_074,11522,3.67
CA_1,HOBBIES_1_074,11523,3.67
CA_1,HOBBIES_1_074,11524,3.67
CA_1,HOBBIES_1_074,11525,3.67
CA_1,HOBBIES_1_074,11526,3.67
CA_1,HOBBIES_1_074,11527,3.67
CA_1,HOBBIES_1_074,11528,3.67
CA_1,HOBBIES_1_074,11529,3.67
CA_1,HOBBIES_1_074,11530,3.67
CA_1,HOBBIES_1_074,11531,3.67
CA_1,HOBBIES_1_074,11532,3.67
CA_1,HOBBIES_1_074,11533,3.67
CA_1,HOBBIES_1_074,11534,3.67
CA_1,HOBBIES_1_074,11535,3.67
CA_1,HOBBIES_1_074,11536,3.67
CA_1,HOBBIES_1_074,11537,3.67
CA_1,HOBBIES_1_074,11538,3.67
CA_1,HOBBIES_1_074,11539,3.67
CA_1,HOBBIES_1_074,11540,3.67
CA_1,HOBBIES_1_074,11541,3.67
CA_1,HOBBIES_1_074,11542,3.67
CA_1,HOBBIES_1_074,11543,3.67
CA_1,HOBBIES_1_074,11544,3.67
CA_1,HOBBIES_1_074,11545,3.67
CA_1,HOBBIES_1_074,11546,3.67
CA_1,HOBBIES_1_074,11547,3.67
CA_1,HOBBIES_1_074,11548,3.67
CA_1,HOBBIES_1_074,11549,3.67
CA_1,HOBBIES_1_074,11550,3.67
CA_1,HOBBIES_1_074,11551,3.67
CA_1,HOBBIES_1_074,11552,3.67
CA_1,HOBBIES_1_074,11601,3.67
CA_1,HOBBIES_1_074,11602,3.67
CA_1,HOBBIES_1_074,11603,3.67
CA_1,HOBBIES_1_074,11604,3.67
CA_1,HOBBIES_1_074,11605,3.67
CA_1,HOBBIES_1_074,11606,3.67
CA_1,HOBBIES_1_074,11607,3.67
CA_1,HOBBIES_1_074,11608,3.67
CA_1,HOBBIES_1_074,11609,3.67
CA_1,HOBBIES_1_074,11610,3.67
CA_1,HOBBIES_1_074,11611,3.67
CA_1,HOBBIES_1_074,11612,3.67
CA_1,HOBBIES_1_074,11613,3.67
CA_1,HOBBIES_1_074,11614,3.67
CA_1,HOBBIES_1_074,11615,3.67
CA_1,HOBBIES_1_074,11616,3.67
CA_1,HOBBIES_1_074,11617,3.67
CA_1,HOBBIES_1_074,11618,3.83
CA_1,HOBBIES_1_074,11619,3.83
CA_1,HOBBIES_1_074,11620,3.83
CA_1,HOBBIES_1_074,11621,3.83
CA_1,HOBBIES_1_075,11101,6.84
CA_1,HOBBIES_1_075,11102,6.84
CA_1,HOBBIES_1_075,11103,6.84
CA_1,HOBBIES_1_075,11104,6.84
CA_1,HOBBIES_1_075,11105,6.84
CA_1,HOBBIES_1_075,11106,7.24
CA_1,HOBBIES_1_075,11107,7.24
CA_1,HOBBIES_1_075,11108,7.24
CA_1,HOBBIES_1_075,11109,7.24
CA_1,HOBBIES_1_075,11110,7.24
CA_1,HOBBIES_1_075,11111,7.24
CA_1,HOBBIES_1_075,11112,7.24
CA_1,HOBBIES_1_075,11113,7.24
CA_1,HOBBIES_1_075,11114,7.24
CA_1,HOBBIES_1_075,11115,7.24
CA_1,HOBBIES_1_075,11116,7.24
CA_1,HOBBIES_1_075,11117,7.24
CA_1,HOBBIES_1_075,11118,7.24
CA_1,HOBBIES_1_075,11119,7.24
CA_1,HOBBIES_1_075,11120,7.24
CA_1,HOBBIES_1_075,11121,7.24
CA_1,HOBBIES_1_075,11122,7.24
CA_1,HOBBIES_1_075,11123,7.24
CA_1,HOBBIES_1_075,11124,7.24
CA_1,HOBBIES_1_075,11125,7.24
CA_1,HOBBIES_1_075,11126,7.24
CA_1,HOBBIES_1_075,11127,7.24
CA_1,HOBBIES_1_075,11128,7.24
CA_1,HOBBIES_1_075,11129,7.24
CA_1,HOBBIES_1_075,11130,7.24
CA_1,HOBBIES_1_075,11131,7.24
CA_1,HOBBIES_1_075,11132,7.24
CA_1,HOBBIES_1_075,11133,7.24
CA_1,HOBBIES_1_075,11134,7.24
CA_1,HOBBIES_1_075,11135,7.24
CA_1,HOBBIES_1_075,11136,7.24
CA_1,HOBBIES_1_075,11137,7.24
CA_1,HOBBIES_1_075,11138,7.24
CA_1,HOBBIES_1_075,11139,7.24
CA_1,HOBBIES_1_075,11140,7.24
CA_1,HOBBIES_1_075,11141,7.24
CA_1,HOBBIES_1_075,11142,7.24
CA_1,HOBBIES_1_075,11143,7.24
CA_1,HOBBIES_1_075,11144,7.24
CA_1,HOBBIES_1_075,11145,7.24
CA_1,HOBBIES_1_075,11146,7.24
CA_1,HOBBIES_1_075,11147,7.24
CA_1,HOBBIES_1_075,11148,7.24
CA_1,HOBBIES_1_075,11149,7.24
CA_1,HOBBIES_1_075,11150,7.24
CA_1,HOBBIES_1_075,11151,7.24
CA_1,HOBBIES_1_075,11152,7.24
CA_1,HOBBIES_1_075,11201,7.24
CA_1,HOBBIES_1_075,11202,7.24
CA_1,HOBBIES_1_075,11203,7.24
CA_1,HOBBIES_1_075,11204,7.24
CA_1,HOBBIES_1_075,11205,7.0
CA_1,HOBBIES_1_075,11206,7.0
CA_1,HOBBIES_1_075,11207,7.0
CA_1,HOBBIES_1_075,11208,7.0
CA_1,HOBBIES_1_075,11209,7.0
CA_1,HOBBIES_1_075,11210,7.0
CA_1,HOBBIES_1_075,11211,7.0
CA_1,HOBBIES_1_075,11212,7.0
CA_1,HOBBIES_1_075,11213,7.0
CA_1,HOBBIES_1_075,11214,7.0
CA_1,HOBBIES_1_075,11215,7.0
CA_1,HOBBIES_1_075,11216,7.0
CA_1,HOBBIES_1_075,11217,7.0
CA_1,HOBBIES_1_075,11218,7.0
CA_1,HOBBIES_1_075,11219,7.0
CA_1,HOBBIES_1_075,11220,7.0
CA_1,HOBBIES_1_075,11221,7.0
CA_1,HOBBIES_1_075,11222,7.0
CA_1,HOBBIES_1_075,11223,7.0
CA_1,HOBBIES_1_075,11224,7.0
CA_1,HOBBIES_1_075,11225,7.0
CA_1,HOBBIES_1_075,11226,7.0
CA_1,HOBBIES_1_075,11227,7.0
CA_1,HOBBIES_1_075,11228,7.0
CA_1,HOBBIES_1_075,11229,7.0
CA_1,HOBBIES_1_075,11230,7.0
CA_1,HOBBIES_1_075,11231,7.0
CA_1,HOBBIES_1_075,11232,7.0
CA_1,HOBBIES_1_075,11233,7.0
CA_1,HOBBIES_1_075,11234,7.0
CA_1,HOBBIES_1_075,11235,7.0
CA_1,HOBBIES_1_075,11236,7.0
CA_1,HOBBIES_1_075,11237,7.0
CA_1,HOBBIES_1_075,11238,7.0
CA_1,HOBBIES_1_075,11239,7.0
CA_1,HOBBIES_1_075,11240,7.0
CA_1,HOBBIES_1_075,11241,7.0
CA_1,HOBBIES_1_075,11242,7.0
CA_1,HOBBIES_1_075,11243,7.0
CA_1,HOBBIES_1_075,11244,7.0
CA_1,HOBBIES_1_075,11245,7.0
CA_1,HOBBIES_1_075,11246,7.0
CA_1,HOBBIES_1_075,11247,7.0
CA_1,HOBBIES_1_075,11248,7.0
CA_1,HOBBIES_1_075,11249,7.0
CA_1,HOBBIES_1_075,11250,7.0
CA_1,HOBBIES_1_075,11251,7.0
CA_1,HOBBIES_1_075,11252,7.0
CA_1,HOBBIES_1_075,11301,7.0
CA_1,HOBBIES_1_075,11302,7.0
CA_1,HOBBIES_1_075,11303,7.0
CA_1,HOBBIES_1_075,11304,7.0
CA_1,HOBBIES_1_075,11305,7.0
CA_1,HOBBIES_1_075,11306,7.0
CA_1,HOBBIES_1_075,11307,7.0
CA_1,HOBBIES_1_075,11308,7.0
CA_1,HOBBIES_1_075,11309,7.0
CA_1,HOBBIES_1_075,11310,7.0
CA_1,HOBBIES_1_075,11311,7.0
CA_1,HOBBIES_1_075,11312,7.0
CA_1,HOBBIES_1_075,11313,7.0
CA_1,HOBBIES_1_075,11314,7.0
CA_1,HOBBIES_1_075,11315,7.0
CA_1,HOBBIES_1_075,11316,7.0
CA_1,HOBBIES_1_075,11317,7.0
CA_1,HOBBIES_1_075,11318,7.0
CA_1,HOBBIES_1_075,11319,7.0
CA_1,HOBBIES_1_075,11320,7.0
CA_1,HOBBIES_1_075,11321,7.0
CA_1,HOBBIES_1_075,11322,7.0
CA_1,HOBBIES_1_075,11323,7.0
CA_1,HOBBIES_1_075,11324,7.0
CA_1,HOBBIES_1_075,11325,7.0
CA_1,HOBBIES_1_075,11326,7.0
CA_1,HOBBIES_1_075,11327,7.0
CA_1,HOBBIES_1_075,11328,7.0
CA_1,HOBBIES_1_075,11329,7.0
CA_1,HOBBIES_1_075,11330,7.0
CA_1,HOBBIES_1_075,11331,7.0
CA_1,HOBBIES_1_075,11332,7.0
CA_1,HOBBIES_1_075,11333,7.0
CA_1,HOBBIES_1_075,11334,7.0
CA_1,HOBBIES_1_075,11335,7.0
CA_1,HOBBIES_1_075,11336,7.0
CA_1,HOBBIES_1_075,11337,7.0
CA_1,HOBBIES_1_075,11338,7.0
CA_1,HOBBIES_1_075,11339,7.0
CA_1,HOBBIES_1_075,11340,7.0
CA_1,HOBBIES_1_075,11341,7.0
CA_1,HOBBIES_1_075,11342,7.0
CA_1,HOBBIES_1_075,11343,7.0
CA_1,HOBBIES_1_075,11344,7.0
CA_1,HOBBIES_1_075,11345,7.0
CA_1,HOBBIES_1_075,11346,7.0
CA_1,HOBBIES_1_075,11347,7.0
CA_1,HOBBIES_1_075,11348,7.0
CA_1,HOBBIES_1_075,11349,7.0
CA_1,HOBBIES_1_075,11350,7.0
CA_1,HOBBIES_1_075,11351,7.0
CA_1,HOBBIES_1_075,11352,7.0
CA_1,HOBBIES_1_075,11353,7.0
CA_1,HOBBIES_1_075,11401,7.0
CA_1,HOBBIES_1_075,11402,7.0
CA_1,HOBBIES_1_075,11403,7.0
CA_1,HOBBIES_1_075,11404,7.0
CA_1,HOBBIES_1_075,11405,7.0
CA_1,HOBBIES_1_075,11406,7.0
CA_1,HOBBIES_1_075,11407,7.0
CA_1,HOBBIES_1_075,11408,7.0
CA_1,HOBBIES_1_075,11409,7.0
CA_1,HOBBIES_1_075,11410,7.0
CA_1,HOBBIES_1_075,11411,7.0
CA_1,HOBBIES_1_075,11412,7.0
CA_1,HOBBIES_1_075,11413,7.0
CA_1,HOBBIES_1_075,11414,7.0
CA_1,HOBBIES_1_075,11415,7.0
CA_1,HOBBIES_1_075,11416,7.0
CA_1,HOBBIES_1_075,11417,7.0
CA_1,HOBBIES_1_075,11418,7.0
CA_1,HOBBIES_1_075,11419,7.0
CA_1,HOBBIES_1_075,11420,7.0
CA_1,HOBBIES_1_075,11421,7.0
CA_1,HOBBIES_1_075,11422,7.0
CA_1,HOBBIES_1_075,11423,7.0
CA_1,HOBBIES_1_075,11424,7.0
CA_1,HOBBIES_1_075,11425,7.0
CA_1,HOBBIES_1_075,11426,7.0
CA_1,HOBBIES_1_075,11427,7.0
CA_1,HOBBIES_1_075,11428,7.0
CA_1,HOBBIES_1_075,11429,7.0
CA_1,HOBBIES_1_075,11430,7.0
CA_1,HOBBIES_1_075,11431,7.0
CA_1,HOBBIES_1_075,11432,7.0
CA_1,HOBBIES_1_075,11433,7.0
CA_1,HOBBIES_1_075,11434,7.0
CA_1,HOBBIES_1_075,11435,7.0
CA_1,HOBBIES_1_075,11436,7.0
CA_1,HOBBIES_1_075,11437,7.0
CA_1,HOBBIES_1_075,11438,7.0
CA_1,HOBBIES_1_075,11439,7.0
CA_1,HOBBIES_1_075,11440,7.0
CA_1,HOBBIES_1_075,11441,7.0
CA_1,HOBBIES_1_075,11442,7.0
CA_1,HOBBIES_1_075,11443,7.0
CA_1,HOBBIES_1_075,11444,7.0
CA_1,HOBBIES_1_075,11445,7.0
CA_1,HOBBIES_1_075,11446,7.0
CA_1,HOBBIES_1_075,11447,7.0
CA_1,HOBBIES_1_075,11448,7.0
CA_1,HOBBIES_1_075,11449,7.0
CA_1,HOBBIES_1_075,11450,7.0
CA_1,HOBBIES_1_075,11451,7.0
CA_1,HOBBIES_1_075,11452,7.0
CA_1,HOBBIES_1_075,11501,7.0
CA_1,HOBBIES_1_075,11502,7.0
CA_1,HOBBIES_1_075,11503,7.0
CA_1,HOBBIES_1_075,11504,7.0
CA_1,HOBBIES_1_075,11505,7.0
CA_1,HOBBIES_1_075,11506,7.0
CA_1,HOBBIES_1_075,11507,7.0
CA_1,HOBBIES_1_075,11508,7.0
CA_1,HOBBIES_1_075,11509,7.0
CA_1,HOBBIES_1_075,11510,7.0
CA_1,HOBBIES_1_075,11511,7.0
CA_1,HOBBIES_1_075,11512,7.0
CA_1,HOBBIES_1_075,11513,7.0
CA_1,HOBBIES_1_075,11514,7.0
CA_1,HOBBIES_1_075,11515,7.0
CA_1,HOBBIES_1_075,11516,7.0
CA_1,HOBBIES_1_075,11517,7.0
CA_1,HOBBIES_1_075,11518,7.0
CA_1,HOBBIES_1_075,11519,7.0
CA_1,HOBBIES_1_075,11520,7.0
CA_1,HOBBIES_1_075,11521,7.0
CA_1,HOBBIES_1_075,11522,7.0
CA_1,HOBBIES_1_075,11523,7.0
CA_1,HOBBIES_1_075,11524,7.0
CA_1,HOBBIES_1_075,11525,7.0
CA_1,HOBBIES_1_075,11526,7.0
CA_1,HOBBIES_1_075,11527,7.0
CA_1,HOBBIES_1_075,11528,7.0
CA_1,HOBBIES_1_075,11529,7.0
CA_1,HOBBIES_1_075,11530,7.0
CA_1,HOBBIES_1_075,11531,7.0
CA_1,HOBBIES_1_075,11532,7.0
CA_1,HOBBIES_1_075,11533,7.0
CA_1,HOBBIES_1_075,11534,7.0
CA_1,HOBBIES_1_075,11535,7.0
CA_1,HOBBIES_1_075,11536,7.0
CA_1,HOBBIES_1_075,11537,7.0
CA_1,HOBBIES_1_075,11538,7.0
CA_1,HOBBIES_1_075,11539,7.0
CA_1,HOBBIES_1_075,11540,7.0
CA_1,HOBBIES_1_075,11541,7.0
CA_1,HOBBIES_1_075,11542,7.0
CA_1,HOBBIES_1_075,11543,7.0
CA_1,HOBBIES_1_075,11544,7.0
CA_1,HOBBIES_1_075,11545,7.0
CA_1,HOBBIES_1_075,11546,7.0
CA_1,HOBBIES_1_075,11547,7.0
CA_1,HOBBIES_1_075,11548,7.0
CA_1,HOBBIES_1_075,11549,7.0
CA_1,HOBBIES_1_075,11550,7.0
CA_1,HOBBIES_1_075,11551,7.0
CA_1,HOBBIES_1_075,11552,7.0
CA_1,HOBBIES_1_075,11601,7.0
CA_1,HOBBIES_1_075,11602,7.0
CA_1,HOBBIES_1_075,11603,7.0
CA_1,HOBBIES_1_075,11604,7.0
CA_1,HOBBIES_1_075,11605,7.0
CA_1,HOBBIES_1_075,11606,7.0
CA_1,HOBBIES_1_075,11607,7.0
CA_1,HOBBIES_1_075,11608,7.0
CA_1,HOBBIES_1_075,11609,7.0
CA_1,HOBBIES_1_075,11610,7.0
CA_1,HOBBIES_1_075,11611,7.0
CA_1,HOBBIES_1_075,11612,7.0
CA_1,HOBBIES_1_075,11613,7.0
CA_1,HOBBIES_1_075,11614,7.0
CA_1,HOBBIES_1_075,11615,7.0
CA_1,HOBBIES_1_075,11616,7.0
CA_1,HOBBIES_1_075,11617,7.0
CA_1,HOBBIES_1_075,11618,7.0
CA_1,HOBBIES_1_075,11619,7.0
CA_1,HOBBIES_1_075,11620,7.0
CA_1,HOBBIES_1_075,11621,7.0
CA_1,HOBBIES_1_076,11101,2.94
CA_1,HOBBIES_1_076,11102,2.94
CA_1,HOBBIES_1_076,11103,2.94
CA_1,HOBBIES_1_076,11104,2.94
CA_1,HOBBIES_1_076,11105,2.94
CA_1,HOBBIES_1_076,11106,2.94
CA_1,HOBBIES_1_076,11107,2.94
CA_1,HOBBIES_1_076,11108,2.94
CA_1,HOBBIES_1_076,11109,2.94
CA_1,HOBBIES_1_076,11110,2.94
CA_1,HOBBIES_1_076,11111,2.94
CA_1,HOBBIES_1_076,11112,2.94
CA_1,HOBBIES_1_076,11113,2.94
CA_1,HOBBIES_1_076,11114,2.94
CA_1,HOBBIES_1_076,11115,2.94
CA_1,HOBBIES_1_076,11116,2.94
CA_1,HOBBIES_1_076,11117,2.94
CA_1,HOBBIES_1_076,11118,2.94
CA_1,HOBBIES_1_076,11119,2.94
CA_1,HOBBIES_1_076,11120,2.94
CA_1,HOBBIES_1_076,11121,2.94
CA_1,HOBBIES_1_076,11122,2.94
CA_1,HOBBIES_1_076,11123,2.94
CA_1,HOBBIES_1_076,11124,2.94
CA_1,HOBBIES_1_076,11125,2.94
CA_1,HOBBIES_1_076,11126,2.94
CA_1,HOBBIES_1_076,11127,2.94
CA_1,HOBBIES_1_076,11128,2.94
CA_1,HOBBIES_1_076,11129,2.94
CA_1,HOBBIES_1_076,11130,2.94
CA_1,HOBBIES_1_076,11131,2.94
CA_1,HOBBIES_1_076,11132,2.94
CA_1,HOBBIES_1_076,11133,2.94
CA_1,HOBBIES_1_076,11134,2.94
CA_1,HOBBIES_1_076,11135,2.94
CA_1,HOBBIES_1_076,11136,2.94
CA_1,HOBBIES_1_076,11137,2.94
CA_1,HOBBIES_1_076,11138,2.94
CA_1,HOBBIES_1_076,11139,2.94
CA_1,HOBBIES_1_076,11140,2.94
CA_1,HOBBIES_1_076,11141,2.94
CA_1,HOBBIES_1_076,11142,2.94
CA_1,HOBBIES_1_076,11143,2.94
CA_1,HOBBIES_1_076,11144,2.94
CA_1,HOBBIES_1_076,11145,2.94
CA_1,HOBBIES_1_076,11146,2.94
CA_1,HOBBIES_1_076,11147,2.94
CA_1,HOBBIES_1_076,11148,2.94
CA_1,HOBBIES_1_076,11149,2.94
CA_1,HOBBIES_1_076,11150,2.94
CA_1,HOBBIES_1_076,11151,2.94
CA_1,HOBBIES_1_076,11152,2.94
CA_1,HOBBIES_1_076,11201,2.94
CA_1,HOBBIES_1_076,11202,2.94
CA_1,HOBBIES_1_076,11203,2.94
CA_1,HOBBIES_1_076,11204,2.94
CA_1,HOBBIES_1_076,11205,2.94
CA_1,HOBBIES_1_076,11206,2.94
CA_1,HOBBIES_1_076,11207,2.94
CA_1,HOBBIES_1_076,11208,2.94
CA_1,HOBBIES_1_076,11209,2.94
CA_1,HOBBIES_1_076,11210,2.94
CA_1,HOBBIES_1_076,11211,2.94
CA_1,HOBBIES_1_076,11212,2.94
CA_1,HOBBIES_1_076,11213,2.94
CA_1,HOBBIES_1_076,11214,2.94
CA_1,HOBBIES_1_076,11215,2.94
CA_1,HOBBIES_1_076,11216,2.94
CA_1,HOBBIES_1_076,11217,2.94
CA_1,HOBBIES_1_076,11218,2.94
CA_1,HOBBIES_1_076,11219,2.94
CA_1,HOBBIES_1_076,11220,2.94
CA_1,HOBBIES_1_076,11221,2.94
CA_1,HOBBIES_1_076,11222,2.94
CA_1,HOBBIES_1_076,11223,2.94
CA_1,HOBBIES_1_076,11224,2.94
CA_1,HOBBIES_1_076,11225,2.94
CA_1,HOBBIES_1_076,11226,2.94
CA_1,HOBBIES_1_076,11227,2.94
CA_1,HOBBIES_1_076,11228,2.94
CA_1,HOBBIES_1_076,11229,2.94
CA_1,HOBBIES_1_076,11230,2.94
CA_1,HOBBIES_1_076,11231,2.94
CA_1,HOBBIES_1_076,11232,2.94
CA_1,HOBBIES_1_076,11233,2.94
CA_1,HOBBIES_1_076,11234,2.94
CA_1,HOBBIES_1_076,11235,2.94
CA_1,HOBBIES_1_076,11236,2.94
CA_1,HOBBIES_1_076,11237,2.94
CA_1,HOBBIES_1_076,11238,2.94
CA_1,HOBBIES_1_076,11239,2.94
CA_1,HOBBIES_1_076,11240,3.43
CA_1,HOBBIES_1_076,11241,3.43
CA_1,HOBBIES_1_076,11242,3.43
CA_1,HOBBIES_1_076,11243,3.43
CA_1,HOBBIES_1_076,11244,3.43
CA_1,HOBBIES_1_076,11245,3.43
CA_1,HOBBIES_1_076,11246,3.43
CA_1,HOBBIES_1_076,11247,3.43
CA_1,HOBBIES_1_076,11248,3.43
CA_1,HOBBIES_1_076,11249,3.43
CA_1,HOBBIES_1_076,11250,3.43
CA_1,HOBBIES_1_076,11251,3.43
CA_1,HOBBIES_1_076,11252,3.43
CA_1,HOBBIES_1_076,11301,3.43
CA_1,HOBBIES_1_076,11302,3.43
CA_1,HOBBIES_1_076,11303,3.43
CA_1,HOBBIES_1_076,11304,3.43
CA_1,HOBBIES_1_076,11305,3.43
CA_1,HOBBIES_1_076,11306,3.43
CA_1,HOBBIES_1_076,11307,3.43
CA_1,HOBBIES_1_076,11308,3.43
CA_1,HOBBIES_1_076,11309,3.43
CA_1,HOBBIES_1_076,11310,3.43
CA_1,HOBBIES_1_076,11311,3.43
CA_1,HOBBIES_1_076,11312,3.43
CA_1,HOBBIES_1_076,11313,3.43
CA_1,HOBBIES_1_076,11314,3.43
CA_1,HOBBIES_1_076,11315,3.43
CA_1,HOBBIES_1_076,11316,3.43
CA_1,HOBBIES_1_076,11317,3.43
CA_1,HOBBIES_1_076,11318,3.43
CA_1,HOBBIES_1_076,11319,3.43
CA_1,HOBBIES_1_076,11320,3.43
CA_1,HOBBIES_1_076,11321,3.43
CA_1,HOBBIES_1_076,11322,3.43
CA_1,HOBBIES_1_076,11323,3.43
CA_1,HOBBIES_1_076,11324,3.43
CA_1,HOBBIES_1_076,11325,3.43
CA_1,HOBBIES_1_076,11326,3.43
CA_1,HOBBIES_1_076,11327,3.43
CA_1,HOBBIES_1_076,11328,3.43
CA_1,HOBBIES_1_076,11329,3.43
CA_1,HOBBIES_1_076,11330,3.43
CA_1,HOBBIES_1_076,11331,3.43
CA_1,HOBBIES_1_076,11332,3.43
CA_1,HOBBIES_1_076,11333,3.43
CA_1,HOBBIES_1_076,11334,3.43
CA_1,HOBBIES_1_076,11335,3.43
CA_1,HOBBIES_1_076,11336,3.43
CA_1,HOBBIES_1_076,11337,3.43
CA_1,HOBBIES_1_076,11338,3.43
CA_1,HOBBIES_1_076,11339,3.43
CA_1,HOBBIES_1_076,11340,3.43
CA_1,HOBBIES_1_076,11341,3.43
CA_1,HOBBIES_1_076,11342,3.43
CA_1,HOBBIES_1_076,11343,3.43
CA_1,HOBBIES_1_076,11344,3.43
CA_1,HOBBIES_1_076,11345,3.43
CA_1,HOBBIES_1_076,11346,3.43
CA_1,HOBBIES_1_076,11347,3.43
CA_1,HOBBIES_1_076,11348,3.43
CA_1,HOBBIES_1_076,11349,3.43
CA_1,HOBBIES_1_076,11350,3.43
CA_1,HOBBIES_1_076,11351,3.43
CA_1,HOBBIES_1_076,11352,3.43
CA_1,HOBBIES_1_076,11353,3.43
CA_1,HOBBIES_1_076,11401,3.43
CA_1,HOBBIES_1_076,11402,3.43
CA_1,HOBBIES_1_076,11403,3.43
CA_1,HOBBIES_1_076,11404,3.43
CA_1,HOBBIES_1_076,11405,3.43
CA_1,HOBBIES_1_076,11406,3.43
CA_1,HOBBIES_1_076,11407,3.43
CA_1,HOBBIES_1_076,11408,3.43
CA_1,HOBBIES_1_076,11409,3.43
CA_1,HOBBIES_1_076,11410,3.43
CA_1,HOBBIES_1_076,11411,3.43
CA_1,HOBBIES_1_076,11412,3.43
CA_1,HOBBIES_1_076,11413,3.43
CA_1,HOBBIES_1_076,11414,3.43
CA_1,HOBBIES_1_076,11415,3.43
CA_1,HOBBIES_1_076,11416,3.43
CA_1,HOBBIES_1_076,11417,3.43
CA_1,HOBBIES_1_076,11418,3.43
CA_1,HOBBIES_1_076,11419,3.43
CA_1,HOBBIES_1_076,11420,3.43
CA_1,HOBBIES_1_076,11421,3.43
CA_1,HOBBIES_1_076,11422,3.43
CA_1,HOBBIES_1_076,11423,3.43
CA_1,HOBBIES_1_076,11424,3.43
CA_1,HOBBIES_1_076,11425,3.43
CA_1,HOBBIES_1_076,11426,3.43
CA_1,HOBBIES_1_076,11427,3.43
CA_1,HOBBIES_1_076,11428,3.43
CA_1,HOBBIES_1_076,11429,3.43
CA_1,HOBBIES_1_076,11430,3.43
CA_1,HOBBIES_1_076,11431,3.43
CA_1,HOBBIES_1_076,11432,3.43
CA_1,HOBBIES_1_076,11433,3.43
CA_1,HOBBIES_1_076,11434,3.43
CA_1,HOBBIES_1_076,11435,3.43
CA_1,HOBBIES_1_076,11436,3.43
CA_1,HOBBIES_1_076,11437,3.43
CA_1,HOBBIES_1_076,11438,3.43
CA_1,HOBBIES_1_076,11439,3.43
CA_1,HOBBIES_1_076,11440,3.43
CA_1,HOBBIES_1_076,11441,3.43
CA_1,HOBBIES_1_076,11442,3.43
CA_1,HOBBIES_1_076,11443,3.43
CA_1,HOBBIES_1_076,11444,3.43
CA_1,HOBBIES_1_076,11445,3.43
CA_1,HOBBIES_1_076,11446,3.43
CA_1,HOBBIES_1_076,11447,3.43
CA_1,HOBBIES_1_076,11448,3.43
CA_1,HOBBIES_1_076,11449,3.43
CA_1,HOBBIES_1_076,11450,3.43
CA_1,HOBBIES_1_076,11451,3.43
CA_1,HOBBIES_1_076,11452,3.43
CA_1,HOBBIES_1_076,11501,3.43
CA_1,HOBBIES_1_076,11502,3.43
CA_1,HOBBIES_1_076,11503,3.43
CA_1,HOBBIES_1_076,11504,3.43
CA_1,HOBBIES_1_076,11505,3.43
CA_1,HOBBIES_1_076,11506,3.43
CA_1,HOBBIES_1_076,11507,3.43
CA_1,HOBBIES_1_076,11508,3.43
CA_1,HOBBIES_1_076,11509,3.43
CA_1,HOBBIES_1_076,11510,3.43
CA_1,HOBBIES_1_076,11511,3.43
CA_1,HOBBIES_1_076,11512,3.43
CA_1,HOBBIES_1_076,11513,3.43
CA_1,HOBBIES_1_076,11514,3.43
CA_1,HOBBIES_1_076,11515,3.43
CA_1,HOBBIES_1_076,11516,3.43
CA_1,HOBBIES_1_076,11517,3.43
CA_1,HOBBIES_1_076,11518,3.43
CA_1,HOBBIES_1_076,11519,3.43
CA_1,HOBBIES_1_076,11520,3.43
CA_1,HOBBIES_1_076,11521,3.43
CA_1,HOBBIES_1_076,11522,3.43
CA_1,HOBBIES_1_076,11523,3.43
CA_1,HOBBIES_1_076,11524,3.43
CA_1,HOBBIES_1_076,11525,3.43
CA_1,HOBBIES_1_076,11526,3.43
CA_1,HOBBIES_1_076,11527,3.43
CA_1,HOBBIES_1_076,11528,3.43
CA_1,HOBBIES_1_076,11529,3.43
CA_1,HOBBIES_1_076,11530,3.43
CA_1,HOBBIES_1_076,11531,3.43
CA_1,HOBBIES_1_076,11532,3.43
CA_1,HOBBIES_1_076,11533,3.43
CA_1,HOBBIES_1_076,11534,3.43
CA_1,HOBBIES_1_076,11535,3.43
CA_1,HOBBIES_1_076,11536,3.43
CA_1,HOBBIES_1_076,11537,3.43
CA_1,HOBBIES_1_076,11538,3.43
CA_1,HOBBIES_1_076,11539,3.43
CA_1,HOBBIES_1_076,11540,3.43
CA_1,HOBBIES_1_076,11541,3.43
CA_1,HOBBIES_1_076,11542,3.43
CA_1,HOBBIES_1_076,11543,3.43
CA_1,HOBBIES_1_076,11544,3.43
CA_1,HOBBIES_1_076,11545,3.43
CA_1,HOBBIES_1_076,11546,3.43
CA_1,HOBBIES_1_076,11547,3.43
CA_1,HOBBIES_1_076,11548,3.43
CA_1,HOBBIES_1_076,11549,3.43
CA_1,HOBBIES_1_076,11550,3.43
CA_1,HOBBIES_1_076,11551,3.43
CA_1,HOBBIES_1_076,11552,3.43
CA_1,HOBBIES_1_076,11601,3.43
CA_1,HOBBIES_1_076,11602,3.43
CA_1,HOBBIES_1_076,11603,3.43
CA_1,HOBBIES_1_076,11604,3.43
CA_1,HOBBIES_1_076,11605,3.43
CA_1,HOBBIES_1_076,11606,3.43
CA_1,HOBBIES_1_076,11607,3.43
CA_1,HOBBIES_1_076,11608,3.43
CA_1,HOBBIES_1_076,11609,3.43
CA_1,HOBBIES_1_076,11610,3.43
CA_1,HOBBIES_1_076,11611,3.43
CA_1,HOBBIES_1_076,11612,3.43
CA_1,HOBBIES_1_076,11613,3.43
CA_1,HOBBIES_1_076,11614,3.43
CA_1,HOBBIES_1_076,11615,3.43
CA_1,HOBBIES_1_076,11616,3.43
CA_1,HOBBIES_1_076,11617,3.43
CA_1,HOBBIES_1_076,11618,3.43
CA_1,HOBBIES_1_076,11619,3.43
CA_1,HOBBIES_1_076,11620,3.43
CA_1,HOBBIES_1_076,11621,3.43
CA_1,HOBBIES_1_077,11208,9.78
CA_1,HOBBIES_1_077,11209,9.78
CA_1,HOBBIES_1_077,11210,9.78
CA_1,HOBBIES_1_077,11211,9.78
CA_1,HOBBIES_1_077,11212,9.78
CA_1,HOBBIES_1_077,11213,9.78
CA_1,HOBBIES_1_077,11214,9.78
CA_1,HOBBIES_1_077,11215,9.78
CA_1,HOBBIES_1_077,11216,9.78
CA_1,HOBBIES_1_077,11217,9.78
CA_1,HOBBIES_1_077,11218,9.78
CA_1,HOBBIES_1_077,11219,9.78
CA_1,HOBBIES_1_077,11220,9.78
CA_1,HOBBIES_1_077,11221,9.78
CA_1,HOBBIES_1_077,11222,9.78
CA_1,HOBBIES_1_077,11223,9.78
CA_1,HOBBIES_1_077,11224,9.78
CA_1,HOBBIES_1_077,11225,9.78
CA_1,HOBBIES_1_077,11226,9.78
CA_1,HOBBIES_1_077,11227,9.78
CA_1,HOBBIES_1_077,11228,9.78
CA_1,HOBBIES_1_077,11229,9.78
CA_1,HOBBIES_1_077,11230,9.78
CA_1,HOBBIES_1_077,11231,9.78
CA_1,HOBBIES_1_077,11232,9.78
CA_1,HOBBIES_1_077,11233,9.78
CA_1,HOBBIES_1_077,11234,9.78
CA_1,HOBBIES_1_077,11235,9.78
CA_1,HOBBIES_1_077,11236,9.78
CA_1,HOBBIES_1_077,11237,9.78
CA_1,HOBBIES_1_077,11238,9.78
CA_1,HOBBIES_1_077,11239,9.78
CA_1,HOBBIES_1_077,11240,9.78
CA_1,HOBBIES_1_077,11241,9.78
CA_1,HOBBIES_1_077,11242,9.78
CA_1,HOBBIES_1_077,11243,9.78
CA_1,HOBBIES_1_077,11244,9.78
CA_1,HOBBIES_1_077,11245,9.78
CA_1,HOBBIES_1_077,11246,9.78
CA_1,HOBBIES_1_077,11247,9.78
CA_1,HOBBIES_1_077,11248,9.78
CA_1,HOBBIES_1_077,11249,9.78
CA_1,HOBBIES_1_077,11250,9.78
CA_1,HOBBIES_1_077,11251,9.78
CA_1,HOBBIES_1_077,11252,9.78
CA_1,HOBBIES_1_077,11301,9.78
CA_1,HOBBIES_1_077,11302,9.78
CA_1,HOBBIES_1_077,11303,9.78
CA_1,HOBBIES_1_077,11304,9.98
CA_1,HOBBIES_1_077,11305,9.98
CA_1,HOBBIES_1_077,11306,9.98
CA_1,HOBBIES_1_077,11307,9.98
CA_1,HOBBIES_1_077,11308,9.98
CA_1,HOBBIES_1_077,11309,9.98
CA_1,HOBBIES_1_077,11310,9.98
CA_1,HOBBIES_1_077,11311,9.98
CA_1,HOBBIES_1_077,11312,9.98
CA_1,HOBBIES_1_077,11313,9.98
CA_1,HOBBIES_1_077,11314,9.98
CA_1,HOBBIES_1_077,11315,9.98
CA_1,HOBBIES_1_077,11316,9.98
CA_1,HOBBIES_1_077,11317,9.98
CA_1,HOBBIES_1_077,11318,9.98
CA_1,HOBBIES_1_077,11319,9.98
CA_1,HOBBIES_1_077,11320,9.98
CA_1,HOBBIES_1_077,11321,9.98
CA_1,HOBBIES_1_077,11322,9.98
CA_1,HOBBIES_1_077,11323,9.98
CA_1,HOBBIES_1_077,11324,9.98
CA_1,HOBBIES_1_077,11325,9.98
CA_1,HOBBIES_1_077,11326,9.98
CA_1,HOBBIES_1_077,11327,9.98
CA_1,HOBBIES_1_077,11328,9.98
CA_1,HOBBIES_1_077,11329,9.98
CA_1,HOBBIES_1_077,11330,9.98
CA_1,HOBBIES_1_077,11331,9.98
CA_1,HOBBIES_1_077,11332,9.98
CA_1,HOBBIES_1_077,11333,9.98
CA_1,HOBBIES_1_077,11334,9.98
CA_1,HOBBIES_1_077,11335,9.98
CA_1,HOBBIES_1_077,11336,9.98
CA_1,HOBBIES_1_077,11337,9.98
CA_1,HOBBIES_1_077,11338,9.98
CA_1,HOBBIES_1_077,11339,9.98
CA_1,HOBBIES_1_077,11340,9.98
CA_1,HOBBIES_1_077,11341,9.98
CA_1,HOBBIES_1_077,11342,9.98
CA_1,HOBBIES_1_077,11343,9.98
CA_1,HOBBIES_1_077,11344,9.98
CA_1,HOBBIES_1_077,11345,9.98
CA_1,HOBBIES_1_077,11346,9.98
CA_1,HOBBIES_1_077,11347,9.98
CA_1,HOBBIES_1_077,11348,9.98
CA_1,HOBBIES_1_077,11349,9.98
CA_1,HOBBIES_1_077,11350,9.98
CA_1,HOBBIES_1_077,11351,9.98
CA_1,HOBBIES_1_077,11352,9.98
CA_1,HOBBIES_1_077,11353,9.98
CA_1,HOBBIES_1_077,11401,9.98
CA_1,HOBBIES_1_077,11402,9.98
CA_1,HOBBIES_1_077,11403,9.98
CA_1,HOBBIES_1_077,11404,9.98
CA_1,HOBBIES_1_077,11405,9.98
CA_1,HOBBIES_1_077,11406,9.98
CA_1,HOBBIES_1_077,11407,9.98
CA_1,HOBBIES_1_077,11408,9.98
CA_1,HOBBIES_1_077,11409,9.98
CA_1,HOBBIES_1_077,11410,9.98
CA_1,HOBBIES_1_077,11411,9.98
CA_1,HOBBIES_1_077,11412,9.98
CA_1,HOBBIES_1_077,11413,9.98
CA_1,HOBBIES_1_077,11414,9.98
CA_1,HOBBIES_1_077,11415,9.98
CA_1,HOBBIES_1_077,11416,9.98
CA_1,HOBBIES_1_077,11417,9.98
CA_1,HOBBIES_1_077,11418,9.98
CA_1,HOBBIES_1_077,11419,9.98
CA_1,HOBBIES_1_077,11420,9.98
CA_1,HOBBIES_1_077,11421,9.98
CA_1,HOBBIES_1_077,11422,9.98
CA_1,HOBBIES_1_077,11423,9.98
CA_1,HOBBIES_1_077,11424,9.98
CA_1,HOBBIES_1_077,11425,9.98
CA_1,HOBBIES_1_077,11426,9.98
CA_1,HOBBIES_1_077,11427,9.98
CA_1,HOBBIES_1_077,11428,9.98
CA_1,HOBBIES_1_077,11429,9.98
CA_1,HOBBIES_1_077,11430,9.98
CA_1,HOBBIES_1_077,11431,9.98
CA_1,HOBBIES_1_077,11432,9.98
CA_1,HOBBIES_1_077,11433,9.98
CA_1,HOBBIES_1_077,11434,9.98
CA_1,HOBBIES_1_077,11435,9.98
CA_1,HOBBIES_1_077,11436,9.98
CA_1,HOBBIES_1_077,11437,9.98
CA_1,HOBBIES_1_077,11438,9.98
CA_1,HOBBIES_1_077,11439,9.98
CA_1,HOBBIES_1_077,11440,9.98
CA_1,HOBBIES_1_077,11441,9.98
CA_1,HOBBIES_1_077,11442,9.98
CA_1,HOBBIES_1_077,11443,9.98
CA_1,HOBBIES_1_077,11444,9.98
CA_1,HOBBIES_1_077,11445,9.98
CA_1,HOBBIES_1_077,11446,9.98
CA_1,HOBBIES_1_077,11447,9.98
CA_1,HOBBIES_1_077,11448,9.98
CA_1,HOBBIES_1_077,11449,9.98
CA_1,HOBBIES_1_077,11450,9.98
CA_1,HOBBIES_1_077,11451,9.98
CA_1,HOBBIES_1_077,11452,9.98
CA_1,HOBBIES_1_077,11501,9.98
CA_1,HOBBIES_1_077,11502,9.98
CA_1,HOBBIES_1_077,11503,9.98
CA_1,HOBBIES_1_077,11504,9.98
CA_1,HOBBIES_1_077,11505,9.98
CA_1,HOBBIES_1_077,11506,9.98
CA_1,HOBBIES_1_077,11507,9.98
CA_1,HOBBIES_1_077,11508,9.98
CA_1,HOBBIES_1_077,11509,9.98
CA_1,HOBBIES_1_077,11510,9.98
CA_1,HOBBIES_1_077,11511,9.98
CA_1,HOBBIES_1_077,11512,9.98
CA_1,HOBBIES_1_077,11513,9.98
CA_1,HOBBIES_1_077,11514,9.98
CA_1,HOBBIES_1_077,11515,9.86
CA_1,HOBBIES_1_077,11516,9.86
CA_1,HOBBIES_1_077,11517,9.86
CA_1,HOBBIES_1_077,11518,9.86
CA_1,HOBBIES_1_077,11519,9.86
CA_1,HOBBIES_1_077,11520,9.86
CA_1,HOBBIES_1_077,11521,9.86
CA_1,HOBBIES_1_077,11522,9.86
CA_1,HOBBIES_1_077,11523,9.86
CA_1,HOBBIES_1_077,11524,9.86
CA_1,HOBBIES_1_077,11525,9.86
CA_1,HOBBIES_1_077,11526,9.86
CA_1,HOBBIES_1_077,11527,9.86
CA_1,HOBBIES_1_077,11528,9.86
CA_1,HOBBIES_1_077,11529,9.86
CA_1,HOBBIES_1_077,11530,9.86
CA_1,HOBBIES_1_077,11531,9.86
CA_1,HOBBIES_1_077,11532,9.86
CA_1,HOBBIES_1_077,11533,9.86
CA_1,HOBBIES_1_077,11534,9.86
CA_1,HOBBIES_1_077,11535,9.86
CA_1,HOBBIES_1_077,11536,9.86
CA_1,HOBBIES_1_077,11537,9.86
CA_1,HOBBIES_1_077,11538,9.86
CA_1,HOBBIES_1_077,11539,9.86
CA_1,HOBBIES_1_077,11540,9.86
CA_1,HOBBIES_1_077,11541,9.86
CA_1,HOBBIES_1_077,11542,9.86
CA_1,HOBBIES_1_077,11543,9.86
CA_1,HOBBIES_1_077,11544,9.86
CA_1,HOBBIES_1_077,11545,9.86
CA_1,HOBBIES_1_077,11546,9.46
CA_1,HOBBIES_1_077,11547,9.46
CA_1,HOBBIES_1_077,11548,9.46
CA_1,HOBBIES_1_077,11549,9.46
CA_1,HOBBIES_1_077,11550,9.46
CA_1,HOBBIES_1_077,11551,9.46
CA_1,HOBBIES_1_077,11552,9.46
CA_1,HOBBIES_1_077,11601,9.46
CA_1,HOBBIES_1_077,11602,9.46
CA_1,HOBBIES_1_077,11603,9.46
CA_1,HOBBIES_1_077,11604,9.46
CA_1,HOBBIES_1_077,11605,9.46
CA_1,HOBBIES_1_077,11606,9.46
CA_1,HOBBIES_1_077,11607,9.46
CA_1,HOBBIES_1_077,11608,9.46
CA_1,HOBBIES_1_077,11609,9.46
CA_1,HOBBIES_1_077,11610,9.46
CA_1,HOBBIES_1_077,11611,9.46
CA_1,HOBBIES_1_077,11612,9.46
CA_1,HOBBIES_1_077,11613,9.46
CA_1,HOBBIES_1_077,11614,9.46
CA_1,HOBBIES_1_077,11615,9.46
CA_1,HOBBIES_1_077,11616,9.46
CA_1,HOBBIES_1_077,11617,9.46
CA_1,HOBBIES_1_077,11618,9.46
CA_1,HOBBIES_1_077,11619,9.46
CA_1,HOBBIES_1_077,11620,9.46
CA_1,HOBBIES_1_077,11621,9.46
CA_1,HOBBIES_1_078,11101,11.97
CA_1,HOBBIES_1_078,11102,11.97
CA_1,HOBBIES_1_078,11103,11.97
CA_1,HOBBIES_1_078,11104,11.97
CA_1,HOBBIES_1_078,11105,11.97
CA_1,HOBBIES_1_078,11106,11.97
CA_1,HOBBIES_1_078,11107,11.97
CA_1,HOBBIES_1_078,11108,11.97
CA_1,HOBBIES_1_078,11109,11.97
CA_1,HOBBIES_1_078,11110,12.28
CA_1,HOBBIES_1_078,11111,12.28
CA_1,HOBBIES_1_078,11112,12.28
CA_1,HOBBIES_1_078,11113,12.28
CA_1,HOBBIES_1_078,11114,12.28
CA_1,HOBBIES_1_078,11115,12.28
CA_1,HOBBIES_1_078,11116,12.28
CA_1,HOBBIES_1_078,11117,12.28
CA_1,HOBBIES_1_078,11118,12.28
CA_1,HOBBIES_1_078,11119,12.28
CA_1,HOBBIES_1_078,11120,12.28
CA_1,HOBBIES_1_078,11121,12.28
CA_1,HOBBIES_1_078,11122,12.28
CA_1,HOBBIES_1_078,11123,12.28
CA_1,HOBBIES_1_078,11124,12.28
CA_1,HOBBIES_1_078,11125,12.28
CA_1,HOBBIES_1_078,11126,12.28
CA_1,HOBBIES_1_078,11127,11.68
CA_1,HOBBIES_1_078,11128,11.68
CA_1,HOBBIES_1_078,11129,11.68
CA_1,HOBBIES_1_078,11130,11.68
CA_1,HOBBIES_1_078,11131,11.68
CA_1,HOBBIES_1_078,11132,11.68
CA_1,HOBBIES_1_078,11133,11.68
CA_1,HOBBIES_1_078,11134,11.68
CA_1,HOBBIES_1_078,11135,11.68
CA_1,HOBBIES_1_078,11136,11.68
CA_1,HOBBIES_1_078,11137,11.68
CA_1,HOBBIES_1_078,11138,11.68
CA_1,HOBBIES_1_078,11139,11.68
CA_1,HOBBIES_1_078,11140,11.68
CA_1,HOBBIES_1_078,11141,11.68
CA_1,HOBBIES_1_078,11142,11.68
CA_1,HOBBIES_1_078,11143,11.68
CA_1,HOBBIES_1_078,11144,11.68
CA_1,HOBBIES_1_078,11145,11.68
CA_1,HOBBIES_1_078,11146,11.68
CA_1,HOBBIES_1_078,11147,11.68
CA_1,HOBBIES_1_078,11148,11.68
CA_1,HOBBIES_1_078,11149,11.68
CA_1,HOBBIES_1_078,11150,11.68
CA_1,HOBBIES_1_078,11151,11.68
CA_1,HOBBIES_1_078,11152,11.68
CA_1,HOBBIES_1_078,11201,11.68
CA_1,HOBBIES_1_078,11202,11.68
CA_1,HOBBIES_1_078,11203,11.68
CA_1,HOBBIES_1_078,11204,11.68
CA_1,HOBBIES_1_078,11205,11.68
CA_1,HOBBIES_1_078,11206,11.68
CA_1,HOBBIES_1_078,11207,11.68
CA_1,HOBBIES_1_078,11208,11.68
CA_1,HOBBIES_1_078,11209,11.68
CA_1,HOBBIES_1_078,11210,11.68
CA_1,HOBBIES_1_078,11211,11.68
CA_1,HOBBIES_1_078,11212,11.68
CA_1,HOBBIES_1_078,11213,11.68
CA_1,HOBBIES_1_078,11214,11.68
CA_1,HOBBIES_1_078,11215,11.68
CA_1,HOBBIES_1_078,11216,11.68
CA_1,HOBBIES_1_078,11217,11.68
CA_1,HOBBIES_1_078,11218,11.68
CA_1,HOBBIES_1_078,11219,11.68
CA_1,HOBBIES_1_078,11220,11.68
CA_1,HOBBIES_1_078,11221,11.68
CA_1,HOBBIES_1_078,11222,11.68
CA_1,HOBBIES_1_078,11223,11.68
CA_1,HOBBIES_1_078,11224,11.68
CA_1,HOBBIES_1_078,11225,11.68
CA_1,HOBBIES_1_078,11226,11.68
CA_1,HOBBIES_1_078,11227,11.68
CA_1,HOBBIES_1_078,11228,11.68
CA_1,HOBBIES_1_078,11229,11.68
CA_1,HOBBIES_1_078,11230,11.68
CA_1,HOBBIES_1_078,11231,11.68
CA_1,HOBBIES_1_078,11232,11.68
CA_1,HOBBIES_1_078,11233,11.68
CA_1,HOBBIES_1_078,11234,11.68
CA_1,HOBBIES_1_078,11235,11.68
CA_1,HOBBIES_1_078,11236,11.68
CA_1,HOBBIES_1_078,11237,11.68
CA_1,HOBBIES_1_078,11238,11.68
CA_1,HOBBIES_1_078,11239,11.68
CA_1,HOBBIES_1_078,11240,11.68
CA_1,HOBBIES_1_078,11241,11.68
CA_1,HOBBIES_1_078,11242,11.68
CA_1,HOBBIES_1_078,11243,12.78
CA_1,HOBBIES_1_078,11244,12.78
CA_1,HOBBIES_1_078,11245,12.78
CA_1,HOBBIES_1_078,11246,12.78
CA_1,HOBBIES_1_078,11247,12.78
CA_1,HOBBIES_1_078,11248,12.78
CA_1,HOBBIES_1_078,11249,12.78
CA_1,HOBBIES_1_078,11250,12.78
CA_1,HOBBIES_1_078,11251,12.78
CA_1,HOBBIES_1_078,11252,12.78
CA_1,HOBBIES_1_078,11301,12.78
CA_1,HOBBIES_1_078,11302,12.78
CA_1,HOBBIES_1_078,11303,12.78
CA_1,HOBBIES_1_078,11304,12.78
CA_1,HOBBIES_1_078,11305,12.78
CA_1,HOBBIES_1_078,11306,12.78
CA_1,HOBBIES_1_078,11307,12.78
CA_1,HOBBIES_1_078,11308,12.78
CA_1,HOBBIES_1_078,11309,12.78
CA_1,HOBBIES_1_078,11310,12.78
CA_1,HOBBIES_1_078,11311,12.78
CA_1,HOBBIES_1_078,11312,12.78
CA_1,HOBBIES_1_078,11313,12.78
CA_1,HOBBIES_1_078,11314,12.78
CA_1,HOBBIES_1_078,11315,12.78
CA_1,HOBBIES_1_078,11316,12.78
CA_1,HOBBIES_1_078,11317,12.78
CA_1,HOBBIES_1_078,11318,12.78
CA_1,HOBBIES_1_078,11319,12.78
CA_1,HOBBIES_1_078,11320,12.78
CA_1,HOBBIES_1_078,11321,12.78
CA_1,HOBBIES_1_078,11322,12.78
CA_1,HOBBIES_1_078,11323,12.78
CA_1,HOBBIES_1_078,11324,12.78
CA_1,HOBBIES_1_078,11325,12.78
CA_1,HOBBIES_1_078,11326,12.78
CA_1,HOBBIES_1_078,11327,12.78
CA_1,HOBBIES_1_078,11328,12.78
CA_1,HOBBIES_1_078,11329,12.78
CA_1,HOBBIES_1_078,11330,12.78
CA_1,HOBBIES_1_078,11331,12.78
CA_1,HOBBIES_1_078,11332,12.78
CA_1,HOBBIES_1_078,11333,12.78
CA_1,HOBBIES_1_078,11334,12.78
CA_1,HOBBIES_1_078,11335,12.78
CA_1,HOBBIES_1_078,11336,12.78
CA_1,HOBBIES_1_078,11337,12.78
CA_1,HOBBIES_1_078,11338,12.78
CA_1,HOBBIES_1_078,11339,12.78
CA_1,HOBBIES_1_078,11340,12.78
CA_1,HOBBIES_1_078,11341,12.78
CA_1,HOBBIES_1_078,11342,12.78
CA_1,HOBBIES_1_078,11343,12.78
CA_1,HOBBIES_1_078,11344,12.78
CA_1,HOBBIES_1_078,11345,12.78
CA_1,HOBBIES_1_078,11346,12.78
CA_1,HOBBIES_1_078,11347,12.78
CA_1,HOBBIES_1_078,11348,12.78
CA_1,HOBBIES_1_078,11349,12.78
CA_1,HOBBIES_1_078,11350,12.78
CA_1,HOBBIES_1_078,11351,12.78
CA_1,HOBBIES_1_078,11352,12.78
CA_1,HOBBIES_1_078,11353,12.78
CA_1,HOBBIES_1_078,11401,12.78
CA_1,HOBBIES_1_078,11402,12.78
CA_1,HOBBIES_1_078,11403,12.78
CA_1,HOBBIES_1_078,11404,12.78
CA_1,HOBBIES_1_078,11405,12.78
CA_1,HOBBIES_1_078,11406,12.78
CA_1,HOBBIES_1_078,11407,12.78
CA_1,HOBBIES_1_078,11408,12.78
CA_1,HOBBIES_1_078,11409,12.78
CA_1,HOBBIES_1_078,11410,12.78
CA_1,HOBBIES_1_078,11411,12.78
CA_1,HOBBIES_1_078,11412,12.78
CA_1,HOBBIES_1_078,11413,12.78
CA_1,HOBBIES_1_078,11414,12.78
CA_1,HOBBIES_1_078,11415,12.78
CA_1,HOBBIES_1_078,11416,12.78
CA_1,HOBBIES_1_078,11417,12.78
CA_1,HOBBIES_1_078,11418,12.78
CA_1,HOBBIES_1_078,11419,12.78
CA_1,HOBBIES_1_078,11420,12.78
CA_1,HOBBIES_1_078,11421,12.78
CA_1,HOBBIES_1_078,11422,12.78
CA_1,HOBBIES_1_078,11423,12.78
CA_1,HOBBIES_1_078,11424,12.78
CA_1,HOBBIES_1_078,11425,12.78
CA_1,HOBBIES_1_078,11426,12.78
CA_1,HOBBIES_1_078,11427,12.78
CA_1,HOBBIES_1_078,11428,12.78
CA_1,HOBBIES_1_078,11429,12.78
CA_1,HOBBIES_1_078,11430,12.78
CA_1,HOBBIES_1_078,11431,12.78
CA_1,HOBBIES_1_078,11432,12.78
CA_1,HOBBIES_1_078,11433,12.78
CA_1,HOBBIES_1_078,11434,12.78
CA_1,HOBBIES_1_078,11435,12.78
CA_1,HOBBIES_1_078,11436,12.78
CA_1,HOBBIES_1_078,11437,12.78
CA_1,HOBBIES_1_078,11438,12.78
CA_1,HOBBIES_1_078,11439,12.78
CA_1,HOBBIES_1_078,11440,12.78
CA_1,HOBBIES_1_078,11441,12.78
CA_1,HOBBIES_1_078,11442,12.78
CA_1,HOBBIES_1_078,11443,12.78
CA_1,HOBBIES_1_078,11444,12.78
CA_1,HOBBIES_1_078,11445,12.78
CA_1,HOBBIES_1_078,11446,12.78
CA_1,HOBBIES_1_078,11447,12.78
CA_1,HOBBIES_1_078,11448,12.78
CA_1,HOBBIES_1_078,11449,12.78
CA_1,HOBBIES_1_078,11450,12.78
CA_1,HOBBIES_1_078,11451,12.78
CA_1,HOBBIES_1_078,11452,12.78
CA_1,HOBBIES_1_078,11501,12.78
CA_1,HOBBIES_1_078,11502,12.78
CA_1,HOBBIES_1_078,11503,12.78
CA_1,HOBBIES_1_078,11504,12.78
CA_1,HOBBIES_1_078,11505,12.78
CA_1,HOBBIES_1_078,11506,12.78
CA_1,HOBBIES_1_078,11507,12.78
CA_1,HOBBIES_1_078,11508,12.78
CA_1,HOBBIES_1_078,11509,12.78
CA_1,HOBBIES_1_078,11510,12.78
CA_1,HOBBIES_1_078,11511,12.78
CA_1,HOBBIES_1_078,11512,12.78
CA_1,HOBBIES_1_078,11513,12.78
CA_1,HOBBIES_1_078,11514,12.78
CA_1,HOBBIES_1_078,11515,12.78
CA_1,HOBBIES_1_078,11516,12.78
CA_1,HOBBIES_1_078,11517,12.78
CA_1,HOBBIES_1_078,11518,12.78
CA_1,HOBBIES_1_078,11519,12.78
CA_1,HOBBIES_1_078,11520,12.78
CA_1,HOBBIES_1_078,11521,12.78
CA_1,HOBBIES_1_078,11522,12.78
CA_1,HOBBIES_1_078,11523,12.78
CA_1,HOBBIES_1_078,11524,12.78
CA_1,HOBBIES_1_078,11525,12.78
CA_1,HOBBIES_1_078,11526,12.78
CA_1,HOBBIES_1_078,11527,12.78
CA_1,HOBBIES_1_078,11528,12.78
CA_1,HOBBIES_1_078,11529,12.78
CA_1,HOBBIES_1_078,11530,12.78
CA_1,HOBBIES_1_078,11531,12.78
CA_1,HOBBIES_1_078,11532,12.78
CA_1,HOBBIES_1_078,11533,12.78
CA_1,HOBBIES_1_078,11534,12.78
CA_1,HOBBIES_1_078,11535,12.78
CA_1,HOBBIES_1_078,11536,12.78
CA_1,HOBBIES_1_078,11537,12.78
CA_1,HOBBIES_1_078,11538,12.78
CA_1,HOBBIES_1_078,11539,12.78
CA_1,HOBBIES_1_078,11540,12.78
CA_1,HOBBIES_1_078,11541,12.78
CA_1,HOBBIES_1_078,11542,12.78
CA_1,HOBBIES_1_078,11543,12.78
CA_1,HOBBIES_1_078,11544,12.78
CA_1,HOBBIES_1_078,11545,12.78
CA_1,HOBBIES_1_078,11546,12.78
CA_1,HOBBIES_1_078,11547,12.78
CA_1,HOBBIES_1_078,11548,12.78
CA_1,HOBBIES_1_078,11549,12.78
CA_1,HOBBIES_1_078,11550,12.78
CA_1,HOBBIES_1_078,11551,12.78
CA_1,HOBBIES_1_078,11552,12.78
CA_1,HOBBIES_1_078,11601,12.78
CA_1,HOBBIES_1_078,11602,12.78
CA_1,HOBBIES_1_078,11603,12.78
CA_1,HOBBIES_1_078,11604,12.78
CA_1,HOBBIES_1_078,11605,12.78
CA_1,HOBBIES_1_078,11606,12.78
CA_1,HOBBIES_1_078,11607,12.78
CA_1,HOBBIES_1_078,11608,12.78
CA_1,HOBBIES_1_078,11609,12.78
CA_1,HOBBIES_1_078,11610,12.78
CA_1,HOBBIES_1_078,11611,12.78
CA_1,HOBBIES_1_078,11612,12.78
CA_1,HOBBIES_1_078,11613,12.78
CA_1,HOBBIES_1_078,11614,12.78
CA_1,HOBBIES_1_078,11615,12.78
CA_1,HOBBIES_1_078,11616,12.78
CA_1,HOBBIES_1_078,11617,12.78
CA_1,HOBBIES_1_078,11618,12.78
CA_1,HOBBIES_1_078,11619,12.78
CA_1,HOBBIES_1_078,11620,12.78
CA_1,HOBBIES_1_078,11621,12.78
CA_1,HOBBIES_1_079,11101,8.44
CA_1,HOBBIES_1_079,11102,8.44
CA_1,HOBBIES_1_079,11103,8.44
CA_1,HOBBIES_1_079,11104,8.44
CA_1,HOBBIES_1_079,11105,8.44
CA_1,HOBBIES_1_079,11106,8.44
CA_1,HOBBIES_1_079,11107,8.44
CA_1,HOBBIES_1_079,11108,8.44
CA_1,HOBBIES_1_079,11109,8.44
CA_1,HOBBIES_1_079,11110,8.44
CA_1,HOBBIES_1_079,11111,8.44
CA_1,HOBBIES_1_079,11112,8.44
CA_1,HOBBIES_1_079,11113,8.44
CA_1,HOBBIES_1_079,11114,8.44
CA_1,HOBBIES_1_079,11115,8.44
CA_1,HOBBIES_1_079,11116,8.44
CA_1,HOBBIES_1_079,11117,8.44
CA_1,HOBBIES_1_079,11118,8.44
CA_1,HOBBIES_1_079,11119,8.44
CA_1,HOBBIES_1_079,11120,8.44
CA_1,HOBBIES_1_079,11121,8.44
CA_1,HOBBIES_1_079,11122,8.44
CA_1,HOBBIES_1_079,11123,8.44
CA_1,HOBBIES_1_079,11124,8.44
CA_1,HOBBIES_1_079,11125,8.44
CA_1,HOBBIES_1_079,11126,8.44
CA_1,HOBBIES_1_079,11127,8.44
CA_1,HOBBIES_1_079,11128,8.44
CA_1,HOBBIES_1_079,11129,8.44
CA_1,HOBBIES_1_079,11130,8.44
CA_1,HOBBIES_1_079,11131,8.44
CA_1,HOBBIES_1_079,11132,8.44
CA_1,HOBBIES_1_079,11133,8.44
CA_1,HOBBIES_1_079,11134,8.44
CA_1,HOBBIES_1_079,11135,8.44
CA_1,HOBBIES_1_079,11136,8.44
CA_1,HOBBIES_1_079,11137,8.44
CA_1,HOBBIES_1_079,11138,8.44
CA_1,HOBBIES_1_079,11139,8.44
CA_1,HOBBIES_1_079,11140,8.44
CA_1,HOBBIES_1_079,11141,8.44
CA_1,HOBBIES_1_079,11142,8.44
CA_1,HOBBIES_1_079,11143,8.44
CA_1,HOBBIES_1_079,11144,8.44
CA_1,HOBBIES_1_079,11145,8.44
CA_1,HOBBIES_1_079,11146,8.44
CA_1,HOBBIES_1_079,11147,8.44
CA_1,HOBBIES_1_079,11148,8.44
CA_1,HOBBIES_1_079,11149,8.44
CA_1,HOBBIES_1_079,11150,8.44
CA_1,HOBBIES_1_079,11151,8.44
CA_1,HOBBIES_1_079,11152,8.44
CA_1,HOBBIES_1_079,11201,8.44
CA_1,HOBBIES_1_079,11202,8.44
CA_1,HOBBIES_1_079,11203,8.44
CA_1,HOBBIES_1_079,11204,8.44
CA_1,HOBBIES_1_079,11205,8.44
CA_1,HOBBIES_1_079,11206,8.44
CA_1,HOBBIES_1_079,11207,8.44
CA_1,HOBBIES_1_079,11208,8.44
CA_1,HOBBIES_1_079,11209,8.44
CA_1,HOBBIES_1_079,11210,8.44
CA_1,HOBBIES_1_079,11211,8.44
CA_1,HOBBIES_1_079,11212,8.44
CA_1,HOBBIES_1_079,11213,8.44
CA_1,HOBBIES_1_079,11214,8.44
CA_1,HOBBIES_1_079,11215,8.44
CA_1,HOBBIES_1_079,11216,8.44
CA_1,HOBBIES_1_079,11217,8.44
CA_1,HOBBIES_1_079,11218,8.44
CA_1,HOBBIES_1_079,11219,8.44
CA_1,HOBBIES_1_079,11220,8.44
CA_1,HOBBIES_1_079,11221,8.44
CA_1,HOBBIES_1_079,11222,8.44
CA_1,HOBBIES_1_079,11223,8.44
CA_1,HOBBIES_1_079,11224,8.44
CA_1,HOBBIES_1_079,11225,8.44
CA_1,HOBBIES_1_079,11226,8.44
CA_1,HOBBIES_1_079,11227,8.44
CA_1,HOBBIES_1_079,11228,8.44
CA_1,HOBBIES_1_079,11229,8.44
CA_1,HOBBIES_1_079,11230,8.44
CA_1,HOBBIES_1_079,11231,8.44
CA_1,HOBBIES_1_079,11232,8.44
CA_1,HOBBIES_1_079,11233,8.44
CA_1,HOBBIES_1_079,11234,8.44
CA_1,HOBBIES_1_079,11235,8.44
CA_1,HOBBIES_1_079,11236,8.44
CA_1,HOBBIES_1_079,11237,8.44
CA_1,HOBBIES_1_079,11238,8.44
CA_1,HOBBIES_1_079,11239,8.44
CA_1,HOBBIES_1_079,11240,8.44
CA_1,HOBBIES_1_079,11241,8.44
CA_1,HOBBIES_1_079,11242,7.88
CA_1,HOBBIES_1_079,11243,7.88
CA_1,HOBBIES_1_079,11244,7.88
CA_1,HOBBIES_1_079,11245,7.88
CA_1,HOBBIES_1_079,11246,7.88
CA_1,HOBBIES_1_079,11247,7.88
CA_1,HOBBIES_1_079,11248,7.88
CA_1,HOBBIES_1_079,11249,7.88
CA_1,HOBBIES_1_079,11250,7.88
CA_1,HOBBIES_1_079,11251,7.88
CA_1,HOBBIES_1_079,11252,7.88
CA_1,HOBBIES_1_079,11301,7.88
CA_1,HOBBIES_1_079,11302,7.88
CA_1,HOBBIES_1_079,11303,7.88
CA_1,HOBBIES_1_079,11304,7.88
CA_1,HOBBIES_1_079,11305,7.88
CA_1,HOBBIES_1_079,11306,7.88
CA_1,HOBBIES_1_079,11307,7.88
CA_1,HOBBIES_1_079,11308,7.88
CA_1,HOBBIES_1_079,11309,7.88
CA_1,HOBBIES_1_079,11310,7.88
CA_1,HOBBIES_1_079,11311,7.88
CA_1,HOBBIES_1_079,11312,7.88
CA_1,HOBBIES_1_079,11313,7.88
CA_1,HOBBIES_1_079,11314,7.88
CA_1,HOBBIES_1_079,11315,7.88
CA_1,HOBBIES_1_079,11316,7.88
CA_1,HOBBIES_1_079,11317,7.88
CA_1,HOBBIES_1_079,11318,7.88
CA_1,HOBBIES_1_079,11319,7.88
CA_1,HOBBIES_1_079,11320,7.88
CA_1,HOBBIES_1_079,11321,7.88
CA_1,HOBBIES_1_079,11322,7.88
CA_1,HOBBIES_1_079,11323,7.88
CA_1,HOBBIES_1_079,11324,7.88
CA_1,HOBBIES_1_079,11325,7.88
CA_1,HOBBIES_1_079,11326,7.88
CA_1,HOBBIES_1_079,11327,7.88
CA_1,HOBBIES_1_079,11328,7.88
CA_1,HOBBIES_1_079,11329,7.88
CA_1,HOBBIES_1_079,11330,7.88
CA_1,HOBBIES_1_079,11331,7.88
CA_1,HOBBIES_1_079,11332,7.88
CA_1,HOBBIES_1_079,11333,7.88
CA_1,HOBBIES_1_079,11334,7.88
CA_1,HOBBIES_1_079,11335,7.88
CA_1,HOBBIES_1_079,11336,7.88
CA_1,HOBBIES_1_079,11337,7.88
CA_1,HOBBIES_1_079,11338,7.88
CA_1,HOBBIES_1_079,11339,7.88
CA_1,HOBBIES_1_079,11340,7.88
CA_1,HOBBIES_1_079,11341,7.88
CA_1,HOBBIES_1_079,11342,7.88
CA_1,HOBBIES_1_079,11343,7.88
CA_1,HOBBIES_1_079,11344,7.88
CA_1,HOBBIES_1_079,11345,7.88
CA_1,HOBBIES_1_079,11346,7.88
CA_1,HOBBIES_1_079,11347,7.88
CA_1,HOBBIES_1_079,11348,7.88
CA_1,HOBBIES_1_079,11349,7.88
CA_1,HOBBIES_1_079,11350,7.88
CA_1,HOBBIES_1_079,11351,7.88
CA_1,HOBBIES_1_079,11352,7.88
CA_1,HOBBIES_1_079,11353,7.88
CA_1,HOBBIES_1_079,11401,7.88
CA_1,HOBBIES_1_079,11402,7.88
CA_1,HOBBIES_1_079,11403,7.88
CA_1,HOBBIES_1_079,11404,7.88
CA_1,HOBBIES_1_079,11405,7.88
CA_1,HOBBIES_1_079,11406,7.88
CA_1,HOBBIES_1_079,11407,7.88
CA_1,HOBBIES_1_079,11408,7.88
CA_1,HOBBIES_1_079,11409,7.88
CA_1,HOBBIES_1_079,11410,7.88
CA_1,HOBBIES_1_079,11411,7.88
CA_1,HOBBIES_1_079,11412,7.88
CA_1,HOBBIES_1_079,11413,7.88
CA_1,HOBBIES_1_079,11414,7.88
CA_1,HOBBIES_1_079,11415,7.88
CA_1,HOBBIES_1_079,11416,7.88
CA_1,HOBBIES_1_079,11417,7.88
CA_1,HOBBIES_1_079,11418,7.88
CA_1,HOBBIES_1_079,11419,7.88
CA_1,HOBBIES_1_079,11420,7.88
CA_1,HOBBIES_1_079,11421,7.88
CA_1,HOBBIES_1_079,11422,7.88
CA_1,HOBBIES_1_079,11423,7.88
CA_1,HOBBIES_1_079,11424,7.88
CA_1,HOBBIES_1_079,11425,7.88
CA_1,HOBBIES_1_079,11426,7.88
CA_1,HOBBIES_1_079,11427,7.88
CA_1,HOBBIES_1_079,11428,7.88
CA_1,HOBBIES_1_079,11429,7.88
CA_1,HOBBIES_1_079,11430,7.88
CA_1,HOBBIES_1_079,11431,7.88
CA_1,HOBBIES_1_079,11432,7.88
CA_1,HOBBIES_1_079,11433,7.88
CA_1,HOBBIES_1_079,11434,7.88
CA_1,HOBBIES_1_079,11435,7.88
CA_1,HOBBIES_1_079,11436,7.88
CA_1,HOBBIES_1_079,11437,7.88
CA_1,HOBBIES_1_079,11438,7.88
CA_1,HOBBIES_1_079,11439,7.88
CA_1,HOBBIES_1_079,11440,7.88
CA_1,HOBBIES_1_079,11441,7.88
CA_1,HOBBIES_1_079,11442,7.88
CA_1,HOBBIES_1_079,11443,7.88
CA_1,HOBBIES_1_079,11444,7.88
CA_1,HOBBIES_1_079,11445,7.88
CA_1,HOBBIES_1_079,11446,7.88
CA_1,HOBBIES_1_079,11447,7.88
CA_1,HOBBIES_1_079,11448,7.88
CA_1,HOBBIES_1_079,11449,7.88
CA_1,HOBBIES_1_079,11450,7.88
CA_1,HOBBIES_1_079,11451,7.88
CA_1,HOBBIES_1_079,11452,7.88
CA_1,HOBBIES_1_079,11501,7.88
CA_1,HOBBIES_1_079,11502,7.88
CA_1,HOBBIES_1_079,11503,7.88
CA_1,HOBBIES_1_079,11504,7.88
CA_1,HOBBIES_1_079,11505,7.88
CA_1,HOBBIES_1_079,11506,7.88
CA_1,HOBBIES_1_079,11507,7.88
CA_1,HOBBIES_1_079,11508,7.88
CA_1,HOBBIES_1_079,11509,7.88
CA_1,HOBBIES_1_079,11510,7.88
CA_1,HOBBIES_1_079,11511,7.88
CA_1,HOBBIES_1_079,11512,7.88
CA_1,HOBBIES_1_079,11513,7.88
CA_1,HOBBIES_1_079,11514,7.88
CA_1,HOBBIES_1_079,11515,7.88
CA_1,HOBBIES_1_079,11516,7.88
CA_1,HOBBIES_1_079,11517,7.88
CA_1,HOBBIES_1_079,11518,7.88
CA_1,HOBBIES_1_079,11519,7.88
CA_1,HOBBIES_1_079,11520,7.88
CA_1,HOBBIES_1_079,11521,7.88
CA_1,HOBBIES_1_079,11522,7.88
CA_1,HOBBIES_1_079,11523,7.88
CA_1,HOBBIES_1_079,11524,7.88
CA_1,HOBBIES_1_079,11525,7.88
CA_1,HOBBIES_1_079,11526,7.88
CA_1,HOBBIES_1_079,11527,7.88
CA_1,HOBBIES_1_079,11528,7.88
CA_1,HOBBIES_1_079,11529,7.88
CA_1,HOBBIES_1_079,11530,7.88
CA_1,HOBBIES_1_079,11531,7.88
CA_1,HOBBIES_1_079,11532,7.88
CA_1,HOBBIES_1_079,11533,7.88
CA_1,HOBBIES_1_079,11534,7.88
CA_1,HOBBIES_1_079,11535,7.88
CA_1,HOBBIES_1_079,11536,7.88
CA_1,HOBBIES_1_079,11537,7.88
CA_1,HOBBIES_1_079,11538,7.88
CA_1,HOBBIES_1_079,11539,7.88
CA_1,HOBBIES_1_079,11540,7.88
CA_1,HOBBIES_1_079,11541,7.88
CA_1,HOBBIES_1_079,11542,7.88
CA_1,HOBBIES_1_079,11543,7.88
CA_1,HOBBIES_1_079,11544,7.88
CA_1,HOBBIES_1_079,11545,7.88
CA_1,HOBBIES_1_079,11546,7.88
CA_1,HOBBIES_1_079,11547,7.88
CA_1,HOBBIES_1_079,11548,7.88
CA_1,HOBBIES_1_079,11549,7.88
CA_1,HOBBIES_1_079,11550,7.88
CA_1,HOBBIES_1_079,11551,7.88
CA_1,HOBBIES_1_079,11552,7.88
CA_1,HOBBIES_1_079,11601,7.88
CA_1,HOBBIES_1_079,11602,7.88
CA_1,HOBBIES_1_079,11603,7.88
CA_1,HOBBIES_1_079,11604,7.88
CA_1,HOBBIES_1_079,11605,7.88
CA_1,HOBBIES_1_079,11606,7.88
CA_1,HOBBIES_1_079,11607,7.88
CA_1,HOBBIES_1_079,11608,7.88
CA_1,HOBBIES_1_079,11609,7.88
CA_1,HOBBIES_1_079,11610,7.88
CA_1,HOBBIES_1_079,11611,7.88
CA_1,HOBBIES_1_079,11612,7.88
CA_1,HOBBIES_1_079,11613,7.88
CA_1,HOBBIES_1_079,11614,7.88
CA_1,HOBBIES_1_079,11615,7.88
CA_1,HOBBIES_1_079,11616,7.88
CA_1,HOBBIES_1_079,11617,7.88
CA_1,HOBBIES_1_079,11618,7.88
CA_1,HOBBIES_1_079,11619,7.88
CA_1,HOBBIES_1_079,11620,7.88
CA_1,HOBBIES_1_079,11621,7.88
CA_1,HOBBIES_1_080,11101,0.47
CA_1,HOBBIES_1_080,11102,0.47
CA_1,HOBBIES_1_080,11103,0.47
CA_1,HOBBIES_1_080,11104,0.47
CA_1,HOBBIES_1_080,11105,0.47
CA_1,HOBBIES_1_080,11106,0.47
CA_1,HOBBIES_1_080,11107,0.47
CA_1,HOBBIES_1_080,11108,0.47
CA_1,HOBBIES_1_080,11109,0.47
CA_1,HOBBIES_1_080,11110,0.47
CA_1,HOBBIES_1_080,11111,0.47
CA_1,HOBBIES_1_080,11112,0.54
CA_1,HOBBIES_1_080,11113,0.54
CA_1,HOBBIES_1_080,11114,0.54
CA_1,HOBBIES_1_080,11115,0.54
CA_1,HOBBIES_1_080,11116,0.54
CA_1,HOBBIES_1_080,11117,0.54
CA_1,HOBBIES_1_080,11118,0.54
CA_1,HOBBIES_1_080,11119,0.54
CA_1,HOBBIES_1_080,11120,0.54
CA_1,HOBBIES_1_080,11121,0.54
CA_1,HOBBIES_1_080,11122,0.54
CA_1,HOBBIES_1_080,11123,0.54
CA_1,HOBBIES_1_080,11124,0.54
CA_1,HOBBIES_1_080,11125,0.54
CA_1,HOBBIES_1_080,11126,0.54
CA_1,HOBBIES_1_080,11127,0.54
CA_1,HOBBIES_1_080,11128,0.54
CA_1,HOBBIES_1_080,11129,0.54
CA_1,HOBBIES_1_080,11130,0.54
CA_1,HOBBIES_1_080,11131,0.54
CA_1,HOBBIES_1_080,11132,0.54
CA_1,HOBBIES_1_080,11133,0.54
CA_1,HOBBIES_1_080,11134,0.54
CA_1,HOBBIES_1_080,11135,0.54
CA_1,HOBBIES_1_080,11136,0.54
CA_1,HOBBIES_1_080,11137,0.54
CA_1,HOBBIES_1_080,11138,0.54
CA_1,HOBBIES_1_080,11139,0.54
CA_1,HOBBIES_1_080,11140,0.54
CA_1,HOBBIES_1_080,11141,0.54
CA_1,HOBBIES_1_080,11142,0.54
CA_1,HOBBIES_1_080,11143,0.54
CA_1,HOBBIES_1_080,11144,0.54
CA_1,HOBBIES_1_080,11145,0.54
CA_1,HOBBIES_1_080,11146,0.54
CA_1,HOBBIES_1_080,11147,0.54
CA_1,HOBBIES_1_080,11148,0.54
CA_1,HOBBIES_1_080,11149,0.54
CA_1,HOBBIES_1_080,11150,0.54
CA_1,HOBBIES_1_080,11151,0.54
CA_1,HOBBIES_1_080,11152,0.54
CA_1,HOBBIES_1_080,11201,0.54
CA_1,HOBBIES_1_080,11202,0.54
CA_1,HOBBIES_1_080,11203,0.54
CA_1,HOBBIES_1_080,11204,0.54
CA_1,HOBBIES_1_080,11205,0.54
CA_1,HOBBIES_1_080,11206,0.54
CA_1,HOBBIES_1_080,11207,0.54
CA_1,HOBBIES_1_080,11208,0.54
CA_1,HOBBIES_1_080,11209,0.58
CA_1,HOBBIES_1_080,11210,0.58
CA_1,HOBBIES_1_080,11211,0.58
CA_1,HOBBIES_1_080,11212,0.58
CA_1,HOBBIES_1_080,11213,0.58
CA_1,HOBBIES_1_080,11214,0.58
CA_1,HOBBIES_1_080,11215,0.58
CA_1,HOBBIES_1_080,11216,0.58
CA_1,HOBBIES_1_080,11217,0.58
CA_1,HOBBIES_1_080,11218,0.58
CA_1,HOBBIES_1_080,11219,0.58
CA_1,HOBBIES_1_080,11220,0.58
CA_1,HOBBIES_1_080,11221,0.58
CA_1,HOBBIES_1_080,11222,0.58
CA_1,HOBBIES_1_080,11223,0.58
CA_1,HOBBIES_1_080,11224,0.58
CA_1,HOBBIES_1_080,11225,0.58
CA_1,HOBBIES_1_080,11226,0.58
CA_1,HOBBIES_1_080,11227,0.58
CA_1,HOBBIES_1_080,11228,0.58
CA_1,HOBBIES_1_080,11229,0.58
CA_1,HOBBIES_1_080,11230,0.58
CA_1,HOBBIES_1_080,11231,0.58
CA_1,HOBBIES_1_080,11232,0.58
CA_1,HOBBIES_1_080,11233,0.58
CA_1,HOBBIES_1_080,11234,0.58
CA_1,HOBBIES_1_080,11235,0.58
CA_1,HOBBIES_1_080,11236,0.58
CA_1,HOBBIES_1_080,11237,0.58
CA_1,HOBBIES_1_080,11238,0.58
CA_1,HOBBIES_1_080,11239,0.58
CA_1,HOBBIES_1_080,11240,0.58
CA_1,HOBBIES_1_080,11241,0.58
CA_1,HOBBIES_1_080,11242,0.58
CA_1,HOBBIES_1_080,11243,0.58
CA_1,HOBBIES_1_080,11244,0.58
CA_1,HOBBIES_1_080,11245,0.58
CA_1,HOBBIES_1_080,11246,0.58
CA_1,HOBBIES_1_080,11247,0.58
CA_1,HOBBIES_1_080,11248,0.58
CA_1,HOBBIES_1_080,11249,0.58
CA_1,HOBBIES_1_080,11250,0.58
CA_1,HOBBIES_1_080,11251,0.58
CA_1,HOBBIES_1_080,11252,0.58
CA_1,HOBBIES_1_080,11301,0.58
CA_1,HOBBIES_1_080,11302,0.58
CA_1,HOBBIES_1_080,11303,0.58
CA_1,HOBBIES_1_080,11304,0.58
CA_1,HOBBIES_1_080,11305,0.58
CA_1,HOBBIES_1_080,11306,0.58
CA_1,HOBBIES_1_080,11307,0.58
CA_1,HOBBIES_1_080,11308,0.58
CA_1,HOBBIES_1_080,11309,0.58
CA_1,HOBBIES_1_080,11310,0.58
CA_1,HOBBIES_1_080,11311,0.58
CA_1,HOBBIES_1_080,11312,0.58
CA_1,HOBBIES_1_080,11313,0.58
CA_1,HOBBIES_1_080,11314,0.58
CA_1,HOBBIES_1_080,11315,0.58
CA_1,HOBBIES_1_080,11316,0.58
CA_1,HOBBIES_1_080,11317,0.58
CA_1,HOBBIES_1_080,11318,0.58
CA_1,HOBBIES_1_080,11319,0.58
CA_1,HOBBIES_1_080,11320,0.58
CA_1,HOBBIES_1_080,11321,0.58
CA_1,HOBBIES_1_080,11322,0.58
CA_1,HOBBIES_1_080,11323,0.58
CA_1,HOBBIES_1_080,11324,0.58
CA_1,HOBBIES_1_080,11325,0.58
CA_1,HOBBIES_1_080,11326,0.58
CA_1,HOBBIES_1_080,11327,0.58
CA_1,HOBBIES_1_080,11328,0.58
CA_1,HOBBIES_1_080,11329,0.58
CA_1,HOBBIES_1_080,11330,0.58
CA_1,HOBBIES_1_080,11331,0.58
CA_1,HOBBIES_1_080,11332,0.58
CA_1,HOBBIES_1_080,11333,0.58
CA_1,HOBBIES_1_080,11334,0.58
CA_1,HOBBIES_1_080,11335,0.58
CA_1,HOBBIES_1_080,11336,0.58
CA_1,HOBBIES_1_080,11337,0.58
CA_1,HOBBIES_1_080,11338,0.58
CA_1,HOBBIES_1_080,11339,0.58
CA_1,HOBBIES_1_080,11340,0.58
CA_1,HOBBIES_1_080,11341,0.58
CA_1,HOBBIES_1_080,11342,0.58
CA_1,HOBBIES_1_080,11343,0.58
CA_1,HOBBIES_1_080,11344,0.58
CA_1,HOBBIES_1_080,11345,0.58
CA_1,HOBBIES_1_080,11346,0.58
CA_1,HOBBIES_1_080,11347,0.58
CA_1,HOBBIES_1_080,11348,0.58
CA_1,HOBBIES_1_080,11349,0.58
CA_1,HOBBIES_1_080,11350,0.58
CA_1,HOBBIES_1_080,11351,0.58
CA_1,HOBBIES_1_080,11352,0.58
CA_1,HOBBIES_1_080,11353,0.58
CA_1,HOBBIES_1_080,11401,0.58
CA_1,HOBBIES_1_080,11402,0.58
CA_1,HOBBIES_1_080,11403,0.58
CA_1,HOBBIES_1_080,11404,0.58
CA_1,HOBBIES_1_080,11405,0.58
CA_1,HOBBIES_1_080,11406,0.58
CA_1,HOBBIES_1_080,11407,0.58
CA_1,HOBBIES_1_080,11408,0.58
CA_1,HOBBIES_1_080,11409,0.58
CA_1,HOBBIES_1_080,11410,0.58
CA_1,HOBBIES_1_080,11411,0.58
CA_1,HOBBIES_1_080,11412,0.58
CA_1,HOBBIES_1_080,11413,0.58
CA_1,HOBBIES_1_080,11414,0.58
CA_1,HOBBIES_1_080,11415,0.58
CA_1,HOBBIES_1_080,11416,0.58
CA_1,HOBBIES_1_080,11417,0.58
CA_1,HOBBIES_1_080,11418,0.58
CA_1,HOBBIES_1_080,11419,0.58
CA_1,HOBBIES_1_080,11420,0.58
CA_1,HOBBIES_1_080,11421,0.58
CA_1,HOBBIES_1_080,11422,0.58
CA_1,HOBBIES_1_080,11423,0.58
CA_1,HOBBIES_1_080,11424,0.58
CA_1,HOBBIES_1_080,11425,0.58
CA_1,HOBBIES_1_080,11426,0.58
CA_1,HOBBIES_1_080,11427,0.58
CA_1,HOBBIES_1_080,11428,0.58
CA_1,HOBBIES_1_080,11429,0.58
CA_1,HOBBIES_1_080,11430,0.58
CA_1,HOBBIES_1_080,11431,0.58
CA_1,HOBBIES_1_080,11432,0.58
CA_1,HOBBIES_1_080,11433,0.58
CA_1,HOBBIES_1_080,11434,0.58
CA_1,HOBBIES_1_080,11435,0.58
CA_1,HOBBIES_1_080,11436,0.58
CA_1,HOBBIES_1_080,11437,0.58
CA_1,HOBBIES_1_080,11438,0.58
CA_1,HOBBIES_1_080,11439,0.58
CA_1,HOBBIES_1_080,11440,0.58
CA_1,HOBBIES_1_080,11441,0.58
CA_1,HOBBIES_1_080,11442,0.58
CA_1,HOBBIES_1_080,11443,0.58
CA_1,HOBBIES_1_080,11444,0.58
CA_1,HOBBIES_1_080,11445,0.58
CA_1,HOBBIES_1_080,11446,0.58
CA_1,HOBBIES_1_080,11447,0.58
CA_1,HOBBIES_1_080,11448,0.58
CA_1,HOBBIES_1_080,11449,0.58
CA_1,HOBBIES_1_080,11450,0.58
CA_1,HOBBIES_1_080,11451,0.54
CA_1,HOBBIES_1_080,11452,0.54
CA_1,HOBBIES_1_080,11501,0.54
CA_1,HOBBIES_1_080,11502,0.54
CA_1,HOBBIES_1_080,11503,0.54
CA_1,HOBBIES_1_080,11504,0.54
CA_1,HOBBIES_1_080,11505,0.54
CA_1,HOBBIES_1_080,11506,0.54
CA_1,HOBBIES_1_080,11507,0.54
CA_1,HOBBIES_1_080,11508,0.54
CA_1,HOBBIES_1_080,11509,0.54
CA_1,HOBBIES_1_080,11510,0.54
CA_1,HOBBIES_1_080,11511,0.54
CA_1,HOBBIES_1_080,11512,0.57
CA_1,HOBBIES_1_080,11513,0.57
CA_1,HOBBIES_1_080,11514,0.57
CA_1,HOBBIES_1_080,11515,0.57
CA_1,HOBBIES_1_080,11516,0.57
CA_1,HOBBIES_1_080,11517,0.57
CA_1,HOBBIES_1_080,11518,0.57
CA_1,HOBBIES_1_080,11519,0.57
CA_1,HOBBIES_1_080,11520,0.57
CA_1,HOBBIES_1_080,11521,0.57
CA_1,HOBBIES_1_080,11522,0.57
CA_1,HOBBIES_1_080,11523,0.57
CA_1,HOBBIES_1_080,11524,0.57
CA_1,HOBBIES_1_080,11525,0.57
CA_1,HOBBIES_1_080,11526,0.57
CA_1,HOBBIES_1_080,11527,0.57
CA_1,HOBBIES_1_080,11528,0.57
CA_1,HOBBIES_1_080,11529,0.57
CA_1,HOBBIES_1_080,11530,0.57
CA_1,HOBBIES_1_080,11531,0.57
CA_1,HOBBIES_1_080,11532,0.57
CA_1,HOBBIES_1_080,11533,0.57
CA_1,HOBBIES_1_080,11534,0.57
CA_1,HOBBIES_1_080,11535,0.57
CA_1,HOBBIES_1_080,11536,0.57
CA_1,HOBBIES_1_080,11537,0.57
CA_1,HOBBIES_1_080,11538,0.57
CA_1,HOBBIES_1_080,11539,0.57
CA_1,HOBBIES_1_080,11540,0.57
CA_1,HOBBIES_1_080,11541,0.57
CA_1,HOBBIES_1_080,11542,0.57
CA_1,HOBBIES_1_080,11543,0.57
CA_1,HOBBIES_1_080,11544,0.57
CA_1,HOBBIES_1_080,11545,0.57
CA_1,HOBBIES_1_080,11546,0.57
CA_1,HOBBIES_1_080,11547,0.57
CA_1,HOBBIES_1_080,11548,0.57
CA_1,HOBBIES_1_080,11549,0.57
CA_1,HOBBIES_1_080,11550,0.57
CA_1,HOBBIES_1_080,11551,0.57
CA_1,HOBBIES_1_080,11552,0.57
CA_1,HOBBIES_1_080,11601,0.57
CA_1,HOBBIES_1_080,11602,0.57
CA_1,HOBBIES_1_080,11603,0.57
CA_1,HOBBIES_1_080,11604,0.57
CA_1,HOBBIES_1_080,11605,0.57
CA_1,HOBBIES_1_080,11606,0.57
CA_1,HOBBIES_1_080,11607,0.57
CA_1,HOBBIES_1_080,11608,0.57
CA_1,HOBBIES_1_080,11609,0.57
CA_1,HOBBIES_1_080,11610,0.57
CA_1,HOBBIES_1_080,11611,0.57
CA_1,HOBBIES_1_080,11612,0.57
CA_1,HOBBIES_1_080,11613,0.57
CA_1,HOBBIES_1_080,11614,0.57
CA_1,HOBBIES_1_080,11615,0.57
CA_1,HOBBIES_1_080,11616,0.57
CA_1,HOBBIES_1_080,11617,0.57
CA_1,HOBBIES_1_080,11618,0.57
CA_1,HOBBIES_1_080,11619,0.57
CA_1,HOBBIES_1_080,11620,0.57
CA_1,HOBBIES_1_080,11621,0.57
CA_1,HOBBIES_1_081,11323,14.72
CA_1,HOBBIES_1_081,11324,14.72
CA_1,HOBBIES_1_081,11325,14.72
CA_1,HOBBIES_1_081,11326,14.72
CA_1,HOBBIES_1_081,11327,14.72
CA_1,HOBBIES_1_081,11328,14.72
CA_1,HOBBIES_1_081,11329,14.72
CA_1,HOBBIES_1_081,11330,14.72
CA_1,HOBBIES_1_081,11331,14.72
CA_1,HOBBIES_1_081,11332,14.72
CA_1,HOBBIES_1_081,11333,14.72
CA_1,HOBBIES_1_081,11334,14.72
CA_1,HOBBIES_1_081,11335,14.72
CA_1,HOBBIES_1_081,11336,14.72
CA_1,HOBBIES_1_081,11337,14.72
CA_1,HOBBIES_1_081,11338,14.72
CA_1,HOBBIES_1_081,11339,14.72
CA_1,HOBBIES_1_081,11340,14.72
CA_1,HOBBIES_1_081,11341,14.72
CA_1,HOBBIES_1_081,11342,14.72
CA_1,HOBBIES_1_081,11343,14.72
CA_1,HOBBIES_1_081,11344,14.72
CA_1,HOBBIES_1_081,11345,14.72
CA_1,HOBBIES_1_081,11346,14.72
CA_1,HOBBIES_1_081,11347,14.72
CA_1,HOBBIES_1_081,11348,14.72
CA_1,HOBBIES_1_081,11349,14.72
CA_1,HOBBIES_1_081,11350,14.72
CA_1,HOBBIES_1_081,11351,14.72
CA_1,HOBBIES_1_081,11352,14.72
CA_1,HOBBIES_1_081,11353,14.72
CA_1,HOBBIES_1_081,11401,14.72
CA_1,HOBBIES_1_081,11402,14.72
CA_1,HOBBIES_1_081,11403,14.72
CA_1,HOBBIES_1_081,11404,14.72
CA_1,HOBBIES_1_081,11405,14.72
CA_1,HOBBIES_1_081,11406,14.72
CA_1,HOBBIES_1_081,11407,14.72
CA_1,HOBBIES_1_081,11408,14.72
CA_1,HOBBIES_1_081,11409,14.72
CA_1,HOBBIES_1_081,11410,14.72
CA_1,HOBBIES_1_081,11411,14.72
CA_1,HOBBIES_1_081,11412,14.72
CA_1,HOBBIES_1_081,11413,14.72
CA_1,HOBBIES_1_081,11414,14.72
CA_1,HOBBIES_1_081,11415,14.72
CA_1,HOBBIES_1_081,11416,14.72
CA_1,HOBBIES_1_081,11417,14.72
CA_1,HOBBIES_1_081,11418,14.72
CA_1,HOBBIES_1_081,11419,14.72
CA_1,HOBBIES_1_081,11420,14.72
CA_1,HOBBIES_1_081,11421,14.72
CA_1,HOBBIES_1_081,11422,14.72
CA_1,HOBBIES_1_081,11423,14.72
CA_1,HOBBIES_1_081,11424,14.72
CA_1,HOBBIES_1_081,11425,14.72
CA_1,HOBBIES_1_081,11426,14.72
CA_1,HOBBIES_1_081,11427,14.72
CA_1,HOBBIES_1_081,11428,14.72
CA_1,HOBBIES_1_081,11429,14.72
CA_1,HOBBIES_1_081,11430,14.72
CA_1,HOBBIES_1_081,11431,14.72
CA_1,HOBBIES_1_081,11432,14.72
CA_1,HOBBIES_1_081,11433,14.72
CA_1,HOBBIES_1_081,11434,14.72
CA_1,HOBBIES_1_081,11435,14.72
CA_1,HOBBIES_1_081,11436,14.72
CA_1,HOBBIES_1_081,11437,14.72
CA_1,HOBBIES_1_081,11438,14.72
CA_1,HOBBIES_1_081,11439,14.72
CA_1,HOBBIES_1_081,11440,14.72
CA_1,HOBBIES_1_081,11441,14.72
CA_1,HOBBIES_1_081,11442,14.72
CA_1,HOBBIES_1_081,11443,14.72
CA_1,HOBBIES_1_081,11444,14.72
CA_1,HOBBIES_1_081,11445,14.72
CA_1,HOBBIES_1_081,11446,14.72
CA_1,HOBBIES_1_081,11447,14.72
CA_1,HOBBIES_1_081,11448,14.72
CA_1,HOBBIES_1_081,11449,14.72
CA_1,HOBBIES_1_081,11450,14.72
CA_1,HOBBIES_1_081,11451,14.72
CA_1,HOBBIES_1_081,11452,14.72
CA_1,HOBBIES_1_081,11501,14.72
CA_1,HOBBIES_1_081,11502,14.72
CA_1,HOBBIES_1_081,11503,14.72
CA_1,HOBBIES_1_081,11504,14.72
CA_1,HOBBIES_1_081,11505,14.72
CA_1,HOBBIES_1_081,11506,14.72
CA_1,HOBBIES_1_081,11507,14.72
CA_1,HOBBIES_1_081,11508,14.72
CA_1,HOBBIES_1_081,11509,14.72
CA_1,HOBBIES_1_081,11510,14.72
CA_1,HOBBIES_1_081,11511,14.72
CA_1,HOBBIES_1_081,11512,14.72
CA_1,HOBBIES_1_081,11513,14.72
CA_1,HOBBIES_1_081,11514,14.72
CA_1,HOBBIES_1_081,11515,14.72
CA_1,HOBBIES_1_081,11516,14.72
CA_1,HOBBIES_1_081,11517,14.72
CA_1,HOBBIES_1_081,11518,14.72
CA_1,HOBBIES_1_081,11519,14.72
CA_1,HOBBIES_1_081,11520,14.72
CA_1,HOBBIES_1_081,11521,14.72
CA_1,HOBBIES_1_081,11522,14.72
CA_1,HOBBIES_1_081,11523,14.72
CA_1,HOBBIES_1_081,11524,14.72
CA_1,HOBBIES_1_081,11525,14.72
CA_1,HOBBIES_1_081,11526,14.72
CA_1,HOBBIES_1_081,11527,14.72
CA_1,HOBBIES_1_081,11528,14.72
CA_1,HOBBIES_1_081,11529,14.72
CA_1,HOBBIES_1_081,11530,14.72
CA_1,HOBBIES_1_081,11531,14.72
CA_1,HOBBIES_1_081,11532,14.72
CA_1,HOBBIES_1_081,11533,14.72
CA_1,HOBBIES_1_081,11534,14.72
CA_1,HOBBIES_1_081,11535,14.72
CA_1,HOBBIES_1_081,11536,14.72
CA_1,HOBBIES_1_081,11537,14.72
CA_1,HOBBIES_1_081,11538,14.72
CA_1,HOBBIES_1_081,11539,14.72
CA_1,HOBBIES_1_081,11540,14.72
CA_1,HOBBIES_1_081,11541,14.72
CA_1,HOBBIES_1_081,11542,14.72
CA_1,HOBBIES_1_081,11543,14.72
CA_1,HOBBIES_1_081,11544,14.72
CA_1,HOBBIES_1_081,11545,14.72
CA_1,HOBBIES_1_081,11546,14.72
CA_1,HOBBIES_1_081,11547,14.72
CA_1,HOBBIES_1_081,11548,14.72
CA_1,HOBBIES_1_081,11549,14.72
CA_1,HOBBIES_1_081,11550,14.72
CA_1,HOBBIES_1_081,11551,14.72
CA_1,HOBBIES_1_081,11552,14.72
CA_1,HOBBIES_1_081,11601,14.72
CA_1,HOBBIES_1_081,11602,14.72
CA_1,HOBBIES_1_081,11603,14.72
CA_1,HOBBIES_1_081,11604,14.72
CA_1,HOBBIES_1_081,11605,14.72
CA_1,HOBBIES_1_081,11606,14.72
CA_1,HOBBIES_1_081,11607,14.72
CA_1,HOBBIES_1_081,11608,14.72
CA_1,HOBBIES_1_081,11609,14.72
CA_1,HOBBIES_1_081,11610,14.72
CA_1,HOBBIES_1_081,11611,14.72
CA_1,HOBBIES_1_081,11612,14.72
CA_1,HOBBIES_1_081,11613,14.72
CA_1,HOBBIES_1_081,11614,14.72
CA_1,HOBBIES_1_081,11615,14.72
CA_1,HOBBIES_1_081,11616,14.72
CA_1,HOBBIES_1_081,11617,14.72
CA_1,HOBBIES_1_081,11618,14.72
CA_1,HOBBIES_1_081,11619,14.72
CA_1,HOBBIES_1_081,11620,14.72
CA_1,HOBBIES_1_081,11621,14.72
CA_1,HOBBIES_1_082,11101,3.78
CA_1,HOBBIES_1_082,11102,3.78
CA_1,HOBBIES_1_082,11103,3.78
CA_1,HOBBIES_1_082,11104,3.78
CA_1,HOBBIES_1_082,11105,3.78
CA_1,HOBBIES_1_082,11106,3.78
CA_1,HOBBIES_1_082,11107,3.78
CA_1,HOBBIES_1_082,11108,3.78
CA_1,HOBBIES_1_082,11109,3.78
CA_1,HOBBIES_1_082,11110,3.78
CA_1,HOBBIES_1_082,11111,3.78
CA_1,HOBBIES_1_082,11112,3.78
CA_1,HOBBIES_1_082,11113,3.78
CA_1,HOBBIES_1_082,11114,3.78
CA_1,HOBBIES_1_082,11115,3.78
CA_1,HOBBIES_1_082,11116,3.78
CA_1,HOBBIES_1_082,11117,3.78
CA_1,HOBBIES_1_082,11118,3.78
CA_1,HOBBIES_1_082,11119,3.78
CA_1,HOBBIES_1_082,11120,3.78
CA_1,HOBBIES_1_082,11121,3.78
CA_1,HOBBIES_1_082,11122,3.78
CA_1,HOBBIES_1_082,11123,3.78
CA_1,HOBBIES_1_082,11124,3.78
CA_1,HOBBIES_1_082,11125,3.78
CA_1,HOBBIES_1_082,11126,3.78
CA_1,HOBBIES_1_082,11127,3.78
CA_1,HOBBIES_1_082,11128,3.78
CA_1,HOBBIES_1_082,11129,3.78
CA_1,HOBBIES_1_082,11130,3.78
CA_1,HOBBIES_1_082,11131,3.78
CA_1,HOBBIES_1_082,11132,3.78
CA_1,HOBBIES_1_082,11133,3.78
CA_1,HOBBIES_1_082,11134,3.78
CA_1,HOBBIES_1_082,11135,3.78
CA_1,HOBBIES_1_082,11136,3.78
CA_1,HOBBIES_1_082,11137,3.78
CA_1,HOBBIES_1_082,11138,3.78
CA_1,HOBBIES_1_082,11139,3.78
CA_1,HOBBIES_1_082,11140,3.78
CA_1,HOBBIES_1_082,11141,3.78
CA_1,HOBBIES_1_082,11142,3.78
CA_1,HOBBIES_1_082,11143,3.78
CA_1,HOBBIES_1_082,11144,3.78
CA_1,HOBBIES_1_082,11145,3.78
CA_1,HOBBIES_1_082,11146,3.78
CA_1,HOBBIES_1_082,11147,3.78
CA_1,HOBBIES_1_082,11148,3.78
CA_1,HOBBIES_1_082,11149,3.78
CA_1,HOBBIES_1_082,11150,3.78
CA_1,HOBBIES_1_082,11151,3.78
CA_1,HOBBIES_1_082,11152,3.78
CA_1,HOBBIES_1_082,11201,3.78
CA_1,HOBBIES_1_082,11202,3.78
CA_1,HOBBIES_1_082,11203,3.78
CA_1,HOBBIES_1_082,11204,3.78
CA_1,HOBBIES_1_082,11205,3.78
CA_1,HOBBIES_1_082,11206,3.78
CA_1,HOBBIES_1_082,11207,3.78
CA_1,HOBBIES_1_082,11208,3.78
CA_1,HOBBIES_1_082,11209,3.78
CA_1,HOBBIES_1_082,11210,3.78
CA_1,HOBBIES_1_082,11211,3.78
CA_1,HOBBIES_1_082,11212,3.78
CA_1,HOBBIES_1_082,11213,3.78
CA_1,HOBBIES_1_082,11214,3.78
CA_1,HOBBIES_1_082,11215,3.78
CA_1,HOBBIES_1_082,11216,3.78
CA_1,HOBBIES_1_082,11217,3.78
CA_1,HOBBIES_1_082,11218,3.78
CA_1,HOBBIES_1_082,11219,3.78
CA_1,HOBBIES_1_082,11220,3.78
CA_1,HOBBIES_1_082,11221,3.78
CA_1,HOBBIES_1_082,11222,3.78
CA_1,HOBBIES_1_082,11223,3.78
CA_1,HOBBIES_1_082,11224,3.78
CA_1,HOBBIES_1_082,11225,3.78
CA_1,HOBBIES_1_082,11226,3.78
CA_1,HOBBIES_1_082,11227,3.78
CA_1,HOBBIES_1_082,11228,3.78
CA_1,HOBBIES_1_082,11229,3.78
CA_1,HOBBIES_1_082,11230,3.78
CA_1,HOBBIES_1_082,11231,3.78
CA_1,HOBBIES_1_082,11232,3.78
CA_1,HOBBIES_1_082,11233,3.78
CA_1,HOBBIES_1_082,11234,3.78
CA_1,HOBBIES_1_082,11235,3.78
CA_1,HOBBIES_1_082,11236,3.78
CA_1,HOBBIES_1_082,11237,3.78
CA_1,HOBBIES_1_082,11238,3.78
CA_1,HOBBIES_1_082,11239,3.78
CA_1,HOBBIES_1_082,11240,3.78
CA_1,HOBBIES_1_082,11241,3.78
CA_1,HOBBIES_1_082,11242,3.78
CA_1,HOBBIES_1_082,11243,3.78
CA_1,HOBBIES_1_082,11244,3.78
CA_1,HOBBIES_1_082,11245,3.78
CA_1,HOBBIES_1_082,11246,3.78
CA_1,HOBBIES_1_082,11247,3.78
CA_1,HOBBIES_1_082,11248,3.78
CA_1,HOBBIES_1_082,11249,3.78
CA_1,HOBBIES_1_082,11250,3.78
CA_1,HOBBIES_1_082,11251,3.78
CA_1,HOBBIES_1_082,11252,3.78
CA_1,HOBBIES_1_082,11301,3.78
CA_1,HOBBIES_1_082,11302,3.78
CA_1,HOBBIES_1_082,11303,3.78
CA_1,HOBBIES_1_082,11304,3.78
CA_1,HOBBIES_1_082,11305,3.78
CA_1,HOBBIES_1_082,11306,3.78
CA_1,HOBBIES_1_082,11307,3.78
CA_1,HOBBIES_1_082,11308,3.78
CA_1,HOBBIES_1_082,11309,3.78
CA_1,HOBBIES_1_082,11310,3.78
CA_1,HOBBIES_1_082,11311,3.78
CA_1,HOBBIES_1_082,11312,3.78
CA_1,HOBBIES_1_082,11313,3.78
CA_1,HOBBIES_1_082,11314,3.78
CA_1,HOBBIES_1_082,11315,3.78
CA_1,HOBBIES_1_082,11316,3.78
CA_1,HOBBIES_1_082,11317,3.78
CA_1,HOBBIES_1_082,11318,3.78
CA_1,HOBBIES_1_082,11319,3.78
CA_1,HOBBIES_1_082,11320,3.78
CA_1,HOBBIES_1_082,11321,3.78
CA_1,HOBBIES_1_082,11322,3.78
CA_1,HOBBIES_1_082,11323,3.78
CA_1,HOBBIES_1_082,11324,3.78
CA_1,HOBBIES_1_082,11325,3.78
CA_1,HOBBIES_1_082,11326,3.78
CA_1,HOBBIES_1_082,11327,3.78
CA_1,HOBBIES_1_082,11328,3.78
CA_1,HOBBIES_1_082,11329,3.78
CA_1,HOBBIES_1_082,11330,3.78
CA_1,HOBBIES_1_082,11331,3.78
CA_1,HOBBIES_1_082,11332,3.78
CA_1,HOBBIES_1_082,11333,3.78
CA_1,HOBBIES_1_082,11334,3.78
CA_1,HOBBIES_1_082,11335,3.78
CA_1,HOBBIES_1_082,11336,3.78
CA_1,HOBBIES_1_082,11337,3.78
CA_1,HOBBIES_1_082,11338,3.78
CA_1,HOBBIES_1_082,11339,3.78
CA_1,HOBBIES_1_082,11340,3.78
CA_1,HOBBIES_1_082,11341,3.78
CA_1,HOBBIES_1_082,11342,3.78
CA_1,HOBBIES_1_082,11343,3.78
CA_1,HOBBIES_1_082,11344,3.78
CA_1,HOBBIES_1_082,11345,3.78
CA_1,HOBBIES_1_082,11346,3.78
CA_1,HOBBIES_1_082,11347,3.78
CA_1,HOBBIES_1_082,11348,3.78
CA_1,HOBBIES_1_082,11349,3.78
CA_1,HOBBIES_1_082,11350,3.78
CA_1,HOBBIES_1_082,11351,3.78
CA_1,HOBBIES_1_082,11352,3.78
CA_1,HOBBIES_1_082,11353,3.78
CA_1,HOBBIES_1_082,11401,3.78
CA_1,HOBBIES_1_082,11402,3.78
CA_1,HOBBIES_1_082,11403,3.78
CA_1,HOBBIES_1_082,11404,3.78
CA_1,HOBBIES_1_082,11405,3.78
CA_1,HOBBIES_1_082,11406,3.78
CA_1,HOBBIES_1_082,11407,3.78
CA_1,HOBBIES_1_082,11408,3.78
CA_1,HOBBIES_1_082,11409,3.78
CA_1,HOBBIES_1_082,11410,3.78
CA_1,HOBBIES_1_082,11411,3.78
CA_1,HOBBIES_1_082,11412,3.78
CA_1,HOBBIES_1_082,11413,3.78
CA_1,HOBBIES_1_082,11414,3.78
CA_1,HOBBIES_1_082,11415,3.78
CA_1,HOBBIES_1_082,11416,3.78
CA_1,HOBBIES_1_082,11417,3.78
CA_1,HOBBIES_1_082,11418,3.78
CA_1,HOBBIES_1_082,11419,3.78
CA_1,HOBBIES_1_082,11420,3.78
CA_1,HOBBIES_1_082,11421,3.78
CA_1,HOBBIES_1_082,11422,3.78
CA_1,HOBBIES_1_082,11423,3.78
CA_1,HOBBIES_1_082,11424,3.78
CA_1,HOBBIES_1_082,11425,3.78
CA_1,HOBBIES_1_082,11426,3.78
CA_1,HOBBIES_1_082,11427,3.78
CA_1,HOBBIES_1_082,11428,3.78
CA_1,HOBBIES_1_082,11429,3.78
CA_1,HOBBIES_1_082,11430,3.78
CA_1,HOBBIES_1_082,11431,3.78
CA_1,HOBBIES_1_082,11432,3.78
CA_1,HOBBIES_1_082,11433,3.78
CA_1,HOBBIES_1_082,11434,3.78
CA_1,HOBBIES_1_082,11435,3.78
CA_1,HOBBIES_1_082,11436,3.78
CA_1,HOBBIES_1_082,11437,3.78
CA_1,HOBBIES_1_082,11438,3.78
CA_1,HOBBIES_1_082,11439,3.78
CA_1,HOBBIES_1_082,11440,3.78
CA_1,HOBBIES_1_082,11441,3.78
CA_1,HOBBIES_1_082,11442,3.78
CA_1,HOBBIES_1_082,11443,3.78
CA_1,HOBBIES_1_082,11444,3.78
CA_1,HOBBIES_1_082,11445,3.78
CA_1,HOBBIES_1_082,11446,3.78
CA_1,HOBBIES_1_082,11447,3.78
CA_1,HOBBIES_1_082,11448,3.78
CA_1,HOBBIES_1_082,11449,3.78
CA_1,HOBBIES_1_082,11450,3.78
CA_1,HOBBIES_1_082,11451,3.78
CA_1,HOBBIES_1_082,11452,3.78
CA_1,HOBBIES_1_082,11501,3.78
CA_1,HOBBIES_1_082,11502,3.78
CA_1,HOBBIES_1_082,11503,3.78
CA_1,HOBBIES_1_082,11504,3.78
CA_1,HOBBIES_1_082,11505,3.78
CA_1,HOBBIES_1_082,11506,3.78
CA_1,HOBBIES_1_082,11507,3.78
CA_1,HOBBIES_1_082,11508,3.78
CA_1,HOBBIES_1_082,11509,3.78
CA_1,HOBBIES_1_082,11510,3.78
CA_1,HOBBIES_1_082,11511,3.78
CA_1,HOBBIES_1_082,11512,3.78
CA_1,HOBBIES_1_082,11513,3.78
CA_1,HOBBIES_1_082,11514,3.78
CA_1,HOBBIES_1_082,11515,3.78
CA_1,HOBBIES_1_082,11516,3.78
CA_1,HOBBIES_1_082,11517,3.78
CA_1,HOBBIES_1_082,11518,3.78
CA_1,HOBBIES_1_082,11519,3.78
CA_1,HOBBIES_1_082,11520,3.78
CA_1,HOBBIES_1_082,11521,3.78
CA_1,HOBBIES_1_082,11522,3.78
CA_1,HOBBIES_1_082,11523,3.78
CA_1,HOBBIES_1_082,11524,3.78
CA_1,HOBBIES_1_082,11525,3.78
CA_1,HOBBIES_1_082,11526,3.78
CA_1,HOBBIES_1_082,11527,3.78
CA_1,HOBBIES_1_082,11528,3.78
CA_1,HOBBIES_1_082,11529,3.78
CA_1,HOBBIES_1_082,11530,3.78
CA_1,HOBBIES_1_082,11531,3.78
CA_1,HOBBIES_1_082,11532,3.78
CA_1,HOBBIES_1_082,11533,3.78
CA_1,HOBBIES_1_082,11534,3.78
CA_1,HOBBIES_1_082,11535,3.78
CA_1,HOBBIES_1_082,11536,3.78
CA_1,HOBBIES_1_082,11537,3.78
CA_1,HOBBIES_1_082,11538,3.78
CA_1,HOBBIES_1_082,11539,3.78
CA_1,HOBBIES_1_082,11540,3.78
CA_1,HOBBIES_1_082,11541,3.78
CA_1,HOBBIES_1_082,11542,3.78
CA_1,HOBBIES_1_082,11543,3.78
CA_1,HOBBIES_1_082,11544,3.78
CA_1,HOBBIES_1_082,11545,3.78
CA_1,HOBBIES_1_082,11546,3.78
CA_1,HOBBIES_1_082,11547,3.78
CA_1,HOBBIES_1_082,11548,3.78
CA_1,HOBBIES_1_082,11549,3.78
CA_1,HOBBIES_1_082,11550,3.78
CA_1,HOBBIES_1_082,11551,3.78
CA_1,HOBBIES_1_082,11552,3.78
CA_1,HOBBIES_1_082,11601,3.78
CA_1,HOBBIES_1_082,11602,3.78
CA_1,HOBBIES_1_082,11603,3.78
CA_1,HOBBIES_1_082,11604,3.78
CA_1,HOBBIES_1_082,11605,3.78
CA_1,HOBBIES_1_082,11606,3.78
CA_1,HOBBIES_1_082,11607,3.78
CA_1,HOBBIES_1_082,11608,3.78
CA_1,HOBBIES_1_082,11609,3.78
CA_1,HOBBIES_1_082,11610,3.78
CA_1,HOBBIES_1_082,11611,3.78
CA_1,HOBBIES_1_082,11612,3.78
CA_1,HOBBIES_1_082,11613,3.78
CA_1,HOBBIES_1_082,11614,3.78
CA_1,HOBBIES_1_082,11615,3.78
CA_1,HOBBIES_1_082,11616,3.78
CA_1,HOBBIES_1_082,11617,3.78
CA_1,HOBBIES_1_082,11618,3.78
CA_1,HOBBIES_1_082,11619,3.78
CA_1,HOBBIES_1_082,11620,3.78
CA_1,HOBBIES_1_082,11621,3.78
CA_1,HOBBIES_1_083,11234,17.38
CA_1,HOBBIES_1_083,11235,17.38
CA_1,HOBBIES_1_083,11236,17.38
CA_1,HOBBIES_1_083,11237,17.38
CA_1,HOBBIES_1_083,11238,17.38
CA_1,HOBBIES_1_083,11239,17.38
CA_1,HOBBIES_1_083,11240,17.38
CA_1,HOBBIES_1_083,11241,17.38
CA_1,HOBBIES_1_083,11242,17.38
CA_1,HOBBIES_1_083,11243,17.38
CA_1,HOBBIES_1_083,11244,17.38
CA_1,HOBBIES_1_083,11245,17.38
CA_1,HOBBIES_1_083,11246,17.38
CA_1,HOBBIES_1_083,11247,17.38
CA_1,HOBBIES_1_083,11248,17.38
CA_1,HOBBIES_1_083,11249,17.38
CA_1,HOBBIES_1_083,11250,17.38
CA_1,HOBBIES_1_083,11251,17.38
CA_1,HOBBIES_1_083,11252,17.38
CA_1,HOBBIES_1_083,11301,17.38
CA_1,HOBBIES_1_083,11302,17.38
CA_1,HOBBIES_1_083,11303,17.48
CA_1,HOBBIES_1_083,11304,17.48
CA_1,HOBBIES_1_083,11305,17.48
CA_1,HOBBIES_1_083,11306,17.48
CA_1,HOBBIES_1_083,11307,17.48
CA_1,HOBBIES_1_083,11308,17.48
CA_1,HOBBIES_1_083,11309,17.48
CA_1,HOBBIES_1_083,11310,17.48
CA_1,HOBBIES_1_083,11311,17.48
CA_1,HOBBIES_1_083,11312,17.48
CA_1,HOBBIES_1_083,11313,17.48
CA_1,HOBBIES_1_083,11314,17.48
CA_1,HOBBIES_1_083,11315,17.48
CA_1,HOBBIES_1_083,11316,17.48
CA_1,HOBBIES_1_083,11317,17.48
CA_1,HOBBIES_1_083,11318,17.48
CA_1,HOBBIES_1_083,11319,17.48
CA_1,HOBBIES_1_083,11320,17.48
CA_1,HOBBIES_1_083,11321,17.48
CA_1,HOBBIES_1_083,11322,17.48
CA_1,HOBBIES_1_083,11323,17.48
CA_1,HOBBIES_1_083,11324,17.48
CA_1,HOBBIES_1_083,11325,17.48
CA_1,HOBBIES_1_083,11326,17.48
CA_1,HOBBIES_1_083,11327,17.48
CA_1,HOBBIES_1_083,11328,17.48
CA_1,HOBBIES_1_083,11329,17.48
CA_1,HOBBIES_1_083,11330,17.48
CA_1,HOBBIES_1_083,11331,17.48
CA_1,HOBBIES_1_083,11332,17.48
CA_1,HOBBIES_1_083,11333,17.48
CA_1,HOBBIES_1_083,11334,17.48
CA_1,HOBBIES_1_083,11335,17.48
CA_1,HOBBIES_1_083,11336,17.48
CA_1,HOBBIES_1_083,11337,17.48
CA_1,HOBBIES_1_083,11338,17.48
CA_1,HOBBIES_1_083,11339,17.48
CA_1,HOBBIES_1_083,11340,17.48
CA_1,HOBBIES_1_083,11341,17.48
CA_1,HOBBIES_1_083,11342,17.48
CA_1,HOBBIES_1_083,11343,17.48
CA_1,HOBBIES_1_083,11344,17.48
CA_1,HOBBIES_1_083,11345,17.48
CA_1,HOBBIES_1_083,11346,17.48
CA_1,HOBBIES_1_083,11347,17.48
CA_1,HOBBIES_1_083,11348,17.48
CA_1,HOBBIES_1_083,11349,17.48
CA_1,HOBBIES_1_083,11350,17.48
CA_1,HOBBIES_1_083,11351,17.48
CA_1,HOBBIES_1_083,11352,17.48
CA_1,HOBBIES_1_083,11353,17.48
CA_1,HOBBIES_1_083,11401,17.48
CA_1,HOBBIES_1_083,11402,17.48
CA_1,HOBBIES_1_083,11403,17.48
CA_1,HOBBIES_1_083,11404,17.48
CA_1,HOBBIES_1_083,11405,17.48
CA_1,HOBBIES_1_083,11406,17.48
CA_1,HOBBIES_1_083,11407,17.48
CA_1,HOBBIES_1_083,11408,17.48
CA_1,HOBBIES_1_083,11409,17.48
CA_1,HOBBIES_1_083,11410,17.48
CA_1,HOBBIES_1_083,11411,17.48
CA_1,HOBBIES_1_083,11412,17.48
CA_1,HOBBIES_1_083,11413,17.48
CA_1,HOBBIES_1_083,11414,17.48
CA_1,HOBBIES_1_083,11415,17.48
CA_1,HOBBIES_1_083,11416,17.48
CA_1,HOBBIES_1_083,11417,17.48
CA_1,HOBBIES_1_083,11418,17.48
CA_1,HOBBIES_1_083,11419,17.48
CA_1,HOBBIES_1_083,11420,17.48
CA_1,HOBBIES_1_083,11421,17.48
CA_1,HOBBIES_1_083,11422,17.48
CA_1,HOBBIES_1_083,11423,17.48
CA_1,HOBBIES_1_083,11424,17.48
CA_1,HOBBIES_1_083,11425,17.48
CA_1,HOBBIES_1_083,11426,17.48
CA_1,HOBBIES_1_083,11427,17.48
CA_1,HOBBIES_1_083,11428,17.48
CA_1,HOBBIES_1_083,11429,17.48
CA_1,HOBBIES_1_083,11430,17.48
CA_1,HOBBIES_1_083,11431,17.48
CA_1,HOBBIES_1_083,11432,17.48
CA_1,HOBBIES_1_083,11433,17.48
CA_1,HOBBIES_1_083,11434,17.48
CA_1,HOBBIES_1_083,11435,17.48
CA_1,HOBBIES_1_083,11436,17.48
CA_1,HOBBIES_1_083,11437,17.48
CA_1,HOBBIES_1_083,11438,17.48
CA_1,HOBBIES_1_083,11439,17.48
CA_1,HOBBIES_1_083,11440,17.48
CA_1,HOBBIES_1_083,11441,17.48
CA_1,HOBBIES_1_083,11442,17.48
CA_1,HOBBIES_1_083,11443,17.48
CA_1,HOBBIES_1_083,11444,17.48
CA_1,HOBBIES_1_083,11445,17.48
CA_1,HOBBIES_1_083,11446,17.48
CA_1,HOBBIES_1_083,11447,17.48
CA_1,HOBBIES_1_083,11448,17.48
CA_1,HOBBIES_1_083,11449,17.48
CA_1,HOBBIES_1_083,11450,17.48
CA_1,HOBBIES_1_083,11451,17.48
CA_1,HOBBIES_1_083,11452,17.48
CA_1,HOBBIES_1_083,11501,17.48
CA_1,HOBBIES_1_083,11502,17.48
CA_1,HOBBIES_1_083,11503,17.48
CA_1,HOBBIES_1_083,11504,17.48
CA_1,HOBBIES_1_083,11505,17.48
CA_1,HOBBIES_1_083,11506,17.48
CA_1,HOBBIES_1_083,11507,17.48
CA_1,HOBBIES_1_083,11508,17.48
CA_1,HOBBIES_1_083,11509,17.48
CA_1,HOBBIES_1_083,11510,17.48
CA_1,HOBBIES_1_083,11511,17.48
CA_1,HOBBIES_1_083,11512,17.48
CA_1,HOBBIES_1_083,11513,17.48
CA_1,HOBBIES_1_083,11514,17.48
CA_1,HOBBIES_1_083,11515,17.48
CA_1,HOBBIES_1_083,11516,17.48
CA_1,HOBBIES_1_083,11517,17.48
CA_1,HOBBIES_1_083,11518,17.48
CA_1,HOBBIES_1_083,11519,17.48
CA_1,HOBBIES_1_083,11520,17.48
CA_1,HOBBIES_1_083,11521,17.48
CA_1,HOBBIES_1_083,11522,17.48
CA_1,HOBBIES_1_083,11523,17.48
CA_1,HOBBIES_1_083,11524,17.48
CA_1,HOBBIES_1_083,11525,17.48
CA_1,HOBBIES_1_083,11526,17.48
CA_1,HOBBIES_1_083,11527,15.92
CA_1,HOBBIES_1_083,11528,15.92
CA_1,HOBBIES_1_083,11529,15.92
CA_1,HOBBIES_1_083,11530,15.92
CA_1,HOBBIES_1_083,11531,15.92
CA_1,HOBBIES_1_083,11532,15.92
CA_1,HOBBIES_1_083,11533,15.92
CA_1,HOBBIES_1_083,11534,15.92
CA_1,HOBBIES_1_083,11535,15.92
CA_1,HOBBIES_1_083,11536,15.92
CA_1,HOBBIES_1_083,11537,15.92
CA_1,HOBBIES_1_083,11538,15.92
CA_1,HOBBIES_1_083,11539,15.92
CA_1,HOBBIES_1_083,11540,15.92
CA_1,HOBBIES_1_083,11541,15.92
CA_1,HOBBIES_1_083,11542,15.92
CA_1,HOBBIES_1_083,11543,15.92
CA_1,HOBBIES_1_083,11544,15.92
CA_1,HOBBIES_1_083,11545,15.92
CA_1,HOBBIES_1_083,11546,15.92
CA_1,HOBBIES_1_083,11547,15.92
CA_1,HOBBIES_1_083,11548,15.92
CA_1,HOBBIES_1_083,11549,15.92
CA_1,HOBBIES_1_083,11550,15.92
CA_1,HOBBIES_1_083,11551,15.92
CA_1,HOBBIES_1_083,11552,15.92
CA_1,HOBBIES_1_083,11601,15.92
CA_1,HOBBIES_1_083,11602,15.92
CA_1,HOBBIES_1_083,11603,15.92
CA_1,HOBBIES_1_083,11604,15.92
CA_1,HOBBIES_1_083,11605,15.92
CA_1,HOBBIES_1_083,11606,15.92
CA_1,HOBBIES_1_083,11607,15.92
CA_1,HOBBIES_1_083,11608,15.92
CA_1,HOBBIES_1_083,11609,15.92
CA_1,HOBBIES_1_083,11610,15.92
CA_1,HOBBIES_1_083,11611,15.92
CA_1,HOBBIES_1_083,11612,15.92
CA_1,HOBBIES_1_083,11613,15.92
CA_1,HOBBIES_1_083,11614,15.92
CA_1,HOBBIES_1_083,11615,15.92
CA_1,HOBBIES_1_083,11616,15.92
CA_1,HOBBIES_1_083,11617,15.92
CA_1,HOBBIES_1_083,11618,15.92
CA_1,HOBBIES_1_083,11619,15.92
CA_1,HOBBIES_1_083,11620,15.92
CA_1,HOBBIES_1_083,11621,15.92
CA_1,HOBBIES_1_084,11101,3.67
CA_1,HOBBIES_1_084,11102,3.67
CA_1,HOBBIES_1_084,11103,3.67
CA_1,HOBBIES_1_084,11104,3.67
CA_1,HOBBIES_1_084,11105,3.98
CA_1,HOBBIES_1_084,11106,3.98
CA_1,HOBBIES_1_084,11107,3.98
CA_1,HOBBIES_1_084,11108,3.98
CA_1,HOBBIES_1_084,11109,3.98
CA_1,HOBBIES_1_084,11110,3.98
CA_1,HOBBIES_1_084,11111,3.98
CA_1,HOBBIES_1_084,11112,3.98
CA_1,HOBBIES_1_084,11113,3.98
CA_1,HOBBIES_1_084,11114,3.98
CA_1,HOBBIES_1_084,11115,3.98
CA_1,HOBBIES_1_084,11116,3.98
CA_1,HOBBIES_1_084,11117,3.98
CA_1,HOBBIES_1_084,11118,3.98
CA_1,HOBBIES_1_084,11119,3.98
CA_1,HOBBIES_1_084,11120,3.98
CA_1,HOBBIES_1_084,11121,3.98
CA_1,HOBBIES_1_084,11122,3.98
CA_1,HOBBIES_1_084,11123,3.98
CA_1,HOBBIES_1_084,11124,3.98
CA_1,HOBBIES_1_084,11125,3.98
CA_1,HOBBIES_1_084,11126,3.98
CA_1,HOBBIES_1_084,11127,3.98
CA_1,HOBBIES_1_084,11128,3.98
CA_1,HOBBIES_1_084,11129,3.98
CA_1,HOBBIES_1_084,11130,3.98
CA_1,HOBBIES_1_084,11131,3.98
CA_1,HOBBIES_1_084,11132,3.98
CA_1,HOBBIES_1_084,11133,3.98
CA_1,HOBBIES_1_084,11134,3.98
CA_1,HOBBIES_1_084,11135,3.98
CA_1,HOBBIES_1_084,11136,3.98
CA_1,HOBBIES_1_084,11137,3.98
CA_1,HOBBIES_1_084,11138,3.98
CA_1,HOBBIES_1_084,11139,3.98
CA_1,HOBBIES_1_084,11140,3.98
CA_1,HOBBIES_1_084,11141,3.98
CA_1,HOBBIES_1_084,11142,3.98
CA_1,HOBBIES_1_084,11143,3.98
CA_1,HOBBIES_1_084,11144,3.98
CA_1,HOBBIES_1_084,11145,3.98
CA_1,HOBBIES_1_084,11146,3.98
CA_1,HOBBIES_1_084,11147,3.98
CA_1,HOBBIES_1_084,11148,3.98
CA_1,HOBBIES_1_084,11149,3.98
CA_1,HOBBIES_1_084,11150,3.98
CA_1,HOBBIES_1_084,11151,3.98
CA_1,HOBBIES_1_084,11152,3.98
CA_1,HOBBIES_1_084,11201,3.98
CA_1,HOBBIES_1_084,11202,3.98
CA_1,HOBBIES_1_084,11203,3.98
CA_1,HOBBIES_1_084,11204,3.98
CA_1,HOBBIES_1_084,11205,3.98
CA_1,HOBBIES_1_084,11206,3.98
CA_1,HOBBIES_1_084,11207,3.98
CA_1,HOBBIES_1_084,11208,3.98
CA_1,HOBBIES_1_084,11209,3.98
CA_1,HOBBIES_1_084,11210,3.98
CA_1,HOBBIES_1_084,11211,3.98
CA_1,HOBBIES_1_084,11212,3.98
CA_1,HOBBIES_1_084,11213,3.98
CA_1,HOBBIES_1_084,11214,3.98
CA_1,HOBBIES_1_084,11215,3.98
CA_1,HOBBIES_1_084,11216,3.98
CA_1,HOBBIES_1_084,11217,3.98
CA_1,HOBBIES_1_084,11218,3.98
CA_1,HOBBIES_1_084,11219,3.98
CA_1,HOBBIES_1_084,11220,3.98
CA_1,HOBBIES_1_084,11221,3.98
CA_1,HOBBIES_1_084,11222,3.98
CA_1,HOBBIES_1_084,11223,3.98
CA_1,HOBBIES_1_084,11224,3.98
CA_1,HOBBIES_1_084,11225,3.98
CA_1,HOBBIES_1_084,11226,3.98
CA_1,HOBBIES_1_084,11227,3.98
CA_1,HOBBIES_1_084,11228,3.98
CA_1,HOBBIES_1_084,11229,3.98
CA_1,HOBBIES_1_084,11230,3.98
CA_1,HOBBIES_1_084,11231,3.98
CA_1,HOBBIES_1_084,11232,3.98
CA_1,HOBBIES_1_084,11233,3.98
CA_1,HOBBIES_1_084,11234,3.98
CA_1,HOBBIES_1_084,11235,3.98
CA_1,HOBBIES_1_084,11236,3.98
CA_1,HOBBIES_1_084,11237,3.98
CA_1,HOBBIES_1_084,11238,3.98
CA_1,HOBBIES_1_084,11239,3.98
CA_1,HOBBIES_1_084,11240,3.98
CA_1,HOBBIES_1_084,11241,3.98
CA_1,HOBBIES_1_084,11242,3.98
CA_1,HOBBIES_1_084,11243,3.98
CA_1,HOBBIES_1_084,11244,4.38
CA_1,HOBBIES_1_084,11245,4.38
CA_1,HOBBIES_1_084,11246,4.38
CA_1,HOBBIES_1_084,11247,4.38
CA_1,HOBBIES_1_084,11248,4.38
CA_1,HOBBIES_1_084,11249,4.38
CA_1,HOBBIES_1_084,11250,4.38
CA_1,HOBBIES_1_084,11251,4.38
CA_1,HOBBIES_1_084,11252,4.38
CA_1,HOBBIES_1_084,11301,4.38
CA_1,HOBBIES_1_084,11302,4.38
CA_1,HOBBIES_1_084,11303,4.38
CA_1,HOBBIES_1_084,11304,4.38
CA_1,HOBBIES_1_084,11305,4.38
CA_1,HOBBIES_1_084,11306,4.38
CA_1,HOBBIES_1_084,11307,4.38
CA_1,HOBBIES_1_084,11308,4.38
CA_1,HOBBIES_1_084,11309,4.38
CA_1,HOBBIES_1_084,11310,4.38
CA_1,HOBBIES_1_084,11311,4.38
CA_1,HOBBIES_1_084,11312,4.38
CA_1,HOBBIES_1_084,11313,4.38
CA_1,HOBBIES_1_084,11314,4.38
CA_1,HOBBIES_1_084,11315,4.38
CA_1,HOBBIES_1_084,11316,4.38
CA_1,HOBBIES_1_084,11317,4.38
CA_1,HOBBIES_1_084,11318,4.38
CA_1,HOBBIES_1_084,11319,4.38
CA_1,HOBBIES_1_084,11320,4.38
CA_1,HOBBIES_1_084,11321,4.38
CA_1,HOBBIES_1_084,11322,4.38
CA_1,HOBBIES_1_084,11323,4.38
CA_1,HOBBIES_1_084,11324,4.38
CA_1,HOBBIES_1_084,11325,4.38
CA_1,HOBBIES_1_084,11326,4.38
CA_1,HOBBIES_1_084,11327,4.38
CA_1,HOBBIES_1_084,11328,4.38
CA_1,HOBBIES_1_084,11329,4.38
CA_1,HOBBIES_1_084,11330,4.38
CA_1,HOBBIES_1_084,11331,4.38
CA_1,HOBBIES_1_084,11332,4.38
CA_1,HOBBIES_1_084,11333,4.38
CA_1,HOBBIES_1_084,11334,4.38
CA_1,HOBBIES_1_084,11335,4.38
CA_1,HOBBIES_1_084,11336,4.38
CA_1,HOBBIES_1_084,11337,4.38
CA_1,HOBBIES_1_084,11338,4.38
CA_1,HOBBIES_1_084,11339,4.38
CA_1,HOBBIES_1_084,11340,4.38
CA_1,HOBBIES_1_084,11341,4.38
CA_1,HOBBIES_1_084,11342,4.38
CA_1,HOBBIES_1_084,11343,4.38
CA_1,HOBBIES_1_084,11344,4.38
CA_1,HOBBIES_1_084,11345,4.38
CA_1,HOBBIES_1_084,11346,4.38
CA_1,HOBBIES_1_084,11347,4.38
CA_1,HOBBIES_1_084,11348,4.38
CA_1,HOBBIES_1_084,11349,4.38
CA_1,HOBBIES_1_084,11350,4.38
CA_1,HOBBIES_1_084,11351,4.38
CA_1,HOBBIES_1_084,11352,4.38
CA_1,HOBBIES_1_084,11353,4.38
CA_1,HOBBIES_1_084,11401,4.38
CA_1,HOBBIES_1_084,11402,4.38
CA_1,HOBBIES_1_084,11403,4.38
CA_1,HOBBIES_1_084,11404,4.38
CA_1,HOBBIES_1_084,11405,4.38
CA_1,HOBBIES_1_084,11406,4.38
CA_1,HOBBIES_1_084,11407,4.38
CA_1,HOBBIES_1_084,11408,4.38
CA_1,HOBBIES_1_084,11409,4.38
CA_1,HOBBIES_1_084,11410,4.38
CA_1,HOBBIES_1_084,11411,4.38
CA_1,HOBBIES_1_084,11412,4.38
CA_1,HOBBIES_1_084,11413,4.38
CA_1,HOBBIES_1_084,11414,4.38
CA_1,HOBBIES_1_084,11415,4.38
CA_1,HOBBIES_1_084,11416,4.38
CA_1,HOBBIES_1_084,11417,4.38
CA_1,HOBBIES_1_084,11418,4.38
CA_1,HOBBIES_1_084,11419,4.38
CA_1,HOBBIES_1_084,11420,4.38
CA_1,HOBBIES_1_084,11421,4.38
CA_1,HOBBIES_1_084,11422,4.38
CA_1,HOBBIES_1_084,11423,4.38
CA_1,HOBBIES_1_084,11424,4.38
CA_1,HOBBIES_1_084,11425,4.38
CA_1,HOBBIES_1_084,11426,4.38
CA_1,HOBBIES_1_084,11427,4.38
CA_1,HOBBIES_1_084,11428,4.38
CA_1,HOBBIES_1_084,11429,4.38
CA_1,HOBBIES_1_084,11430,4.38
CA_1,HOBBIES_1_084,11431,4.38
CA_1,HOBBIES_1_084,11432,4.38
CA_1,HOBBIES_1_084,11433,4.38
CA_1,HOBBIES_1_084,11434,4.38
CA_1,HOBBIES_1_084,11435,4.38
CA_1,HOBBIES_1_084,11436,4.38
CA_1,HOBBIES_1_084,11437,4.38
CA_1,HOBBIES_1_084,11438,4.38
CA_1,HOBBIES_1_084,11439,4.38
CA_1,HOBBIES_1_084,11440,4.38
CA_1,HOBBIES_1_084,11441,4.38
CA_1,HOBBIES_1_084,11442,4.38
CA_1,HOBBIES_1_084,11443,4.38
CA_1,HOBBIES_1_084,11444,4.38
CA_1,HOBBIES_1_084,11445,4.38
CA_1,HOBBIES_1_084,11446,4.38
CA_1,HOBBIES_1_084,11447,4.38
CA_1,HOBBIES_1_084,11448,4.38
CA_1,HOBBIES_1_084,11449,4.38
CA_1,HOBBIES_1_084,11450,4.38
CA_1,HOBBIES_1_084,11451,4.38
CA_1,HOBBIES_1_084,11452,4.38
CA_1,HOBBIES_1_084,11501,4.38
CA_1,HOBBIES_1_084,11502,4.38
CA_1,HOBBIES_1_084,11503,4.38
CA_1,HOBBIES_1_084,11504,4.38
CA_1,HOBBIES_1_084,11505,4.38
CA_1,HOBBIES_1_084,11506,4.38
CA_1,HOBBIES_1_084,11507,4.38
CA_1,HOBBIES_1_084,11508,4.38
CA_1,HOBBIES_1_084,11509,4.38
CA_1,HOBBIES_1_084,11510,4.38
CA_1,HOBBIES_1_084,11511,4.38
CA_1,HOBBIES_1_084,11512,4.38
CA_1,HOBBIES_1_084,11513,4.38
CA_1,HOBBIES_1_084,11514,4.38
CA_1,HOBBIES_1_084,11515,4.38
CA_1,HOBBIES_1_084,11516,4.38
CA_1,HOBBIES_1_084,11517,4.38
CA_1,HOBBIES_1_084,11518,4.38
CA_1,HOBBIES_1_084,11519,4.38
CA_1,HOBBIES_1_084,11520,4.38
CA_1,HOBBIES_1_084,11521,4.38
CA_1,HOBBIES_1_084,11522,4.38
CA_1,HOBBIES_1_084,11523,4.38
CA_1,HOBBIES_1_084,11524,4.38
CA_1,HOBBIES_1_084,11525,4.38
CA_1,HOBBIES_1_084,11526,4.38
CA_1,HOBBIES_1_084,11527,4.38
CA_1,HOBBIES_1_084,11528,4.38
CA_1,HOBBIES_1_084,11529,4.38
CA_1,HOBBIES_1_084,11530,4.38
CA_1,HOBBIES_1_084,11531,4.38
CA_1,HOBBIES_1_084,11532,4.38
CA_1,HOBBIES_1_084,11533,4.38
CA_1,HOBBIES_1_084,11534,4.38
CA_1,HOBBIES_1_084,11535,4.38
CA_1,HOBBIES_1_084,11536,4.38
CA_1,HOBBIES_1_084,11537,4.38
CA_1,HOBBIES_1_084,11538,4.38
CA_1,HOBBIES_1_084,11539,4.38
CA_1,HOBBIES_1_084,11540,4.38
CA_1,HOBBIES_1_084,11541,4.38
CA_1,HOBBIES_1_084,11542,4.38
CA_1,HOBBIES_1_084,11543,4.38
CA_1,HOBBIES_1_084,11544,4.38
CA_1,HOBBIES_1_084,11545,4.38
CA_1,HOBBIES_1_084,11546,4.38
CA_1,HOBBIES_1_084,11547,4.38
CA_1,HOBBIES_1_084,11548,4.38
CA_1,HOBBIES_1_084,11549,4.38
CA_1,HOBBIES_1_084,11550,4.38
CA_1,HOBBIES_1_084,11551,4.38
CA_1,HOBBIES_1_084,11552,4.38
CA_1,HOBBIES_1_084,11601,4.38
CA_1,HOBBIES_1_084,11602,4.38
CA_1,HOBBIES_1_084,11603,4.38
CA_1,HOBBIES_1_084,11604,4.38
CA_1,HOBBIES_1_084,11605,3.94
CA_1,HOBBIES_1_084,11606,3.94
CA_1,HOBBIES_1_084,11607,3.94
CA_1,HOBBIES_1_084,11608,3.94
CA_1,HOBBIES_1_084,11609,3.94
CA_1,HOBBIES_1_084,11610,3.94
CA_1,HOBBIES_1_084,11611,3.94
CA_1,HOBBIES_1_084,11612,3.94
CA_1,HOBBIES_1_084,11613,3.94
CA_1,HOBBIES_1_084,11614,3.94
CA_1,HOBBIES_1_084,11615,3.94
CA_1,HOBBIES_1_084,11616,3.94
CA_1,HOBBIES_1_084,11617,3.94
CA_1,HOBBIES_1_084,11618,3.94
CA_1,HOBBIES_1_084,11619,3.94
CA_1,HOBBIES_1_084,11620,3.94
CA_1,HOBBIES_1_084,11621,3.94
CA_1,HOBBIES_1_085,11236,14.72
CA_1,HOBBIES_1_085,11237,14.72
CA_1,HOBBIES_1_085,11238,14.72
CA_1,HOBBIES_1_085,11239,14.72
CA_1,HOBBIES_1_085,11240,14.72
CA_1,HOBBIES_1_085,11241,14.72
CA_1,HOBBIES_1_085,11242,14.72
CA_1,HOBBIES_1_085,11243,14.72
CA_1,HOBBIES_1_085,11244,14.72
CA_1,HOBBIES_1_085,11245,14.72
CA_1,HOBBIES_1_085,11246,14.72
CA_1,HOBBIES_1_085,11247,14.72
CA_1,HOBBIES_1_085,11248,14.72
CA_1,HOBBIES_1_085,11249,14.72
CA_1,HOBBIES_1_085,11250,14.72
CA_1,HOBBIES_1_085,11251,14.72
CA_1,HOBBIES_1_085,11252,14.72
CA_1,HOBBIES_1_085,11301,14.72
CA_1,HOBBIES_1_085,11302,14.72
CA_1,HOBBIES_1_085,11303,14.72
CA_1,HOBBIES_1_085,11304,14.72
CA_1,HOBBIES_1_085,11305,14.72
CA_1,HOBBIES_1_085,11306,14.72
CA_1,HOBBIES_1_085,11307,14.72
CA_1,HOBBIES_1_085,11308,14.72
CA_1,HOBBIES_1_085,11309,14.72
CA_1,HOBBIES_1_085,11310,14.72
CA_1,HOBBIES_1_085,11311,14.72
CA_1,HOBBIES_1_085,11312,14.72
CA_1,HOBBIES_1_085,11313,14.72
CA_1,HOBBIES_1_085,11314,14.72
CA_1,HOBBIES_1_085,11315,14.72
CA_1,HOBBIES_1_085,11316,14.72
CA_1,HOBBIES_1_085,11317,14.72
CA_1,HOBBIES_1_085,11318,14.72
CA_1,HOBBIES_1_085,11319,14.72
CA_1,HOBBIES_1_085,11320,14.72
CA_1,HOBBIES_1_085,11321,14.72
CA_1,HOBBIES_1_085,11322,14.72
CA_1,HOBBIES_1_085,11323,14.72
CA_1,HOBBIES_1_085,11324,14.72
CA_1,HOBBIES_1_085,11325,14.72
CA_1,HOBBIES_1_085,11326,14.72
CA_1,HOBBIES_1_085,11327,14.72
CA_1,HOBBIES_1_085,11328,14.72
CA_1,HOBBIES_1_085,11329,14.72
CA_1,HOBBIES_1_085,11330,14.72
CA_1,HOBBIES_1_085,11331,14.72
CA_1,HOBBIES_1_085,11332,14.72
CA_1,HOBBIES_1_085,11333,14.72
CA_1,HOBBIES_1_085,11334,14.72
CA_1,HOBBIES_1_085,11335,14.72
CA_1,HOBBIES_1_085,11336,14.72
CA_1,HOBBIES_1_085,11337,14.72
CA_1,HOBBIES_1_085,11338,14.72
CA_1,HOBBIES_1_085,11339,14.72
CA_1,HOBBIES_1_085,11340,14.72
CA_1,HOBBIES_1_085,11341,14.72
CA_1,HOBBIES_1_085,11342,14.72
CA_1,HOBBIES_1_085,11343,14.72
CA_1,HOBBIES_1_085,11344,14.72
CA_1,HOBBIES_1_085,11345,14.72
CA_1,HOBBIES_1_085,11346,14.72
CA_1,HOBBIES_1_085,11347,14.72
CA_1,HOBBIES_1_085,11348,14.72
CA_1,HOBBIES_1_085,11349,14.72
CA_1,HOBBIES_1_085,11350,14.72
CA_1,HOBBIES_1_085,11351,14.72
CA_1,HOBBIES_1_085,11352,14.72
CA_1,HOBBIES_1_085,11353,14.72
CA_1,HOBBIES_1_085,11401,14.72
CA_1,HOBBIES_1_085,11402,14.72
CA_1,HOBBIES_1_085,11403,14.72
CA_1,HOBBIES_1_085,11404,14.72
CA_1,HOBBIES_1_085,11405,14.72
CA_1,HOBBIES_1_085,11406,14.72
CA_1,HOBBIES_1_085,11407,14.72
CA_1,HOBBIES_1_085,11408,14.72
CA_1,HOBBIES_1_085,11409,14.72
CA_1,HOBBIES_1_085,11410,14.72
CA_1,HOBBIES_1_085,11411,14.72
CA_1,HOBBIES_1_085,11412,14.72
CA_1,HOBBIES_1_085,11413,14.72
CA_1,HOBBIES_1_085,11414,14.72
CA_1,HOBBIES_1_085,11415,14.72
CA_1,HOBBIES_1_085,11416,14.72
CA_1,HOBBIES_1_085,11417,14.72
CA_1,HOBBIES_1_085,11418,14.72
CA_1,HOBBIES_1_085,11419,14.72
CA_1,HOBBIES_1_085,11420,14.72
CA_1,HOBBIES_1_085,11421,14.72
CA_1,HOBBIES_1_085,11422,14.72
CA_1,HOBBIES_1_085,11423,14.72
CA_1,HOBBIES_1_085,11424,14.72
CA_1,HOBBIES_1_085,11425,14.72
CA_1,HOBBIES_1_085,11426,14.72
CA_1,HOBBIES_1_085,11427,14.72
CA_1,HOBBIES_1_085,11428,14.72
CA_1,HOBBIES_1_085,11429,14.72
CA_1,HOBBIES_1_085,11430,14.72
CA_1,HOBBIES_1_085,11431,14.72
CA_1,HOBBIES_1_085,11432,14.72
CA_1,HOBBIES_1_085,11433,14.72
CA_1,HOBBIES_1_085,11434,14.72
CA_1,HOBBIES_1_085,11435,14.72
CA_1,HOBBIES_1_085,11436,14.72
CA_1,HOBBIES_1_085,11437,14.72
CA_1,HOBBIES_1_085,11438,14.72
CA_1,HOBBIES_1_085,11439,14.72
CA_1,HOBBIES_1_085,11440,14.72
CA_1,HOBBIES_1_085,11441,14.72
CA_1,HOBBIES_1_085,11442,14.72
CA_1,HOBBIES_1_085,11443,14.72
CA_1,HOBBIES_1_085,11444,14.72
CA_1,HOBBIES_1_085,11445,14.72
CA_1,HOBBIES_1_085,11446,14.72
CA_1,HOBBIES_1_085,11447,14.72
CA_1,HOBBIES_1_085,11448,14.72
CA_1,HOBBIES_1_085,11449,14.72
CA_1,HOBBIES_1_085,11450,14.72
CA_1,HOBBIES_1_085,11451,14.72
CA_1,HOBBIES_1_085,11452,14.72
CA_1,HOBBIES_1_085,11501,14.72
CA_1,HOBBIES_1_085,11502,14.72
CA_1,HOBBIES_1_085,11503,14.72
CA_1,HOBBIES_1_085,11504,14.72
CA_1,HOBBIES_1_085,11505,14.72
CA_1,HOBBIES_1_085,11506,14.72
CA_1,HOBBIES_1_085,11507,14.72
CA_1,HOBBIES_1_085,11508,14.72
CA_1,HOBBIES_1_085,11509,14.72
CA_1,HOBBIES_1_085,11510,14.72
CA_1,HOBBIES_1_085,11511,14.72
CA_1,HOBBIES_1_085,11512,14.72
CA_1,HOBBIES_1_085,11513,14.72
CA_1,HOBBIES_1_085,11514,14.72
CA_1,HOBBIES_1_085,11515,14.72
CA_1,HOBBIES_1_085,11516,14.72
CA_1,HOBBIES_1_085,11517,14.72
CA_1,HOBBIES_1_085,11518,14.72
CA_1,HOBBIES_1_085,11519,14.72
CA_1,HOBBIES_1_085,11520,14.72
CA_1,HOBBIES_1_085,11521,14.72
CA_1,HOBBIES_1_085,11522,14.72
CA_1,HOBBIES_1_085,11523,14.72
CA_1,HOBBIES_1_085,11524,14.72
CA_1,HOBBIES_1_085,11525,14.72
CA_1,HOBBIES_1_085,11526,14.72
CA_1,HOBBIES_1_085,11527,14.72
CA_1,HOBBIES_1_085,11528,14.72
CA_1,HOBBIES_1_085,11529,14.72
CA_1,HOBBIES_1_085,11530,14.72
CA_1,HOBBIES_1_085,11531,14.72
CA_1,HOBBIES_1_085,11532,14.72
CA_1,HOBBIES_1_085,11533,14.72
CA_1,HOBBIES_1_085,11534,14.72
CA_1,HOBBIES_1_085,11535,14.72
CA_1,HOBBIES_1_085,11536,14.72
CA_1,HOBBIES_1_085,11537,14.72
CA_1,HOBBIES_1_085,11538,14.72
CA_1,HOBBIES_1_085,11539,14.72
CA_1,HOBBIES_1_085,11540,14.72
CA_1,HOBBIES_1_085,11541,14.72
CA_1,HOBBIES_1_085,11542,14.72
CA_1,HOBBIES_1_085,11543,14.72
CA_1,HOBBIES_1_085,11544,14.72
CA_1,HOBBIES_1_085,11545,14.72
CA_1,HOBBIES_1_085,11546,14.72
CA_1,HOBBIES_1_085,11547,14.72
CA_1,HOBBIES_1_085,11548,14.72
CA_1,HOBBIES_1_085,11549,14.72
CA_1,HOBBIES_1_085,11550,14.72
CA_1,HOBBIES_1_085,11551,14.72
CA_1,HOBBIES_1_085,11552,14.72
CA_1,HOBBIES_1_085,11601,14.72
CA_1,HOBBIES_1_085,11602,14.72
CA_1,HOBBIES_1_085,11603,14.72
CA_1,HOBBIES_1_085,11604,14.72
CA_1,HOBBIES_1_085,11605,14.72
CA_1,HOBBIES_1_085,11606,14.72
CA_1,HOBBIES_1_085,11607,14.72
CA_1,HOBBIES_1_085,11608,14.72
CA_1,HOBBIES_1_085,11609,14.72
CA_1,HOBBIES_1_085,11610,14.72
CA_1,HOBBIES_1_085,11611,14.72
CA_1,HOBBIES_1_085,11612,14.72
CA_1,HOBBIES_1_085,11613,14.72
CA_1,HOBBIES_1_085,11614,14.72
CA_1,HOBBIES_1_085,11615,14.72
CA_1,HOBBIES_1_085,11616,14.72
CA_1,HOBBIES_1_085,11617,14.72
CA_1,HOBBIES_1_085,11618,14.72
CA_1,HOBBIES_1_085,11619,14.72
CA_1,HOBBIES_1_085,11620,14.72
CA_1,HOBBIES_1_085,11621,14.72
CA_1,HOBBIES_1_086,11101,8.62
CA_1,HOBBIES_1_086,11102,8.62
CA_1,HOBBIES_1_086,11103,8.62
CA_1,HOBBIES_1_086,11104,8.62
CA_1,HOBBIES_1_086,11105,8.62
CA_1,HOBBIES_1_086,11106,8.62
CA_1,HOBBIES_1_086,11107,8.62
CA_1,HOBBIES_1_086,11108,8.62
CA_1,HOBBIES_1_086,11109,8.62
CA_1,HOBBIES_1_086,11110,8.62
CA_1,HOBBIES_1_086,11111,8.62
CA_1,HOBBIES_1_086,11112,8.62
CA_1,HOBBIES_1_086,11113,8.62
CA_1,HOBBIES_1_086,11114,8.26
CA_1,HOBBIES_1_086,11115,8.26
CA_1,HOBBIES_1_086,11116,8.26
CA_1,HOBBIES_1_086,11117,8.26
CA_1,HOBBIES_1_086,11118,8.26
CA_1,HOBBIES_1_086,11119,8.26
CA_1,HOBBIES_1_086,11120,8.26
CA_1,HOBBIES_1_086,11121,8.26
CA_1,HOBBIES_1_086,11122,8.26
CA_1,HOBBIES_1_086,11123,8.26
CA_1,HOBBIES_1_086,11124,8.26
CA_1,HOBBIES_1_086,11125,8.26
CA_1,HOBBIES_1_086,11126,8.26
CA_1,HOBBIES_1_086,11127,8.26
CA_1,HOBBIES_1_086,11128,8.26
CA_1,HOBBIES_1_086,11129,8.26
CA_1,HOBBIES_1_086,11130,8.26
CA_1,HOBBIES_1_086,11131,8.26
CA_1,HOBBIES_1_086,11132,8.26
CA_1,HOBBIES_1_086,11133,8.26
CA_1,HOBBIES_1_086,11134,8.26
CA_1,HOBBIES_1_086,11135,8.26
CA_1,HOBBIES_1_086,11136,8.26
CA_1,HOBBIES_1_086,11137,8.26
CA_1,HOBBIES_1_086,11138,8.26
CA_1,HOBBIES_1_086,11139,8.26
CA_1,HOBBIES_1_086,11140,8.26
CA_1,HOBBIES_1_086,11141,8.26
CA_1,HOBBIES_1_086,11142,8.26
CA_1,HOBBIES_1_086,11143,8.26
CA_1,HOBBIES_1_086,11144,8.26
CA_1,HOBBIES_1_086,11145,8.26
CA_1,HOBBIES_1_086,11146,8.26
CA_1,HOBBIES_1_086,11147,8.26
CA_1,HOBBIES_1_086,11148,8.26
CA_1,HOBBIES_1_086,11149,8.26
CA_1,HOBBIES_1_086,11150,8.26
CA_1,HOBBIES_1_086,11151,8.26
CA_1,HOBBIES_1_086,11152,8.26
CA_1,HOBBIES_1_086,11201,8.26
CA_1,HOBBIES_1_086,11202,8.26
CA_1,HOBBIES_1_086,11203,8.26
CA_1,HOBBIES_1_086,11204,8.26
CA_1,HOBBIES_1_086,11205,8.26
CA_1,HOBBIES_1_086,11206,8.26
CA_1,HOBBIES_1_086,11207,8.26
CA_1,HOBBIES_1_086,11208,8.26
CA_1,HOBBIES_1_086,11209,8.26
CA_1,HOBBIES_1_086,11210,8.26
CA_1,HOBBIES_1_086,11211,8.26
CA_1,HOBBIES_1_086,11212,8.26
CA_1,HOBBIES_1_086,11213,8.26
CA_1,HOBBIES_1_086,11214,8.26
CA_1,HOBBIES_1_086,11215,8.26
CA_1,HOBBIES_1_086,11216,8.26
CA_1,HOBBIES_1_086,11217,8.26
CA_1,HOBBIES_1_086,11218,8.26
CA_1,HOBBIES_1_086,11219,8.26
CA_1,HOBBIES_1_086,11220,8.26
CA_1,HOBBIES_1_086,11221,8.26
CA_1,HOBBIES_1_086,11222,8.26
CA_1,HOBBIES_1_086,11223,8.26
CA_1,HOBBIES_1_086,11224,8.26
CA_1,HOBBIES_1_086,11225,8.26
CA_1,HOBBIES_1_086,11226,8.26
CA_1,HOBBIES_1_086,11227,8.26
CA_1,HOBBIES_1_086,11228,8.26
CA_1,HOBBIES_1_086,11229,8.26
CA_1,HOBBIES_1_086,11230,8.26
CA_1,HOBBIES_1_086,11231,8.26
CA_1,HOBBIES_1_086,11232,8.26
CA_1,HOBBIES_1_086,11233,8.26
CA_1,HOBBIES_1_086,11234,8.26
CA_1,HOBBIES_1_086,11235,8.26
CA_1,HOBBIES_1_086,11236,8.26
CA_1,HOBBIES_1_086,11237,8.26
CA_1,HOBBIES_1_086,11238,8.26
CA_1,HOBBIES_1_086,11239,8.26
CA_1,HOBBIES_1_086,11240,8.26
CA_1,HOBBIES_1_086,11241,8.26
CA_1,HOBBIES_1_086,11242,8.26
CA_1,HOBBIES_1_086,11243,8.26
CA_1,HOBBIES_1_086,11244,8.26
CA_1,HOBBIES_1_086,11245,8.26
CA_1,HOBBIES_1_086,11246,8.26
CA_1,HOBBIES_1_086,11247,8.26
CA_1,HOBBIES_1_086,11248,8.26
CA_1,HOBBIES_1_086,11249,8.26
CA_1,HOBBIES_1_086,11250,8.26
CA_1,HOBBIES_1_086,11251,8.26
CA_1,HOBBIES_1_086,11252,8.26
CA_1,HOBBIES_1_086,11301,8.26
CA_1,HOBBIES_1_086,11302,8.26
CA_1,HOBBIES_1_086,11303,8.26
CA_1,HOBBIES_1_086,11304,8.26
CA_1,HOBBIES_1_086,11305,8.26
CA_1,HOBBIES_1_086,11306,8.26
CA_1,HOBBIES_1_086,11307,8.26
CA_1,HOBBIES_1_086,11308,8.26
CA_1,HOBBIES_1_086,11309,8.26
CA_1,HOBBIES_1_086,11310,8.26
CA_1,HOBBIES_1_086,11311,8.26
CA_1,HOBBIES_1_086,11312,8.26
CA_1,HOBBIES_1_086,11313,8.26
CA_1,HOBBIES_1_086,11314,8.26
CA_1,HOBBIES_1_086,11315,8.26
CA_1,HOBBIES_1_086,11316,8.26
CA_1,HOBBIES_1_086,11317,8.26
CA_1,HOBBIES_1_086,11318,8.26
CA_1,HOBBIES_1_086,11319,8.26
CA_1,HOBBIES_1_086,11320,8.26
CA_1,HOBBIES_1_086,11321,8.26
CA_1,HOBBIES_1_086,11322,8.26
CA_1,HOBBIES_1_086,11323,8.26
CA_1,HOBBIES_1_086,11324,8.26
CA_1,HOBBIES_1_086,11325,8.26
CA_1,HOBBIES_1_086,11326,8.26
CA_1,HOBBIES_1_086,11327,8.26
CA_1,HOBBIES_1_086,11328,8.26
CA_1,HOBBIES_1_086,11329,8.26
CA_1,HOBBIES_1_086,11330,8.26
CA_1,HOBBIES_1_086,11331,8.26
CA_1,HOBBIES_1_086,11332,8.26
CA_1,HOBBIES_1_086,11333,8.26
CA_1,HOBBIES_1_086,11334,8.26
CA_1,HOBBIES_1_086,11335,8.26
CA_1,HOBBIES_1_086,11336,8.26
CA_1,HOBBIES_1_086,11337,8.26
CA_1,HOBBIES_1_086,11338,8.26
CA_1,HOBBIES_1_086,11339,8.26
CA_1,HOBBIES_1_086,11340,8.26
CA_1,HOBBIES_1_086,11341,8.26
CA_1,HOBBIES_1_086,11342,8.26
CA_1,HOBBIES_1_086,11343,8.26
CA_1,HOBBIES_1_086,11344,8.26
CA_1,HOBBIES_1_086,11345,8.26
CA_1,HOBBIES_1_086,11346,8.26
CA_1,HOBBIES_1_086,11347,8.26
CA_1,HOBBIES_1_086,11348,8.26
CA_1,HOBBIES_1_086,11349,8.26
CA_1,HOBBIES_1_086,11350,8.26
CA_1,HOBBIES_1_086,11351,8.26
CA_1,HOBBIES_1_086,11352,8.26
CA_1,HOBBIES_1_086,11353,8.26
CA_1,HOBBIES_1_086,11401,8.26
CA_1,HOBBIES_1_086,11402,8.26
CA_1,HOBBIES_1_086,11403,8.26
CA_1,HOBBIES_1_086,11404,8.26
CA_1,HOBBIES_1_086,11405,8.26
CA_1,HOBBIES_1_086,11406,8.26
CA_1,HOBBIES_1_086,11407,8.26
CA_1,HOBBIES_1_086,11408,8.26
CA_1,HOBBIES_1_086,11409,8.26
CA_1,HOBBIES_1_086,11410,8.26
CA_1,HOBBIES_1_086,11411,8.26
CA_1,HOBBIES_1_086,11412,8.26
CA_1,HOBBIES_1_086,11413,8.26
CA_1,HOBBIES_1_086,11414,8.26
CA_1,HOBBIES_1_086,11415,8.26
CA_1,HOBBIES_1_086,11416,8.26
CA_1,HOBBIES_1_086,11417,8.26
CA_1,HOBBIES_1_086,11418,8.26
CA_1,HOBBIES_1_086,11419,8.26
CA_1,HOBBIES_1_086,11420,8.26
CA_1,HOBBIES_1_086,11421,8.26
CA_1,HOBBIES_1_086,11422,8.26
CA_1,HOBBIES_1_086,11423,8.26
CA_1,HOBBIES_1_086,11424,8.26
CA_1,HOBBIES_1_086,11425,8.26
CA_1,HOBBIES_1_086,11426,8.26
CA_1,HOBBIES_1_086,11427,8.26
CA_1,HOBBIES_1_086,11428,8.26
CA_1,HOBBIES_1_086,11429,8.26
CA_1,HOBBIES_1_086,11430,8.26
CA_1,HOBBIES_1_086,11431,8.26
CA_1,HOBBIES_1_086,11432,8.26
CA_1,HOBBIES_1_086,11433,8.26
CA_1,HOBBIES_1_086,11434,8.26
CA_1,HOBBIES_1_086,11435,8.26
CA_1,HOBBIES_1_086,11436,8.26
CA_1,HOBBIES_1_086,11437,8.26
CA_1,HOBBIES_1_086,11438,8.26
CA_1,HOBBIES_1_086,11439,8.26
CA_1,HOBBIES_1_086,11440,8.26
CA_1,HOBBIES_1_086,11441,8.26
CA_1,HOBBIES_1_086,11442,8.26
CA_1,HOBBIES_1_086,11443,8.26
CA_1,HOBBIES_1_086,11444,8.26
CA_1,HOBBIES_1_086,11445,8.26
CA_1,HOBBIES_1_086,11446,8.26
CA_1,HOBBIES_1_086,11447,8.26
CA_1,HOBBIES_1_086,11448,8.26
CA_1,HOBBIES_1_086,11449,8.26
CA_1,HOBBIES_1_086,11450,8.26
CA_1,HOBBIES_1_086,11451,8.26
CA_1,HOBBIES_1_086,11452,8.26
CA_1,HOBBIES_1_086,11501,8.26
CA_1,HOBBIES_1_086,11502,8.26
CA_1,HOBBIES_1_086,11503,8.26
CA_1,HOBBIES_1_086,11504,8.26
CA_1,HOBBIES_1_086,11505,8.26
CA_1,HOBBIES_1_086,11506,8.26
CA_1,HOBBIES_1_086,11507,8.26
CA_1,HOBBIES_1_086,11508,8.26
CA_1,HOBBIES_1_086,11509,8.26
CA_1,HOBBIES_1_086,11510,8.26
CA_1,HOBBIES_1_086,11511,8.26
CA_1,HOBBIES_1_086,11512,8.26
CA_1,HOBBIES_1_086,11513,8.26
CA_1,HOBBIES_1_086,11514,8.26
CA_1,HOBBIES_1_086,11515,8.26
CA_1,HOBBIES_1_086,11516,8.26
CA_1,HOBBIES_1_086,11517,8.26
CA_1,HOBBIES_1_086,11518,8.26
CA_1,HOBBIES_1_086,11519,8.26
CA_1,HOBBIES_1_086,11520,8.26
CA_1,HOBBIES_1_086,11521,8.26
CA_1,HOBBIES_1_086,11522,8.26
CA_1,HOBBIES_1_086,11523,8.26
CA_1,HOBBIES_1_086,11524,8.26
CA_1,HOBBIES_1_086,11525,8.26
CA_1,HOBBIES_1_086,11526,8.26
CA_1,HOBBIES_1_086,11527,8.26
CA_1,HOBBIES_1_086,11528,8.26
CA_1,HOBBIES_1_086,11529,8.26
CA_1,HOBBIES_1_086,11530,8.26
CA_1,HOBBIES_1_086,11531,8.26
CA_1,HOBBIES_1_086,11532,8.26
CA_1,HOBBIES_1_086,11533,8.26
CA_1,HOBBIES_1_086,11534,8.26
CA_1,HOBBIES_1_086,11535,8.26
CA_1,HOBBIES_1_086,11536,8.26
CA_1,HOBBIES_1_086,11537,8.26
CA_1,HOBBIES_1_086,11538,8.26
CA_1,HOBBIES_1_086,11539,8.26
CA_1,HOBBIES_1_086,11540,8.26
CA_1,HOBBIES_1_086,11541,8.26
CA_1,HOBBIES_1_086,11542,8.26
CA_1,HOBBIES_1_086,11543,8.26
CA_1,HOBBIES_1_086,11544,8.26
CA_1,HOBBIES_1_086,11545,8.26
CA_1,HOBBIES_1_086,11546,8.26
CA_1,HOBBIES_1_086,11547,8.26
CA_1,HOBBIES_1_086,11548,8.26
CA_1,HOBBIES_1_086,11549,8.26
CA_1,HOBBIES_1_086,11550,8.26
CA_1,HOBBIES_1_086,11551,8.26
CA_1,HOBBIES_1_086,11552,8.26
CA_1,HOBBIES_1_086,11601,8.26
CA_1,HOBBIES_1_086,11602,8.26
CA_1,HOBBIES_1_086,11603,8.26
CA_1,HOBBIES_1_086,11604,8.26
CA_1,HOBBIES_1_086,11605,8.26
CA_1,HOBBIES_1_086,11606,8.26
CA_1,HOBBIES_1_086,11607,8.26
CA_1,HOBBIES_1_086,11608,8.26
CA_1,HOBBIES_1_086,11609,8.26
CA_1,HOBBIES_1_086,11610,8.26
CA_1,HOBBIES_1_086,11611,8.38
CA_1,HOBBIES_1_086,11612,8.38
CA_1,HOBBIES_1_086,11613,8.38
CA_1,HOBBIES_1_086,11614,8.38
CA_1,HOBBIES_1_086,11615,8.38
CA_1,HOBBIES_1_086,11616,8.38
CA_1,HOBBIES_1_086,11617,8.38
CA_1,HOBBIES_1_086,11618,8.38
CA_1,HOBBIES_1_086,11619,8.38
CA_1,HOBBIES_1_086,11620,8.38
CA_1,HOBBIES_1_086,11621,8.38
CA_1,HOBBIES_1_087,11223,12.44
CA_1,HOBBIES_1_087,11224,12.44
CA_1,HOBBIES_1_087,11225,12.44
CA_1,HOBBIES_1_087,11226,12.44
CA_1,HOBBIES_1_087,11227,12.44
CA_1,HOBBIES_1_087,11228,12.44
CA_1,HOBBIES_1_087,11229,12.44
CA_1,HOBBIES_1_087,11230,12.44
CA_1,HOBBIES_1_087,11231,12.44
CA_1,HOBBIES_1_087,11232,12.44
CA_1,HOBBIES_1_087,11233,12.44
CA_1,HOBBIES_1_087,11234,12.44
CA_1,HOBBIES_1_087,11235,12.44
CA_1,HOBBIES_1_087,11236,12.44
CA_1,HOBBIES_1_087,11237,12.44
CA_1,HOBBIES_1_087,11238,12.44
CA_1,HOBBIES_1_087,11239,12.44
CA_1,HOBBIES_1_087,11240,12.44
CA_1,HOBBIES_1_087,11241,12.44
CA_1,HOBBIES_1_087,11242,12.44
CA_1,HOBBIES_1_087,11243,12.44
CA_1,HOBBIES_1_087,11244,12.44
CA_1,HOBBIES_1_087,11245,12.88
CA_1,HOBBIES_1_087,11246,12.88
CA_1,HOBBIES_1_087,11247,12.88
CA_1,HOBBIES_1_087,11248,12.88
CA_1,HOBBIES_1_087,11249,12.88
CA_1,HOBBIES_1_087,11250,12.88
CA_1,HOBBIES_1_087,11251,12.88
CA_1,HOBBIES_1_087,11252,12.88
CA_1,HOBBIES_1_087,11301,12.88
CA_1,HOBBIES_1_087,11302,12.88
CA_1,HOBBIES_1_087,11303,12.88
CA_1,HOBBIES_1_087,11304,12.88
CA_1,HOBBIES_1_087,11305,12.88
CA_1,HOBBIES_1_087,11306,12.88
CA_1,HOBBIES_1_087,11307,12.88
CA_1,HOBBIES_1_087,11308,12.88
CA_1,HOBBIES_1_087,11309,12.88
CA_1,HOBBIES_1_087,11310,12.88
CA_1,HOBBIES_1_087,11311,12.88
CA_1,HOBBIES_1_087,11312,12.88
CA_1,HOBBIES_1_087,11313,12.88
CA_1,HOBBIES_1_087,11314,12.88
CA_1,HOBBIES_1_087,11315,12.88
CA_1,HOBBIES_1_087,11316,12.88
CA_1,HOBBIES_1_087,11317,12.88
CA_1,HOBBIES_1_087,11318,12.88
CA_1,HOBBIES_1_087,11319,12.88
CA_1,HOBBIES_1_087,11320,12.88
CA_1,HOBBIES_1_087,11321,12.88
CA_1,HOBBIES_1_087,11322,12.88
CA_1,HOBBIES_1_087,11323,12.88
CA_1,HOBBIES_1_087,11324,12.88
CA_1,HOBBIES_1_087,11325,12.88
CA_1,HOBBIES_1_087,11326,12.88
CA_1,HOBBIES_1_087,11327,12.88
CA_1,HOBBIES_1_087,11328,12.88
CA_1,HOBBIES_1_087,11329,12.88
CA_1,HOBBIES_1_087,11330,12.88
CA_1,HOBBIES_1_087,11331,12.88
CA_1,HOBBIES_1_087,11332,12.88
CA_1,HOBBIES_1_087,11333,12.88
CA_1,HOBBIES_1_087,11334,12.88
CA_1,HOBBIES_1_087,11335,12.88
CA_1,HOBBIES_1_087,11336,12.88
CA_1,HOBBIES_1_087,11337,12.88
CA_1,HOBBIES_1_087,11338,12.88
CA_1,HOBBIES_1_087,11339,12.88
CA_1,HOBBIES_1_087,11340,12.88
CA_1,HOBBIES_1_087,11341,12.88
CA_1,HOBBIES_1_087,11342,12.88
CA_1,HOBBIES_1_087,11343,12.88
CA_1,HOBBIES_1_087,11344,12.88
CA_1,HOBBIES_1_087,11345,12.88
CA_1,HOBBIES_1_087,11346,12.88
CA_1,HOBBIES_1_087,11347,12.88
CA_1,HOBBIES_1_087,11348,12.88
CA_1,HOBBIES_1_087,11349,12.88
CA_1,HOBBIES_1_087,11350,12.88
CA_1,HOBBIES_1_087,11351,12.88
CA_1,HOBBIES_1_087,11352,12.88
CA_1,HOBBIES_1_087,11353,12.88
CA_1,HOBBIES_1_087,11401,12.88
CA_1,HOBBIES_1_087,11402,12.88
CA_1,HOBBIES_1_087,11403,12.88
CA_1,HOBBIES_1_087,11404,12.88
CA_1,HOBBIES_1_087,11405,12.88
CA_1,HOBBIES_1_087,11406,12.88
CA_1,HOBBIES_1_087,11407,12.88
CA_1,HOBBIES_1_087,11408,12.88
CA_1,HOBBIES_1_087,11409,12.88
CA_1,HOBBIES_1_087,11410,12.88
CA_1,HOBBIES_1_087,11411,12.88
CA_1,HOBBIES_1_087,11412,12.88
CA_1,HOBBIES_1_087,11413,12.88
CA_1,HOBBIES_1_087,11414,12.88
CA_1,HOBBIES_1_087,11415,12.88
CA_1,HOBBIES_1_087,11416,12.88
CA_1,HOBBIES_1_087,11417,12.88
CA_1,HOBBIES_1_087,11418,12.88
CA_1,HOBBIES_1_087,11419,12.88
CA_1,HOBBIES_1_087,11420,12.88
CA_1,HOBBIES_1_087,11421,12.88
CA_1,HOBBIES_1_087,11422,12.88
CA_1,HOBBIES_1_087,11423,12.88
CA_1,HOBBIES_1_087,11424,12.88
CA_1,HOBBIES_1_087,11425,12.88
CA_1,HOBBIES_1_087,11426,12.88
CA_1,HOBBIES_1_087,11427,12.88
CA_1,HOBBIES_1_087,11428,12.88
CA_1,HOBBIES_1_087,11429,12.88
CA_1,HOBBIES_1_087,11430,12.88
CA_1,HOBBIES_1_087,11431,12.88
CA_1,HOBBIES_1_087,11432,12.88
CA_1,HOBBIES_1_087,11433,12.88
CA_1,HOBBIES_1_087,11434,12.88
CA_1,HOBBIES_1_087,11435,12.88
CA_1,HOBBIES_1_087,11436,12.88
CA_1,HOBBIES_1_087,11437,12.88
CA_1,HOBBIES_1_087,11438,12.88
CA_1,HOBBIES_1_087,11439,12.88
CA_1,HOBBIES_1_087,11440,12.88
CA_1,HOBBIES_1_087,11441,12.88
CA_1,HOBBIES_1_087,11442,12.88
CA_1,HOBBIES_1_087,11443,12.88
CA_1,HOBBIES_1_087,11444,12.88
CA_1,HOBBIES_1_087,11445,12.88
CA_1,HOBBIES_1_087,11446,12.88
CA_1,HOBBIES_1_087,11447,12.88
CA_1,HOBBIES_1_087,11448,12.88
CA_1,HOBBIES_1_087,11449,12.88
CA_1,HOBBIES_1_087,11450,12.88
CA_1,HOBBIES_1_087,11451,12.88
CA_1,HOBBIES_1_087,11452,12.88
CA_1,HOBBIES_1_087,11501,12.88
CA_1,HOBBIES_1_087,11502,12.88
CA_1,HOBBIES_1_087,11503,12.88
CA_1,HOBBIES_1_087,11504,12.88
CA_1,HOBBIES_1_087,11505,12.88
CA_1,HOBBIES_1_087,11506,12.88
CA_1,HOBBIES_1_087,11507,12.88
CA_1,HOBBIES_1_087,11508,12.88
CA_1,HOBBIES_1_087,11509,12.88
CA_1,HOBBIES_1_087,11510,12.88
CA_1,HOBBIES_1_087,11511,12.88
CA_1,HOBBIES_1_087,11512,12.88
CA_1,HOBBIES_1_087,11513,12.88
CA_1,HOBBIES_1_087,11514,12.88
CA_1,HOBBIES_1_087,11515,12.88
CA_1,HOBBIES_1_087,11516,12.88
CA_1,HOBBIES_1_087,11517,12.88
CA_1,HOBBIES_1_087,11518,12.88
CA_1,HOBBIES_1_087,11519,12.88
CA_1,HOBBIES_1_087,11520,12.88
CA_1,HOBBIES_1_087,11521,12.88
CA_1,HOBBIES_1_087,11522,12.88
CA_1,HOBBIES_1_087,11523,12.88
CA_1,HOBBIES_1_087,11524,12.88
CA_1,HOBBIES_1_087,11525,12.88
CA_1,HOBBIES_1_087,11526,12.88
CA_1,HOBBIES_1_087,11527,12.88
CA_1,HOBBIES_1_087,11528,12.88
CA_1,HOBBIES_1_087,11529,12.88
CA_1,HOBBIES_1_087,11530,12.88
CA_1,HOBBIES_1_087,11531,12.88
CA_1,HOBBIES_1_087,11532,12.88
CA_1,HOBBIES_1_087,11533,12.88
CA_1,HOBBIES_1_087,11534,12.88
CA_1,HOBBIES_1_087,11535,12.88
CA_1,HOBBIES_1_087,11536,12.88
CA_1,HOBBIES_1_087,11537,12.88
CA_1,HOBBIES_1_087,11538,12.88
CA_1,HOBBIES_1_087,11539,12.88
CA_1,HOBBIES_1_087,11540,12.88
CA_1,HOBBIES_1_087,11541,12.88
CA_1,HOBBIES_1_087,11542,12.88
CA_1,HOBBIES_1_087,11543,12.88
CA_1,HOBBIES_1_087,11544,12.88
CA_1,HOBBIES_1_087,11545,12.88
CA_1,HOBBIES_1_087,11546,12.88
CA_1,HOBBIES_1_087,11547,12.88
CA_1,HOBBIES_1_087,11548,12.88
CA_1,HOBBIES_1_087,11549,12.88
CA_1,HOBBIES_1_087,11550,12.88
CA_1,HOBBIES_1_087,11551,12.88
CA_1,HOBBIES_1_087,11552,12.88
CA_1,HOBBIES_1_087,11601,12.88
CA_1,HOBBIES_1_087,11602,12.88
CA_1,HOBBIES_1_087,11603,12.88
CA_1,HOBBIES_1_087,11604,12.88
CA_1,HOBBIES_1_087,11605,12.88
CA_1,HOBBIES_1_087,11606,12.88
CA_1,HOBBIES_1_087,11607,12.88
CA_1,HOBBIES_1_087,11608,12.88
CA_1,HOBBIES_1_087,11609,12.88
CA_1,HOBBIES_1_087,11610,12.88
CA_1,HOBBIES_1_087,11611,12.88
CA_1,HOBBIES_1_087,11612,12.88
CA_1,HOBBIES_1_087,11613,12.88
CA_1,HOBBIES_1_087,11614,12.88
CA_1,HOBBIES_1_087,11615,12.88
CA_1,HOBBIES_1_087,11616,12.88
CA_1,HOBBIES_1_087,11617,12.88
CA_1,HOBBIES_1_087,11618,12.88
CA_1,HOBBIES_1_087,11619,12.88
CA_1,HOBBIES_1_087,11620,12.88
CA_1,HOBBIES_1_087,11621,12.88
CA_1,HOBBIES_1_088,11101,2.57
CA_1,HOBBIES_1_088,11102,2.57
CA_1,HOBBIES_1_088,11103,2.57
CA_1,HOBBIES_1_088,11104,2.57
CA_1,HOBBIES_1_088,11105,2.57
CA_1,HOBBIES_1_088,11106,2.57
CA_1,HOBBIES_1_088,11107,2.57
CA_1,HOBBIES_1_088,11108,2.57
CA_1,HOBBIES_1_088,11109,2.57
CA_1,HOBBIES_1_088,11110,2.57
CA_1,HOBBIES_1_088,11111,2.57
CA_1,HOBBIES_1_088,11112,2.57
CA_1,HOBBIES_1_088,11113,2.57
CA_1,HOBBIES_1_088,11114,2.57
CA_1,HOBBIES_1_088,11115,2.57
CA_1,HOBBIES_1_088,11116,2.57
CA_1,HOBBIES_1_088,11117,2.57
CA_1,HOBBIES_1_088,11118,2.57
CA_1,HOBBIES_1_088,11119,2.57
CA_1,HOBBIES_1_088,11120,2.57
CA_1,HOBBIES_1_088,11121,2.57
CA_1,HOBBIES_1_088,11122,2.57
CA_1,HOBBIES_1_088,11123,2.57
CA_1,HOBBIES_1_088,11124,2.57
CA_1,HOBBIES_1_088,11125,2.57
CA_1,HOBBIES_1_088,11126,2.57
CA_1,HOBBIES_1_088,11127,2.57
CA_1,HOBBIES_1_088,11128,2.57
CA_1,HOBBIES_1_088,11129,2.57
CA_1,HOBBIES_1_088,11130,2.57
CA_1,HOBBIES_1_088,11131,2.57
CA_1,HOBBIES_1_088,11132,2.57
CA_1,HOBBIES_1_088,11133,2.57
CA_1,HOBBIES_1_088,11134,2.57
CA_1,HOBBIES_1_088,11135,2.57
CA_1,HOBBIES_1_088,11136,2.57
CA_1,HOBBIES_1_088,11137,2.57
CA_1,HOBBIES_1_088,11138,2.57
CA_1,HOBBIES_1_088,11139,2.57
CA_1,HOBBIES_1_088,11140,2.57
CA_1,HOBBIES_1_088,11141,2.57
CA_1,HOBBIES_1_088,11142,2.57
CA_1,HOBBIES_1_088,11143,2.57
CA_1,HOBBIES_1_088,11144,2.57
CA_1,HOBBIES_1_088,11145,2.57
CA_1,HOBBIES_1_088,11146,2.57
CA_1,HOBBIES_1_088,11147,2.57
CA_1,HOBBIES_1_088,11148,2.57
CA_1,HOBBIES_1_088,11149,2.57
CA_1,HOBBIES_1_088,11150,2.57
CA_1,HOBBIES_1_088,11151,2.57
CA_1,HOBBIES_1_088,11152,2.57
CA_1,HOBBIES_1_088,11201,2.57
CA_1,HOBBIES_1_088,11202,2.57
CA_1,HOBBIES_1_088,11203,2.57
CA_1,HOBBIES_1_088,11204,2.57
CA_1,HOBBIES_1_088,11205,2.57
CA_1,HOBBIES_1_088,11206,2.57
CA_1,HOBBIES_1_088,11207,2.57
CA_1,HOBBIES_1_088,11208,2.57
CA_1,HOBBIES_1_088,11209,2.57
CA_1,HOBBIES_1_088,11210,2.57
CA_1,HOBBIES_1_088,11211,2.57
CA_1,HOBBIES_1_088,11212,2.57
CA_1,HOBBIES_1_088,11213,2.57
CA_1,HOBBIES_1_088,11214,2.57
CA_1,HOBBIES_1_088,11215,2.57
CA_1,HOBBIES_1_088,11216,2.57
CA_1,HOBBIES_1_088,11217,2.57
CA_1,HOBBIES_1_088,11218,2.57
CA_1,HOBBIES_1_088,11219,2.57
CA_1,HOBBIES_1_088,11220,2.57
CA_1,HOBBIES_1_088,11221,2.57
CA_1,HOBBIES_1_088,11222,2.57
CA_1,HOBBIES_1_088,11223,2.57
CA_1,HOBBIES_1_088,11224,2.57
CA_1,HOBBIES_1_088,11225,2.57
CA_1,HOBBIES_1_088,11226,2.57
CA_1,HOBBIES_1_088,11227,2.57
CA_1,HOBBIES_1_088,11228,2.57
CA_1,HOBBIES_1_088,11229,2.57
CA_1,HOBBIES_1_088,11230,2.57
CA_1,HOBBIES_1_088,11231,2.57
CA_1,HOBBIES_1_088,11232,2.57
CA_1,HOBBIES_1_088,11233,2.57
CA_1,HOBBIES_1_088,11234,2.57
CA_1,HOBBIES_1_088,11235,2.57
CA_1,HOBBIES_1_088,11236,2.57
CA_1,HOBBIES_1_088,11237,2.57
CA_1,HOBBIES_1_088,11238,2.57
CA_1,HOBBIES_1_088,11239,2.57
CA_1,HOBBIES_1_088,11240,2.57
CA_1,HOBBIES_1_088,11241,2.57
CA_1,HOBBIES_1_088,11242,2.57
CA_1,HOBBIES_1_088,11243,2.57
CA_1,HOBBIES_1_088,11244,2.57
CA_1,HOBBIES_1_088,11245,2.57
CA_1,HOBBIES_1_088,11246,2.57
CA_1,HOBBIES_1_088,11247,2.57
CA_1,HOBBIES_1_088,11248,2.57
CA_1,HOBBIES_1_088,11249,2.57
CA_1,HOBBIES_1_088,11250,2.57
CA_1,HOBBIES_1_088,11251,2.57
CA_1,HOBBIES_1_088,11252,2.57
CA_1,HOBBIES_1_088,11301,2.57
CA_1,HOBBIES_1_088,11302,2.57
CA_1,HOBBIES_1_088,11303,2.57
CA_1,HOBBIES_1_088,11304,2.57
CA_1,HOBBIES_1_088,11305,2.57
CA_1,HOBBIES_1_088,11306,2.57
CA_1,HOBBIES_1_088,11307,2.57
CA_1,HOBBIES_1_088,11308,2.57
CA_1,HOBBIES_1_088,11309,2.57
CA_1,HOBBIES_1_088,11310,2.57
CA_1,HOBBIES_1_088,11311,2.57
CA_1,HOBBIES_1_088,11312,2.57
CA_1,HOBBIES_1_088,11313,2.57
CA_1,HOBBIES_1_088,11314,2.57
CA_1,HOBBIES_1_088,11315,2.57
CA_1,HOBBIES_1_088,11316,2.57
CA_1,HOBBIES_1_088,11317,2.57
CA_1,HOBBIES_1_088,11318,2.57
CA_1,HOBBIES_1_088,11319,2.57
CA_1,HOBBIES_1_088,11320,2.57
CA_1,HOBBIES_1_088,11321,2.57
CA_1,HOBBIES_1_088,11322,2.57
CA_1,HOBBIES_1_088,11323,2.57
CA_1,HOBBIES_1_088,11324,2.57
CA_1,HOBBIES_1_088,11325,2.57
CA_1,HOBBIES_1_088,11326,2.57
CA_1,HOBBIES_1_088,11327,2.57
CA_1,HOBBIES_1_088,11328,2.57
CA_1,HOBBIES_1_088,11329,2.57
CA_1,HOBBIES_1_088,11330,2.57
CA_1,HOBBIES_1_088,11331,2.57
CA_1,HOBBIES_1_088,11332,2.57
CA_1,HOBBIES_1_088,11333,2.57
CA_1,HOBBIES_1_088,11334,2.57
CA_1,HOBBIES_1_088,11335,2.57
CA_1,HOBBIES_1_088,11336,2.57
CA_1,HOBBIES_1_088,11337,2.57
CA_1,HOBBIES_1_088,11338,2.57
CA_1,HOBBIES_1_088,11339,2.57
CA_1,HOBBIES_1_088,11340,2.57
CA_1,HOBBIES_1_088,11341,2.57
CA_1,HOBBIES_1_088,11342,2.57
CA_1,HOBBIES_1_088,11343,2.57
CA_1,HOBBIES_1_088,11344,2.57
CA_1,HOBBIES_1_088,11345,2.57
CA_1,HOBBIES_1_088,11346,2.57
CA_1,HOBBIES_1_088,11347,2.57
CA_1,HOBBIES_1_088,11348,2.57
CA_1,HOBBIES_1_088,11349,2.57
CA_1,HOBBIES_1_088,11350,2.57
CA_1,HOBBIES_1_088,11351,2.57
CA_1,HOBBIES_1_088,11352,2.57
CA_1,HOBBIES_1_088,11353,2.57
CA_1,HOBBIES_1_088,11401,2.57
CA_1,HOBBIES_1_088,11402,2.57
CA_1,HOBBIES_1_088,11403,2.57
CA_1,HOBBIES_1_088,11404,2.57
CA_1,HOBBIES_1_088,11405,2.57
CA_1,HOBBIES_1_088,11406,2.57
CA_1,HOBBIES_1_088,11407,2.57
CA_1,HOBBIES_1_088,11408,2.57
CA_1,HOBBIES_1_088,11409,2.57
CA_1,HOBBIES_1_088,11410,2.57
CA_1,HOBBIES_1_088,11411,2.57
CA_1,HOBBIES_1_088,11412,2.57
CA_1,HOBBIES_1_088,11413,2.57
CA_1,HOBBIES_1_088,11414,2.57
CA_1,HOBBIES_1_088,11415,2.57
CA_1,HOBBIES_1_088,11416,2.57
CA_1,HOBBIES_1_088,11417,2.57
CA_1,HOBBIES_1_088,11418,2.57
CA_1,HOBBIES_1_088,11419,2.57
CA_1,HOBBIES_1_088,11420,2.57
CA_1,HOBBIES_1_088,11421,2.57
CA_1,HOBBIES_1_088,11422,2.57
CA_1,HOBBIES_1_088,11423,2.57
CA_1,HOBBIES_1_088,11424,2.57
CA_1,HOBBIES_1_088,11425,2.57
CA_1,HOBBIES_1_088,11426,2.57
CA_1,HOBBIES_1_088,11427,2.57
CA_1,HOBBIES_1_088,11428,2.57
CA_1,HOBBIES_1_088,11429,2.57
CA_1,HOBBIES_1_088,11430,2.57
CA_1,HOBBIES_1_088,11431,2.57
CA_1,HOBBIES_1_088,11432,2.57
CA_1,HOBBIES_1_088,11433,2.57
CA_1,HOBBIES_1_088,11434,2.57
CA_1,HOBBIES_1_088,11435,2.57
CA_1,HOBBIES_1_088,11436,2.57
CA_1,HOBBIES_1_088,11437,2.57
CA_1,HOBBIES_1_088,11438,2.57
CA_1,HOBBIES_1_088,11439,2.57
CA_1,HOBBIES_1_088,11440,2.57
CA_1,HOBBIES_1_088,11441,2.57
CA_1,HOBBIES_1_088,11442,2.57
CA_1,HOBBIES_1_088,11443,2.57
CA_1,HOBBIES_1_088,11444,2.57
CA_1,HOBBIES_1_088,11445,2.57
CA_1,HOBBIES_1_088,11446,2.57
CA_1,HOBBIES_1_088,11447,2.57
CA_1,HOBBIES_1_088,11448,2.57
CA_1,HOBBIES_1_088,11449,2.57
CA_1,HOBBIES_1_088,11450,2.57
CA_1,HOBBIES_1_088,11451,2.57
CA_1,HOBBIES_1_088,11452,2.57
CA_1,HOBBIES_1_088,11501,2.57
CA_1,HOBBIES_1_088,11502,2.57
CA_1,HOBBIES_1_088,11503,2.57
CA_1,HOBBIES_1_088,11504,2.57
CA_1,HOBBIES_1_088,11505,2.57
CA_1,HOBBIES_1_088,11506,2.57
CA_1,HOBBIES_1_088,11507,2.57
CA_1,HOBBIES_1_088,11508,2.57
CA_1,HOBBIES_1_088,11509,2.57
CA_1,HOBBIES_1_088,11510,2.57
CA_1,HOBBIES_1_088,11511,2.57
CA_1,HOBBIES_1_088,11512,2.57
CA_1,HOBBIES_1_088,11513,2.57
CA_1,HOBBIES_1_088,11514,2.57
CA_1,HOBBIES_1_088,11515,2.57
CA_1,HOBBIES_1_088,11516,2.57
CA_1,HOBBIES_1_088,11517,2.57
CA_1,HOBBIES_1_088,11518,2.57
CA_1,HOBBIES_1_088,11519,2.57
CA_1,HOBBIES_1_088,11520,2.57
CA_1,HOBBIES_1_088,11521,2.57
CA_1,HOBBIES_1_088,11522,2.57
CA_1,HOBBIES_1_088,11523,2.57
CA_1,HOBBIES_1_088,11524,2.57
CA_1,HOBBIES_1_088,11525,2.57
CA_1,HOBBIES_1_088,11526,2.57
CA_1,HOBBIES_1_088,11527,2.57
CA_1,HOBBIES_1_088,11528,2.57
CA_1,HOBBIES_1_088,11529,2.57
CA_1,HOBBIES_1_088,11530,2.57
CA_1,HOBBIES_1_088,11531,2.57
CA_1,HOBBIES_1_088,11532,2.57
CA_1,HOBBIES_1_088,11533,2.57
CA_1,HOBBIES_1_088,11534,2.57
CA_1,HOBBIES_1_088,11535,2.57
CA_1,HOBBIES_1_088,11536,2.57
CA_1,HOBBIES_1_088,11537,2.57
CA_1,HOBBIES_1_088,11538,2.57
CA_1,HOBBIES_1_088,11539,2.57
CA_1,HOBBIES_1_088,11540,2.57
CA_1,HOBBIES_1_088,11541,2.57
CA_1,HOBBIES_1_088,11542,2.57
CA_1,HOBBIES_1_088,11543,2.57
CA_1,HOBBIES_1_088,11544,2.57
CA_1,HOBBIES_1_088,11545,2.57
CA_1,HOBBIES_1_088,11546,2.57
CA_1,HOBBIES_1_088,11547,2.57
CA_1,HOBBIES_1_088,11548,2.57
CA_1,HOBBIES_1_088,11549,2.57
CA_1,HOBBIES_1_088,11550,2.57
CA_1,HOBBIES_1_088,11551,2.57
CA_1,HOBBIES_1_088,11552,2.57
CA_1,HOBBIES_1_088,11601,2.57
CA_1,HOBBIES_1_088,11602,2.57
CA_1,HOBBIES_1_088,11603,2.57
CA_1,HOBBIES_1_088,11604,2.57
CA_1,HOBBIES_1_088,11605,2.57
CA_1,HOBBIES_1_088,11606,2.57
CA_1,HOBBIES_1_088,11607,2.57
CA_1,HOBBIES_1_088,11608,2.57
CA_1,HOBBIES_1_088,11609,2.57
CA_1,HOBBIES_1_088,11610,2.57
CA_1,HOBBIES_1_088,11611,2.57
CA_1,HOBBIES_1_088,11612,2.57
CA_1,HOBBIES_1_088,11613,2.57
CA_1,HOBBIES_1_088,11614,2.57
CA_1,HOBBIES_1_088,11615,2.57
CA_1,HOBBIES_1_088,11616,2.57
CA_1,HOBBIES_1_088,11617,2.57
CA_1,HOBBIES_1_088,11618,2.57
CA_1,HOBBIES_1_088,11619,2.57
CA_1,HOBBIES_1_088,11620,2.57
CA_1,HOBBIES_1_088,11621,2.57
CA_1,HOBBIES_1_089,11101,7.88
CA_1,HOBBIES_1_089,11102,7.88
CA_1,HOBBIES_1_089,11103,7.88
CA_1,HOBBIES_1_089,11104,7.88
CA_1,HOBBIES_1_089,11105,7.88
CA_1,HOBBIES_1_089,11106,7.88
CA_1,HOBBIES_1_089,11107,7.88
CA_1,HOBBIES_1_089,11108,7.88
CA_1,HOBBIES_1_089,11109,7.88
CA_1,HOBBIES_1_089,11110,7.88
CA_1,HOBBIES_1_089,11111,7.88
CA_1,HOBBIES_1_089,11112,7.88
CA_1,HOBBIES_1_089,11113,7.88
CA_1,HOBBIES_1_089,11114,7.88
CA_1,HOBBIES_1_089,11115,7.88
CA_1,HOBBIES_1_089,11116,7.88
CA_1,HOBBIES_1_089,11117,7.88
CA_1,HOBBIES_1_089,11118,7.88
CA_1,HOBBIES_1_089,11119,7.88
CA_1,HOBBIES_1_089,11120,7.88
CA_1,HOBBIES_1_089,11121,7.88
CA_1,HOBBIES_1_089,11122,7.88
CA_1,HOBBIES_1_089,11123,7.88
CA_1,HOBBIES_1_089,11124,7.88
CA_1,HOBBIES_1_089,11125,7.88
CA_1,HOBBIES_1_089,11126,7.88
CA_1,HOBBIES_1_089,11127,7.88
CA_1,HOBBIES_1_089,11128,7.88
CA_1,HOBBIES_1_089,11129,7.88
CA_1,HOBBIES_1_089,11130,7.88
CA_1,HOBBIES_1_089,11131,7.88
CA_1,HOBBIES_1_089,11132,7.88
CA_1,HOBBIES_1_089,11133,7.88
CA_1,HOBBIES_1_089,11134,7.88
CA_1,HOBBIES_1_089,11135,7.88
CA_1,HOBBIES_1_089,11136,7.88
CA_1,HOBBIES_1_089,11137,7.88
CA_1,HOBBIES_1_089,11138,7.88
CA_1,HOBBIES_1_089,11139,7.88
CA_1,HOBBIES_1_089,11140,7.88
CA_1,HOBBIES_1_089,11141,7.88
CA_1,HOBBIES_1_089,11142,7.88
CA_1,HOBBIES_1_089,11143,7.88
CA_1,HOBBIES_1_089,11144,7.88
CA_1,HOBBIES_1_089,11145,7.88
CA_1,HOBBIES_1_089,11146,7.88
CA_1,HOBBIES_1_089,11147,7.88
CA_1,HOBBIES_1_089,11148,7.88
CA_1,HOBBIES_1_089,11149,7.88
CA_1,HOBBIES_1_089,11150,7.88
CA_1,HOBBIES_1_089,11151,7.88
CA_1,HOBBIES_1_089,11152,7.88
CA_1,HOBBIES_1_089,11201,7.88
CA_1,HOBBIES_1_089,11202,7.88
CA_1,HOBBIES_1_089,11203,7.88
CA_1,HOBBIES_1_089,11204,7.88
CA_1,HOBBIES_1_089,11205,7.88
CA_1,HOBBIES_1_089,11206,7.88
CA_1,HOBBIES_1_089,11207,7.88
CA_1,HOBBIES_1_089,11208,7.88
CA_1,HOBBIES_1_089,11209,7.88
CA_1,HOBBIES_1_089,11210,7.88
CA_1,HOBBIES_1_089,11211,7.88
CA_1,HOBBIES_1_089,11212,7.88
CA_1,HOBBIES_1_089,11213,7.88
CA_1,HOBBIES_1_089,11214,7.88
CA_1,HOBBIES_1_089,11215,7.88
CA_1,HOBBIES_1_089,11216,7.88
CA_1,HOBBIES_1_089,11217,7.88
CA_1,HOBBIES_1_089,11218,7.88
CA_1,HOBBIES_1_089,11219,7.88
CA_1,HOBBIES_1_089,11220,7.88
CA_1,HOBBIES_1_089,11221,7.88
CA_1,HOBBIES_1_089,11222,7.88
CA_1,HOBBIES_1_089,11223,7.88
CA_1,HOBBIES_1_089,11224,7.88
CA_1,HOBBIES_1_089,11225,7.88
CA_1,HOBBIES_1_089,11226,7.88
CA_1,HOBBIES_1_089,11227,7.88
CA_1,HOBBIES_1_089,11228,7.88
CA_1,HOBBIES_1_089,11229,7.88
CA_1,HOBBIES_1_089,11230,8.38
CA_1,HOBBIES_1_089,11231,8.38
CA_1,HOBBIES_1_089,11232,8.38
CA_1,HOBBIES_1_089,11233,8.38
CA_1,HOBBIES_1_089,11234,8.38
CA_1,HOBBIES_1_089,11235,8.38
CA_1,HOBBIES_1_089,11236,8.38
CA_1,HOBBIES_1_089,11237,8.38
CA_1,HOBBIES_1_089,11238,8.38
CA_1,HOBBIES_1_089,11239,8.38
CA_1,HOBBIES_1_089,11240,8.38
CA_1,HOBBIES_1_089,11241,8.38
CA_1,HOBBIES_1_089,11242,8.38
CA_1,HOBBIES_1_089,11243,8.38
CA_1,HOBBIES_1_089,11244,8.38
CA_1,HOBBIES_1_089,11245,8.38
CA_1,HOBBIES_1_089,11246,8.38
CA_1,HOBBIES_1_089,11247,8.38
CA_1,HOBBIES_1_089,11248,8.38
CA_1,HOBBIES_1_089,11249,8.38
CA_1,HOBBIES_1_089,11250,8.38
CA_1,HOBBIES_1_089,11251,8.38
CA_1,HOBBIES_1_089,11252,8.38
CA_1,HOBBIES_1_089,11301,8.38
CA_1,HOBBIES_1_089,11302,8.38
CA_1,HOBBIES_1_089,11303,8.38
CA_1,HOBBIES_1_089,11304,8.38
CA_1,HOBBIES_1_089,11305,8.38
CA_1,HOBBIES_1_089,11306,8.38
CA_1,HOBBIES_1_089,11307,8.38
CA_1,HOBBIES_1_089,11308,8.38
CA_1,HOBBIES_1_089,11309,8.38
CA_1,HOBBIES_1_089,11310,8.38
CA_1,HOBBIES_1_089,11311,8.38
CA_1,HOBBIES_1_089,11312,8.38
CA_1,HOBBIES_1_089,11313,8.38
CA_1,HOBBIES_1_089,11314,8.38
CA_1,HOBBIES_1_089,11315,8.38
CA_1,HOBBIES_1_089,11316,8.38
CA_1,HOBBIES_1_089,11317,8.38
CA_1,HOBBIES_1_089,11318,8.38
CA_1,HOBBIES_1_089,11319,8.38
CA_1,HOBBIES_1_089,11320,8.38
CA_1,HOBBIES_1_089,11321,8.38
CA_1,HOBBIES_1_089,11322,8.38
CA_1,HOBBIES_1_089,11323,8.38
CA_1,HOBBIES_1_089,11324,8.38
CA_1,HOBBIES_1_089,11325,7.97
CA_1,HOBBIES_1_089,11326,7.97
CA_1,HOBBIES_1_089,11327,7.97
CA_1,HOBBIES_1_089,11328,7.97
CA_1,HOBBIES_1_089,11329,7.97
CA_1,HOBBIES_1_089,11330,7.97
CA_1,HOBBIES_1_089,11331,7.97
CA_1,HOBBIES_1_089,11332,7.97
CA_1,HOBBIES_1_089,11333,7.97
CA_1,HOBBIES_1_089,11334,7.97
CA_1,HOBBIES_1_089,11335,7.97
CA_1,HOBBIES_1_089,11336,7.97
CA_1,HOBBIES_1_089,11337,7.97
CA_1,HOBBIES_1_089,11338,7.97
CA_1,HOBBIES_1_089,11339,7.97
CA_1,HOBBIES_1_089,11340,7.97
CA_1,HOBBIES_1_089,11341,7.97
CA_1,HOBBIES_1_089,11342,7.97
CA_1,HOBBIES_1_089,11343,7.97
CA_1,HOBBIES_1_089,11344,7.97
CA_1,HOBBIES_1_089,11345,7.97
CA_1,HOBBIES_1_089,11346,7.97
CA_1,HOBBIES_1_089,11347,7.97
CA_1,HOBBIES_1_089,11348,7.97
CA_1,HOBBIES_1_089,11349,7.97
CA_1,HOBBIES_1_089,11350,7.97
CA_1,HOBBIES_1_089,11351,7.97
CA_1,HOBBIES_1_089,11352,7.97
CA_1,HOBBIES_1_089,11353,7.97
CA_1,HOBBIES_1_089,11401,7.97
CA_1,HOBBIES_1_089,11402,7.97
CA_1,HOBBIES_1_089,11403,7.97
CA_1,HOBBIES_1_089,11404,7.97
CA_1,HOBBIES_1_089,11405,7.97
CA_1,HOBBIES_1_089,11406,7.97
CA_1,HOBBIES_1_089,11407,7.97
CA_1,HOBBIES_1_089,11408,7.97
CA_1,HOBBIES_1_089,11409,7.97
CA_1,HOBBIES_1_089,11410,7.97
CA_1,HOBBIES_1_089,11411,7.97
CA_1,HOBBIES_1_089,11412,7.97
CA_1,HOBBIES_1_089,11413,7.97
CA_1,HOBBIES_1_089,11414,7.97
CA_1,HOBBIES_1_089,11415,7.97
CA_1,HOBBIES_1_089,11416,7.97
CA_1,HOBBIES_1_089,11417,7.97
CA_1,HOBBIES_1_089,11418,7.97
CA_1,HOBBIES_1_089,11419,7.97
CA_1,HOBBIES_1_089,11420,7.97
CA_1,HOBBIES_1_089,11421,7.97
CA_1,HOBBIES_1_089,11422,7.97
CA_1,HOBBIES_1_089,11423,7.97
CA_1,HOBBIES_1_089,11424,7.97
CA_1,HOBBIES_1_089,11425,7.97
CA_1,HOBBIES_1_089,11426,7.97
CA_1,HOBBIES_1_089,11427,7.97
CA_1,HOBBIES_1_089,11428,7.97
CA_1,HOBBIES_1_089,11429,7.97
CA_1,HOBBIES_1_089,11430,7.97
CA_1,HOBBIES_1_089,11431,7.97
CA_1,HOBBIES_1_089,11432,7.97
CA_1,HOBBIES_1_089,11433,7.97
CA_1,HOBBIES_1_089,11434,7.97
CA_1,HOBBIES_1_089,11435,7.97
CA_1,HOBBIES_1_089,11436,7.97
CA_1,HOBBIES_1_089,11437,7.97
CA_1,HOBBIES_1_089,11438,7.97
CA_1,HOBBIES_1_089,11439,7.97
CA_1,HOBBIES_1_089,11440,7.97
CA_1,HOBBIES_1_089,11441,7.97
CA_1,HOBBIES_1_089,11442,7.97
CA_1,HOBBIES_1_089,11443,7.97
CA_1,HOBBIES_1_089,11444,7.97
CA_1,HOBBIES_1_089,11445,7.97
CA_1,HOBBIES_1_089,11446,7.97
CA_1,HOBBIES_1_089,11447,7.97
CA_1,HOBBIES_1_089,11448,7.97
CA_1,HOBBIES_1_089,11449,7.97
CA_1,HOBBIES_1_089,11450,7.97
CA_1,HOBBIES_1_089,11451,7.97
CA_1,HOBBIES_1_089,11452,7.97
CA_1,HOBBIES_1_089,11501,7.97
CA_1,HOBBIES_1_089,11502,7.97
CA_1,HOBBIES_1_089,11503,7.97
CA_1,HOBBIES_1_089,11504,7.97
CA_1,HOBBIES_1_089,11505,7.97
CA_1,HOBBIES_1_089,11506,7.97
CA_1,HOBBIES_1_089,11507,7.97
CA_1,HOBBIES_1_089,11508,7.97
CA_1,HOBBIES_1_089,11509,7.97
CA_1,HOBBIES_1_089,11510,7.97
CA_1,HOBBIES_1_089,11511,7.97
CA_1,HOBBIES_1_089,11512,7.97
CA_1,HOBBIES_1_089,11513,7.97
CA_1,HOBBIES_1_089,11514,7.97
CA_1,HOBBIES_1_089,11515,7.97
CA_1,HOBBIES_1_089,11516,7.97
CA_1,HOBBIES_1_089,11517,7.97
CA_1,HOBBIES_1_089,11518,7.97
CA_1,HOBBIES_1_089,11519,7.97
CA_1,HOBBIES_1_089,11520,7.97
CA_1,HOBBIES_1_089,11521,7.97
CA_1,HOBBIES_1_089,11522,7.97
CA_1,HOBBIES_1_089,11523,7.97
CA_1,HOBBIES_1_089,11524,7.97
CA_1,HOBBIES_1_089,11525,7.97
CA_1,HOBBIES_1_089,11526,7.97
CA_1,HOBBIES_1_089,11527,7.97
CA_1,HOBBIES_1_089,11528,7.97
CA_1,HOBBIES_1_089,11529,7.97
CA_1,HOBBIES_1_089,11530,7.97
CA_1,HOBBIES_1_089,11531,7.97
CA_1,HOBBIES_1_089,11532,7.97
CA_1,HOBBIES_1_089,11533,7.97
CA_1,HOBBIES_1_089,11534,7.97
CA_1,HOBBIES_1_089,11535,7.97
CA_1,HOBBIES_1_089,11536,7.97
CA_1,HOBBIES_1_089,11537,7.97
CA_1,HOBBIES_1_089,11538,7.97
CA_1,HOBBIES_1_089,11539,7.97
CA_1,HOBBIES_1_089,11540,7.97
CA_1,HOBBIES_1_089,11541,7.97
CA_1,HOBBIES_1_089,11542,7.97
CA_1,HOBBIES_1_089,11543,7.97
CA_1,HOBBIES_1_089,11544,7.97
CA_1,HOBBIES_1_089,11545,7.97
CA_1,HOBBIES_1_089,11546,7.97
CA_1,HOBBIES_1_089,11547,7.97
CA_1,HOBBIES_1_089,11548,7.97
CA_1,HOBBIES_1_089,11549,7.97
CA_1,HOBBIES_1_089,11550,7.97
CA_1,HOBBIES_1_089,11551,7.97
CA_1,HOBBIES_1_089,11552,7.97
CA_1,HOBBIES_1_089,11601,7.97
CA_1,HOBBIES_1_089,11602,7.97
CA_1,HOBBIES_1_089,11603,7.97
CA_1,HOBBIES_1_089,11604,7.97
CA_1,HOBBIES_1_089,11605,7.97
CA_1,HOBBIES_1_089,11606,7.97
CA_1,HOBBIES_1_089,11607,7.97
CA_1,HOBBIES_1_089,11608,7.97
CA_1,HOBBIES_1_089,11609,7.97
CA_1,HOBBIES_1_089,11610,7.97
CA_1,HOBBIES_1_089,11611,7.97
CA_1,HOBBIES_1_089,11612,7.97
CA_1,HOBBIES_1_089,11613,7.97
CA_1,HOBBIES_1_089,11614,7.97
CA_1,HOBBIES_1_089,11615,7.97
CA_1,HOBBIES_1_089,11616,7.97
CA_1,HOBBIES_1_089,11617,7.97
CA_1,HOBBIES_1_089,11618,7.97
CA_1,HOBBIES_1_089,11619,7.97
CA_1,HOBBIES_1_089,11620,7.97
CA_1,HOBBIES_1_089,11621,7.97
CA_1,HOBBIES_1_090,11322,0.98
CA_1,HOBBIES_1_090,11323,0.98
CA_1,HOBBIES_1_090,11324,0.98
CA_1,HOBBIES_1_090,11325,0.98
CA_1,HOBBIES_1_090,11326,0.98
CA_1,HOBBIES_1_090,11327,0.98
CA_1,HOBBIES_1_090,11328,0.98
CA_1,HOBBIES_1_090,11329,0.98
CA_1,HOBBIES_1_090,11330,0.98
CA_1,HOBBIES_1_090,11331,0.98
CA_1,HOBBIES_1_090,11332,0.98
CA_1,HOBBIES_1_090,11333,0.98
CA_1,HOBBIES_1_090,11334,0.98
CA_1,HOBBIES_1_090,11335,0.98
CA_1,HOBBIES_1_090,11336,0.98
CA_1,HOBBIES_1_090,11337,0.98
CA_1,HOBBIES_1_090,11338,0.98
CA_1,HOBBIES_1_090,11339,0.98
CA_1,HOBBIES_1_090,11340,0.98
CA_1,HOBBIES_1_090,11341,0.98
CA_1,HOBBIES_1_090,11342,0.98
CA_1,HOBBIES_1_090,11343,0.98
CA_1,HOBBIES_1_090,11344,0.98
CA_1,HOBBIES_1_090,11345,0.98
CA_1,HOBBIES_1_090,11346,0.98
CA_1,HOBBIES_1_090,11347,0.98
CA_1,HOBBIES_1_090,11348,0.98
CA_1,HOBBIES_1_090,11349,0.98
CA_1,HOBBIES_1_090,11350,0.98
CA_1,HOBBIES_1_090,11351,0.98
CA_1,HOBBIES_1_090,11352,0.98
CA_1,HOBBIES_1_090,11353,0.98
CA_1,HOBBIES_1_090,11401,0.98
CA_1,HOBBIES_1_090,11402,0.98
CA_1,HOBBIES_1_090,11403,0.98
CA_1,HOBBIES_1_090,11404,0.98
CA_1,HOBBIES_1_090,11405,0.98
CA_1,HOBBIES_1_090,11406,0.98
CA_1,HOBBIES_1_090,11407,0.98
CA_1,HOBBIES_1_090,11408,0.98
CA_1,HOBBIES_1_090,11409,0.98
CA_1,HOBBIES_1_090,11410,0.98
CA_1,HOBBIES_1_090,11411,0.98
CA_1,HOBBIES_1_090,11412,0.98
CA_1,HOBBIES_1_090,11413,0.98
CA_1,HOBBIES_1_090,11414,0.98
CA_1,HOBBIES_1_090,11415,0.98
CA_1,HOBBIES_1_090,11416,0.98
CA_1,HOBBIES_1_090,11417,0.98
CA_1,HOBBIES_1_090,11418,0.98
CA_1,HOBBIES_1_090,11419,0.98
CA_1,HOBBIES_1_090,11420,0.98
CA_1,HOBBIES_1_090,11421,0.98
CA_1,HOBBIES_1_090,11422,0.98
CA_1,HOBBIES_1_090,11423,0.98
CA_1,HOBBIES_1_090,11424,0.98
CA_1,HOBBIES_1_090,11425,0.98
CA_1,HOBBIES_1_090,11426,0.98
CA_1,HOBBIES_1_090,11427,0.98
CA_1,HOBBIES_1_090,11428,0.98
CA_1,HOBBIES_1_090,11429,0.98
CA_1,HOBBIES_1_090,11430,0.98
CA_1,HOBBIES_1_090,11431,0.98
CA_1,HOBBIES_1_090,11432,0.98
CA_1,HOBBIES_1_090,11433,0.98
CA_1,HOBBIES_1_090,11434,0.98
CA_1,HOBBIES_1_090,11435,0.98
CA_1,HOBBIES_1_090,11436,0.98
CA_1,HOBBIES_1_090,11437,0.98
CA_1,HOBBIES_1_090,11438,0.98
CA_1,HOBBIES_1_090,11439,0.98
CA_1,HOBBIES_1_090,11440,0.98
CA_1,HOBBIES_1_090,11441,0.98
CA_1,HOBBIES_1_090,11442,0.98
CA_1,HOBBIES_1_090,11443,0.98
CA_1,HOBBIES_1_090,11444,0.98
CA_1,HOBBIES_1_090,11445,0.98
CA_1,HOBBIES_1_090,11446,0.98
CA_1,HOBBIES_1_090,11447,0.98
CA_1,HOBBIES_1_090,11448,0.98
CA_1,HOBBIES_1_090,11449,0.98
CA_1,HOBBIES_1_090,11450,0.98
CA_1,HOBBIES_1_090,11451,0.98
CA_1,HOBBIES_1_090,11452,0.98
CA_1,HOBBIES_1_090,11501,0.98
CA_1,HOBBIES_1_090,11502,0.98
CA_1,HOBBIES_1_090,11503,0.98
CA_1,HOBBIES_1_090,11504,0.98
CA_1,HOBBIES_1_090,11505,0.98
CA_1,HOBBIES_1_090,11506,0.84
CA_1,HOBBIES_1_090,11507,0.84
CA_1,HOBBIES_1_090,11508,0.98
CA_1,HOBBIES_1_090,11509,0.98
CA_1,HOBBIES_1_090,11510,0.98
CA_1,HOBBIES_1_090,11511,0.84
CA_1,HOBBIES_1_090,11512,1.08
CA_1,HOBBIES_1_090,11513,1.08
CA_1,HOBBIES_1_090,11514,1.08
CA_1,HOBBIES_1_090,11515,1.08
CA_1,HOBBIES_1_090,11516,1.08
CA_1,HOBBIES_1_090,11517,1.08
CA_1,HOBBIES_1_090,11518,1.08
CA_1,HOBBIES_1_090,11519,1.08
CA_1,HOBBIES_1_090,11520,1.08
CA_1,HOBBIES_1_090,11521,1.08
CA_1,HOBBIES_1_090,11522,1.08
CA_1,HOBBIES_1_090,11523,1.08
CA_1,HOBBIES_1_090,11524,1.08
CA_1,HOBBIES_1_090,11525,1.08
CA_1,HOBBIES_1_090,11526,1.08
CA_1,HOBBIES_1_090,11527,1.08
CA_1,HOBBIES_1_090,11528,1.08
CA_1,HOBBIES_1_090,11529,1.08
CA_1,HOBBIES_1_090,11530,1.08
CA_1,HOBBIES_1_090,11531,1.08
CA_1,HOBBIES_1_090,11532,1.08
CA_1,HOBBIES_1_090,11533,1.08
CA_1,HOBBIES_1_090,11534,1.08
CA_1,HOBBIES_1_090,11535,1.08
CA_1,HOBBIES_1_090,11536,1.08
CA_1,HOBBIES_1_090,11537,1.08
CA_1,HOBBIES_1_090,11538,1.08
CA_1,HOBBIES_1_090,11539,1.08
CA_1,HOBBIES_1_090,11540,1.08
CA_1,HOBBIES_1_090,11541,1.08
CA_1,HOBBIES_1_090,11542,1.08
CA_1,HOBBIES_1_090,11543,1.08
CA_1,HOBBIES_1_090,11544,1.08
CA_1,HOBBIES_1_090,11545,1.08
CA_1,HOBBIES_1_090,11546,1.08
CA_1,HOBBIES_1_090,11547,1.08
CA_1,HOBBIES_1_090,11548,1.08
CA_1,HOBBIES_1_090,11549,1.08
CA_1,HOBBIES_1_090,11550,1.08
CA_1,HOBBIES_1_090,11551,1.08
CA_1,HOBBIES_1_090,11552,1.08
CA_1,HOBBIES_1_090,11601,1.08
CA_1,HOBBIES_1_090,11602,1.08
CA_1,HOBBIES_1_090,11603,1.08
CA_1,HOBBIES_1_090,11604,1.08
CA_1,HOBBIES_1_090,11605,1.08
CA_1,HOBBIES_1_090,11606,1.08
CA_1,HOBBIES_1_090,11607,1.08
CA_1,HOBBIES_1_090,11608,1.08
CA_1,HOBBIES_1_090,11609,1.08
CA_1,HOBBIES_1_090,11610,1.08
CA_1,HOBBIES_1_090,11611,1.08
CA_1,HOBBIES_1_090,11612,1.08
CA_1,HOBBIES_1_090,11613,1.08
CA_1,HOBBIES_1_090,11614,1.08
CA_1,HOBBIES_1_090,11615,1.08
CA_1,HOBBIES_1_090,11616,1.08
CA_1,HOBBIES_1_090,11617,1.08
CA_1,HOBBIES_1_090,11618,1.08
CA_1,HOBBIES_1_090,11619,1.08
CA_1,HOBBIES_1_090,11620,1.08
CA_1,HOBBIES_1_090,11621,1.08
CA_1,HOBBIES_1_091,11420,0.68
CA_1,HOBBIES_1_091,11421,0.68
CA_1,HOBBIES_1_091,11422,0.68
CA_1,HOBBIES_1_091,11423,0.68
CA_1,HOBBIES_1_091,11424,0.68
CA_1,HOBBIES_1_091,11425,0.68
CA_1,HOBBIES_1_091,11426,0.68
CA_1,HOBBIES_1_091,11427,0.68
CA_1,HOBBIES_1_091,11428,0.68
CA_1,HOBBIES_1_091,11429,0.68
CA_1,HOBBIES_1_091,11430,0.68
CA_1,HOBBIES_1_091,11431,0.68
CA_1,HOBBIES_1_091,11432,0.68
CA_1,HOBBIES_1_091,11433,0.68
CA_1,HOBBIES_1_091,11434,0.68
CA_1,HOBBIES_1_091,11435,0.68
CA_1,HOBBIES_1_091,11436,0.68
CA_1,HOBBIES_1_091,11437,0.68
CA_1,HOBBIES_1_091,11438,0.68
CA_1,HOBBIES_1_091,11439,0.68
CA_1,HOBBIES_1_091,11440,0.68
CA_1,HOBBIES_1_091,11441,0.68
CA_1,HOBBIES_1_091,11442,0.68
CA_1,HOBBIES_1_091,11443,0.68
CA_1,HOBBIES_1_091,11444,0.68
CA_1,HOBBIES_1_091,11445,0.68
CA_1,HOBBIES_1_091,11446,0.68
CA_1,HOBBIES_1_091,11447,0.68
CA_1,HOBBIES_1_091,11448,0.68
CA_1,HOBBIES_1_091,11449,0.68
CA_1,HOBBIES_1_091,11450,0.68
CA_1,HOBBIES_1_091,11451,0.68
CA_1,HOBBIES_1_091,11452,0.68
CA_1,HOBBIES_1_091,11501,0.68
CA_1,HOBBIES_1_091,11502,0.68
CA_1,HOBBIES_1_091,11503,0.68
CA_1,HOBBIES_1_091,11504,0.7
CA_1,HOBBIES_1_091,11505,0.7
CA_1,HOBBIES_1_091,11506,0.7
CA_1,HOBBIES_1_091,11507,0.7
CA_1,HOBBIES_1_091,11508,0.7
CA_1,HOBBIES_1_091,11509,0.7
CA_1,HOBBIES_1_091,11510,0.7
CA_1,HOBBIES_1_091,11511,0.7
CA_1,HOBBIES_1_091,11512,0.7
CA_1,HOBBIES_1_091,11513,0.7
CA_1,HOBBIES_1_091,11514,0.7
CA_1,HOBBIES_1_091,11515,0.7
CA_1,HOBBIES_1_091,11516,0.7
CA_1,HOBBIES_1_091,11517,0.7
CA_1,HOBBIES_1_091,11518,0.7
CA_1,HOBBIES_1_091,11519,0.7
CA_1,HOBBIES_1_091,11520,0.7
CA_1,HOBBIES_1_091,11521,0.7
CA_1,HOBBIES_1_091,11522,0.7
CA_1,HOBBIES_1_091,11523,0.7
CA_1,HOBBIES_1_091,11524,0.7
CA_1,HOBBIES_1_091,11525,0.7
CA_1,HOBBIES_1_091,11526,0.7
CA_1,HOBBIES_1_091,11527,0.7
CA_1,HOBBIES_1_091,11528,0.7
CA_1,HOBBIES_1_091,11529,0.7
CA_1,HOBBIES_1_091,11530,0.7
CA_1,HOBBIES_1_091,11531,0.7
CA_1,HOBBIES_1_091,11532,0.7
CA_1,HOBBIES_1_091,11533,0.7
CA_1,HOBBIES_1_091,11534,0.7
CA_1,HOBBIES_1_091,11535,0.7
CA_1,HOBBIES_1_091,11536,0.7
CA_1,HOBBIES_1_091,11537,0.7
CA_1,HOBBIES_1_091,11538,0.7
CA_1,HOBBIES_1_091,11539,0.7
CA_1,HOBBIES_1_091,11540,0.7
CA_1,HOBBIES_1_091,11541,0.7
CA_1,HOBBIES_1_091,11542,0.7
CA_1,HOBBIES_1_091,11543,0.7
CA_1,HOBBIES_1_091,11544,0.7
CA_1,HOBBIES_1_091,11545,0.7
CA_1,HOBBIES_1_091,11546,0.7
CA_1,HOBBIES_1_091,11547,0.7
CA_1,HOBBIES_1_091,11548,0.7
CA_1,HOBBIES_1_091,11549,0.7
CA_1,HOBBIES_1_091,11550,0.7
CA_1,HOBBIES_1_091,11551,0.7
CA_1,HOBBIES_1_091,11552,0.7
CA_1,HOBBIES_1_091,11601,0.7
CA_1,HOBBIES_1_091,11602,0.7
CA_1,HOBBIES_1_091,11603,0.7
CA_1,HOBBIES_1_091,11604,0.7
CA_1,HOBBIES_1_091,11605,0.7
CA_1,HOBBIES_1_091,11606,0.7
CA_1,HOBBIES_1_091,11607,0.7
CA_1,HOBBIES_1_091,11608,0.7
CA_1,HOBBIES_1_091,11609,0.7
CA_1,HOBBIES_1_091,11610,0.7
CA_1,HOBBIES_1_091,11611,0.7
CA_1,HOBBIES_1_091,11612,0.7
CA_1,HOBBIES_1_091,11613,0.7
CA_1,HOBBIES_1_091,11614,0.7
CA_1,HOBBIES_1_091,11615,0.7
CA_1,HOBBIES_1_091,11616,0.7
CA_1,HOBBIES_1_091,11617,0.7
CA_1,HOBBIES_1_091,11618,0.7
CA_1,HOBBIES_1_091,11619,0.7
CA_1,HOBBIES_1_091,11620,0.7
CA_1,HOBBIES_1_091,11621,0.7
CA_1,HOBBIES_1_092,11101,2.28
CA_1,HOBBIES_1_092,11102,2.28
CA_1,HOBBIES_1_092,11103,2.28
CA_1,HOBBIES_1_092,11104,2.28
CA_1,HOBBIES_1_092,11105,2.28
CA_1,HOBBIES_1_092,11106,2.28
CA_1,HOBBIES_1_092,11107,2.28
CA_1,HOBBIES_1_092,11108,2.28
CA_1,HOBBIES_1_092,11109,2.28
CA_1,HOBBIES_1_092,11110,2.28
CA_1,HOBBIES_1_092,11111,2.28
CA_1,HOBBIES_1_092,11112,2.28
CA_1,HOBBIES_1_092,11113,2.28
CA_1,HOBBIES_1_092,11114,2.28
CA_1,HOBBIES_1_092,11115,2.28
CA_1,HOBBIES_1_092,11116,2.28
CA_1,HOBBIES_1_092,11117,2.28
CA_1,HOBBIES_1_092,11118,2.28
CA_1,HOBBIES_1_092,11119,2.28
CA_1,HOBBIES_1_092,11120,2.28
CA_1,HOBBIES_1_092,11121,2.28
CA_1,HOBBIES_1_092,11122,2.28
CA_1,HOBBIES_1_092,11123,2.28
CA_1,HOBBIES_1_092,11124,2.28
CA_1,HOBBIES_1_092,11125,2.28
CA_1,HOBBIES_1_092,11126,2.28
CA_1,HOBBIES_1_092,11127,2.28
CA_1,HOBBIES_1_092,11128,2.28
CA_1,HOBBIES_1_092,11129,2.28
CA_1,HOBBIES_1_092,11130,2.28
CA_1,HOBBIES_1_092,11131,2.28
CA_1,HOBBIES_1_092,11132,2.28
CA_1,HOBBIES_1_092,11133,2.28
CA_1,HOBBIES_1_092,11134,2.28
CA_1,HOBBIES_1_092,11135,2.28
CA_1,HOBBIES_1_092,11136,2.28
CA_1,HOBBIES_1_092,11137,2.28
CA_1,HOBBIES_1_092,11138,2.28
CA_1,HOBBIES_1_092,11139,2.28
CA_1,HOBBIES_1_092,11140,2.28
CA_1,HOBBIES_1_092,11141,2.28
CA_1,HOBBIES_1_092,11142,2.28
CA_1,HOBBIES_1_092,11143,2.28
CA_1,HOBBIES_1_092,11144,2.28
CA_1,HOBBIES_1_092,11145,2.28
CA_1,HOBBIES_1_092,11146,2.28
CA_1,HOBBIES_1_092,11147,2.28
CA_1,HOBBIES_1_092,11148,2.28
CA_1,HOBBIES_1_092,11149,2.28
CA_1,HOBBIES_1_092,11150,2.28
CA_1,HOBBIES_1_092,11151,2.28
CA_1,HOBBIES_1_092,11152,2.28
CA_1,HOBBIES_1_092,11201,2.28
CA_1,HOBBIES_1_092,11202,2.28
CA_1,HOBBIES_1_092,11203,2.28
CA_1,HOBBIES_1_092,11204,2.28
CA_1,HOBBIES_1_092,11205,2.28
CA_1,HOBBIES_1_092,11206,2.28
CA_1,HOBBIES_1_092,11207,2.28
CA_1,HOBBIES_1_092,11208,2.28
CA_1,HOBBIES_1_092,11209,2.28
CA_1,HOBBIES_1_092,11210,2.28
CA_1,HOBBIES_1_092,11211,2.28
CA_1,HOBBIES_1_092,11212,2.28
CA_1,HOBBIES_1_092,11213,2.28
CA_1,HOBBIES_1_092,11214,2.28
CA_1,HOBBIES_1_092,11215,2.28
CA_1,HOBBIES_1_092,11216,2.28
CA_1,HOBBIES_1_092,11217,2.28
CA_1,HOBBIES_1_092,11218,2.28
CA_1,HOBBIES_1_092,11219,2.28
CA_1,HOBBIES_1_092,11220,2.28
CA_1,HOBBIES_1_092,11221,2.28
CA_1,HOBBIES_1_092,11222,2.28
CA_1,HOBBIES_1_092,11223,2.28
CA_1,HOBBIES_1_092,11224,2.28
CA_1,HOBBIES_1_092,11225,2.28
CA_1,HOBBIES_1_092,11226,2.28
CA_1,HOBBIES_1_092,11227,2.28
CA_1,HOBBIES_1_092,11228,2.28
CA_1,HOBBIES_1_092,11229,2.28
CA_1,HOBBIES_1_092,11230,2.28
CA_1,HOBBIES_1_092,11231,2.28
CA_1,HOBBIES_1_092,11232,2.28
CA_1,HOBBIES_1_092,11233,2.28
CA_1,HOBBIES_1_092,11234,2.28
CA_1,HOBBIES_1_092,11235,2.28
CA_1,HOBBIES_1_092,11236,2.28
CA_1,HOBBIES_1_092,11237,2.28
CA_1,HOBBIES_1_092,11238,2.28
CA_1,HOBBIES_1_092,11239,2.28
CA_1,HOBBIES_1_092,11240,2.28
CA_1,HOBBIES_1_092,11241,2.28
CA_1,HOBBIES_1_092,11242,2.28
CA_1,HOBBIES_1_092,11243,2.28
CA_1,HOBBIES_1_092,11244,2.28
CA_1,HOBBIES_1_092,11245,2.28
CA_1,HOBBIES_1_092,11246,2.28
CA_1,HOBBIES_1_092,11247,2.28
CA_1,HOBBIES_1_092,11248,2.28
CA_1,HOBBIES_1_092,11249,2.28
CA_1,HOBBIES_1_092,11250,2.28
CA_1,HOBBIES_1_092,11251,2.28
CA_1,HOBBIES_1_092,11252,2.28
CA_1,HOBBIES_1_092,11301,2.28
CA_1,HOBBIES_1_092,11302,2.28
CA_1,HOBBIES_1_092,11303,2.28
CA_1,HOBBIES_1_092,11304,2.38
CA_1,HOBBIES_1_092,11305,2.38
CA_1,HOBBIES_1_092,11306,2.38
CA_1,HOBBIES_1_092,11307,2.38
CA_1,HOBBIES_1_092,11308,2.38
CA_1,HOBBIES_1_092,11309,2.38
CA_1,HOBBIES_1_092,11310,2.38
CA_1,HOBBIES_1_092,11311,2.38
CA_1,HOBBIES_1_092,11312,2.38
CA_1,HOBBIES_1_092,11313,2.38
CA_1,HOBBIES_1_092,11314,2.38
CA_1,HOBBIES_1_092,11315,2.38
CA_1,HOBBIES_1_092,11316,2.38
CA_1,HOBBIES_1_092,11317,2.38
CA_1,HOBBIES_1_092,11318,2.38
CA_1,HOBBIES_1_092,11319,2.38
CA_1,HOBBIES_1_092,11320,2.38
CA_1,HOBBIES_1_092,11321,2.38
CA_1,HOBBIES_1_092,11322,2.38
CA_1,HOBBIES_1_092,11323,2.38
CA_1,HOBBIES_1_092,11324,2.38
CA_1,HOBBIES_1_092,11325,2.38
CA_1,HOBBIES_1_092,11326,2.38
CA_1,HOBBIES_1_092,11327,2.38
CA_1,HOBBIES_1_092,11328,2.38
CA_1,HOBBIES_1_092,11329,2.38
CA_1,HOBBIES_1_092,11330,2.38
CA_1,HOBBIES_1_092,11331,2.38
CA_1,HOBBIES_1_092,11332,2.38
CA_1,HOBBIES_1_092,11333,2.38
CA_1,HOBBIES_1_092,11334,2.38
CA_1,HOBBIES_1_092,11335,2.38
CA_1,HOBBIES_1_092,11336,2.38
CA_1,HOBBIES_1_092,11337,2.38
CA_1,HOBBIES_1_092,11338,2.38
CA_1,HOBBIES_1_092,11339,2.38
CA_1,HOBBIES_1_092,11340,2.38
CA_1,HOBBIES_1_092,11341,2.38
CA_1,HOBBIES_1_092,11342,2.38
CA_1,HOBBIES_1_092,11343,2.38
CA_1,HOBBIES_1_092,11344,2.38
CA_1,HOBBIES_1_092,11345,2.38
CA_1,HOBBIES_1_092,11346,2.38
CA_1,HOBBIES_1_092,11347,2.38
CA_1,HOBBIES_1_092,11348,2.38
CA_1,HOBBIES_1_092,11349,2.38
CA_1,HOBBIES_1_092,11350,2.38
CA_1,HOBBIES_1_092,11351,2.38
CA_1,HOBBIES_1_092,11352,2.38
CA_1,HOBBIES_1_092,11353,2.38
CA_1,HOBBIES_1_092,11401,2.38
CA_1,HOBBIES_1_092,11402,2.38
CA_1,HOBBIES_1_092,11403,2.38
CA_1,HOBBIES_1_092,11404,2.38
CA_1,HOBBIES_1_092,11405,2.38
CA_1,HOBBIES_1_092,11406,2.38
CA_1,HOBBIES_1_092,11407,2.38
CA_1,HOBBIES_1_092,11408,2.38
CA_1,HOBBIES_1_092,11409,2.38
CA_1,HOBBIES_1_092,11410,2.38
CA_1,HOBBIES_1_092,11411,2.38
CA_1,HOBBIES_1_092,11412,2.38
CA_1,HOBBIES_1_092,11413,2.38
CA_1,HOBBIES_1_092,11414,2.38
CA_1,HOBBIES_1_092,11415,2.38
CA_1,HOBBIES_1_092,11416,2.38
CA_1,HOBBIES_1_092,11417,2.38
CA_1,HOBBIES_1_092,11418,2.38
CA_1,HOBBIES_1_092,11419,2.38
CA_1,HOBBIES_1_092,11420,2.38
CA_1,HOBBIES_1_092,11421,2.38
CA_1,HOBBIES_1_092,11422,2.38
CA_1,HOBBIES_1_092,11423,2.38
CA_1,HOBBIES_1_092,11424,2.38
CA_1,HOBBIES_1_092,11425,2.38
CA_1,HOBBIES_1_092,11426,2.38
CA_1,HOBBIES_1_092,11427,2.38
CA_1,HOBBIES_1_092,11428,2.38
CA_1,HOBBIES_1_092,11429,2.38
CA_1,HOBBIES_1_092,11430,2.38
CA_1,HOBBIES_1_092,11431,2.38
CA_1,HOBBIES_1_092,11432,2.38
CA_1,HOBBIES_1_092,11433,2.38
CA_1,HOBBIES_1_092,11434,2.38
CA_1,HOBBIES_1_092,11435,2.38
CA_1,HOBBIES_1_092,11436,2.38
CA_1,HOBBIES_1_092,11437,2.38
CA_1,HOBBIES_1_092,11438,2.38
CA_1,HOBBIES_1_092,11439,2.38
CA_1,HOBBIES_1_092,11440,2.38
CA_1,HOBBIES_1_092,11441,2.38
CA_1,HOBBIES_1_092,11442,2.38
CA_1,HOBBIES_1_092,11443,2.38
CA_1,HOBBIES_1_092,11444,2.38
CA_1,HOBBIES_1_092,11445,2.38
CA_1,HOBBIES_1_092,11446,2.38
CA_1,HOBBIES_1_092,11447,2.38
CA_1,HOBBIES_1_092,11448,2.38
CA_1,HOBBIES_1_092,11449,2.38
CA_1,HOBBIES_1_092,11450,2.38
CA_1,HOBBIES_1_092,11451,2.38
CA_1,HOBBIES_1_092,11452,2.38
CA_1,HOBBIES_1_092,11501,2.38
CA_1,HOBBIES_1_092,11502,2.38
CA_1,HOBBIES_1_092,11503,2.38
CA_1,HOBBIES_1_092,11504,2.38
CA_1,HOBBIES_1_092,11505,2.38
CA_1,HOBBIES_1_092,11506,2.38
CA_1,HOBBIES_1_092,11507,2.38
CA_1,HOBBIES_1_092,11508,2.38
CA_1,HOBBIES_1_092,11509,2.38
CA_1,HOBBIES_1_092,11510,2.38
CA_1,HOBBIES_1_092,11511,2.38
CA_1,HOBBIES_1_092,11512,2.38
CA_1,HOBBIES_1_092,11513,2.38
CA_1,HOBBIES_1_092,11514,2.38
CA_1,HOBBIES_1_092,11515,2.38
CA_1,HOBBIES_1_092,11516,2.38
CA_1,HOBBIES_1_092,11517,2.38
CA_1,HOBBIES_1_092,11518,2.38
CA_1,HOBBIES_1_092,11519,2.38
CA_1,HOBBIES_1_092,11520,2.38
CA_1,HOBBIES_1_092,11521,2.38
CA_1,HOBBIES_1_092,11522,2.38
CA_1,HOBBIES_1_092,11523,2.38
CA_1,HOBBIES_1_092,11524,2.38
CA_1,HOBBIES_1_092,11525,2.38
CA_1,HOBBIES_1_092,11526,2.38
CA_1,HOBBIES_1_092,11527,2.38
CA_1,HOBBIES_1_092,11528,2.38
CA_1,HOBBIES_1_092,11529,2.38
CA_1,HOBBIES_1_092,11530,2.38
CA_1,HOBBIES_1_092,11531,2.38
CA_1,HOBBIES_1_092,11532,2.38
CA_1,HOBBIES_1_092,11533,2.38
CA_1,HOBBIES_1_092,11534,2.38
CA_1,HOBBIES_1_092,11535,2.38
CA_1,HOBBIES_1_092,11536,2.38
CA_1,HOBBIES_1_092,11537,2.38
CA_1,HOBBIES_1_092,11538,2.38
CA_1,HOBBIES_1_092,11539,2.38
CA_1,HOBBIES_1_092,11540,2.38
CA_1,HOBBIES_1_092,11541,2.38
CA_1,HOBBIES_1_092,11542,2.38
CA_1,HOBBIES_1_092,11543,2.38
CA_1,HOBBIES_1_092,11544,2.38
CA_1,HOBBIES_1_092,11545,2.38
CA_1,HOBBIES_1_092,11546,2.38
CA_1,HOBBIES_1_092,11547,2.38
CA_1,HOBBIES_1_092,11548,2.38
CA_1,HOBBIES_1_092,11549,2.38
CA_1,HOBBIES_1_092,11550,2.38
CA_1,HOBBIES_1_092,11551,2.38
CA_1,HOBBIES_1_092,11552,2.38
CA_1,HOBBIES_1_092,11601,2.38
CA_1,HOBBIES_1_092,11602,2.38
CA_1,HOBBIES_1_092,11603,2.38
CA_1,HOBBIES_1_092,11604,2.38
CA_1,HOBBIES_1_092,11605,2.38
CA_1,HOBBIES_1_092,11606,2.38
CA_1,HOBBIES_1_092,11607,2.38
CA_1,HOBBIES_1_092,11608,2.38
CA_1,HOBBIES_1_092,11609,2.38
CA_1,HOBBIES_1_092,11610,2.38
CA_1,HOBBIES_1_092,11611,2.38
CA_1,HOBBIES_1_092,11612,2.38
CA_1,HOBBIES_1_092,11613,2.38
CA_1,HOBBIES_1_092,11614,2.38
CA_1,HOBBIES_1_092,11615,2.38
CA_1,HOBBIES_1_092,11616,2.38
CA_1,HOBBIES_1_092,11617,2.38
CA_1,HOBBIES_1_092,11618,2.38
CA_1,HOBBIES_1_092,11619,2.38
CA_1,HOBBIES_1_092,11620,2.38
CA_1,HOBBIES_1_092,11621,2.38
CA_1,HOBBIES_1_093,11223,19.88
CA_1,HOBBIES_1_093,11224,19.88
CA_1,HOBBIES_1_093,11225,19.88
CA_1,HOBBIES_1_093,11226,19.88
CA_1,HOBBIES_1_093,11227,19.88
CA_1,HOBBIES_1_093,11228,19.88
CA_1,HOBBIES_1_093,11229,19.88
CA_1,HOBBIES_1_093,11230,19.88
CA_1,HOBBIES_1_093,11231,19.88
CA_1,HOBBIES_1_093,11232,19.88
CA_1,HOBBIES_1_093,11233,19.88
CA_1,HOBBIES_1_093,11234,19.88
CA_1,HOBBIES_1_093,11235,19.88
CA_1,HOBBIES_1_093,11236,19.88
CA_1,HOBBIES_1_093,11237,19.88
CA_1,HOBBIES_1_093,11238,19.88
CA_1,HOBBIES_1_093,11239,19.88
CA_1,HOBBIES_1_093,11240,19.88
CA_1,HOBBIES_1_093,11241,19.88
CA_1,HOBBIES_1_093,11242,19.88
CA_1,HOBBIES_1_093,11243,19.88
CA_1,HOBBIES_1_093,11244,19.88
CA_1,HOBBIES_1_093,11245,19.88
CA_1,HOBBIES_1_093,11246,19.88
CA_1,HOBBIES_1_093,11247,19.88
CA_1,HOBBIES_1_093,11248,19.88
CA_1,HOBBIES_1_093,11249,20.38
CA_1,HOBBIES_1_093,11250,20.38
CA_1,HOBBIES_1_093,11251,20.38
CA_1,HOBBIES_1_093,11252,20.38
CA_1,HOBBIES_1_093,11301,20.38
CA_1,HOBBIES_1_093,11302,20.38
CA_1,HOBBIES_1_093,11303,20.38
CA_1,HOBBIES_1_093,11304,20.38
CA_1,HOBBIES_1_093,11305,20.38
CA_1,HOBBIES_1_093,11306,20.38
CA_1,HOBBIES_1_093,11307,20.38
CA_1,HOBBIES_1_093,11308,20.38
CA_1,HOBBIES_1_093,11309,20.38
CA_1,HOBBIES_1_093,11310,20.38
CA_1,HOBBIES_1_093,11311,20.38
CA_1,HOBBIES_1_093,11312,20.38
CA_1,HOBBIES_1_093,11313,20.38
CA_1,HOBBIES_1_093,11314,20.38
CA_1,HOBBIES_1_093,11315,20.38
CA_1,HOBBIES_1_093,11316,20.38
CA_1,HOBBIES_1_093,11317,20.38
CA_1,HOBBIES_1_093,11318,20.38
CA_1,HOBBIES_1_093,11319,20.38
CA_1,HOBBIES_1_093,11320,20.38
CA_1,HOBBIES_1_093,11321,20.38
CA_1,HOBBIES_1_093,11322,20.38
CA_1,HOBBIES_1_093,11323,20.38
CA_1,HOBBIES_1_093,11324,20.38
CA_1,HOBBIES_1_093,11325,20.38
CA_1,HOBBIES_1_093,11326,20.38
CA_1,HOBBIES_1_093,11327,20.38
CA_1,HOBBIES_1_093,11328,20.38
CA_1,HOBBIES_1_093,11329,20.38
CA_1,HOBBIES_1_093,11330,20.38
CA_1,HOBBIES_1_093,11331,20.38
CA_1,HOBBIES_1_093,11332,20.38
CA_1,HOBBIES_1_093,11333,20.38
CA_1,HOBBIES_1_093,11334,20.38
CA_1,HOBBIES_1_093,11335,20.38
CA_1,HOBBIES_1_093,11336,20.38
CA_1,HOBBIES_1_093,11337,20.38
CA_1,HOBBIES_1_093,11338,20.38
CA_1,HOBBIES_1_093,11339,20.38
CA_1,HOBBIES_1_093,11340,20.38
CA_1,HOBBIES_1_093,11341,20.38
CA_1,HOBBIES_1_093,11342,20.38
CA_1,HOBBIES_1_093,11343,20.38
CA_1,HOBBIES_1_093,11344,20.38
CA_1,HOBBIES_1_093,11345,20.38
CA_1,HOBBIES_1_093,11346,20.38
CA_1,HOBBIES_1_093,11347,20.38
CA_1,HOBBIES_1_093,11348,20.38
CA_1,HOBBIES_1_093,11349,20.38
CA_1,HOBBIES_1_093,11350,20.38
CA_1,HOBBIES_1_093,11351,20.38
CA_1,HOBBIES_1_093,11352,20.38
CA_1,HOBBIES_1_093,11353,20.38
CA_1,HOBBIES_1_093,11401,20.38
CA_1,HOBBIES_1_093,11402,20.38
CA_1,HOBBIES_1_093,11403,20.38
CA_1,HOBBIES_1_093,11404,20.38
CA_1,HOBBIES_1_093,11405,20.38
CA_1,HOBBIES_1_093,11406,20.38
CA_1,HOBBIES_1_093,11407,20.38
CA_1,HOBBIES_1_093,11408,20.38
CA_1,HOBBIES_1_093,11409,20.38
CA_1,HOBBIES_1_093,11410,20.38
CA_1,HOBBIES_1_093,11411,20.38
CA_1,HOBBIES_1_093,11412,20.38
CA_1,HOBBIES_1_093,11413,20.38
CA_1,HOBBIES_1_093,11414,20.38
CA_1,HOBBIES_1_093,11415,20.38
CA_1,HOBBIES_1_093,11416,20.38
CA_1,HOBBIES_1_093,11417,20.38
CA_1,HOBBIES_1_093,11418,20.38
CA_1,HOBBIES_1_093,11419,20.38
CA_1,HOBBIES_1_093,11420,20.38
CA_1,HOBBIES_1_093,11421,20.38
CA_1,HOBBIES_1_093,11422,20.38
CA_1,HOBBIES_1_093,11423,20.38
CA_1,HOBBIES_1_093,11424,20.38
CA_1,HOBBIES_1_093,11425,20.38
CA_1,HOBBIES_1_093,11426,20.38
CA_1,HOBBIES_1_093,11427,20.38
CA_1,HOBBIES_1_093,11428,20.38
CA_1,HOBBIES_1_093,11429,20.38
CA_1,HOBBIES_1_093,11430,20.38
CA_1,HOBBIES_1_093,11431,20.38
CA_1,HOBBIES_1_093,11432,20.38
CA_1,HOBBIES_1_093,11433,20.38
CA_1,HOBBIES_1_093,11434,20.38
CA_1,HOBBIES_1_093,11435,20.38
CA_1,HOBBIES_1_093,11436,20.38
CA_1,HOBBIES_1_093,11437,20.38
CA_1,HOBBIES_1_093,11438,20.38
CA_1,HOBBIES_1_093,11439,20.38
CA_1,HOBBIES_1_093,11440,20.38
CA_1,HOBBIES_1_093,11441,20.38
CA_1,HOBBIES_1_093,11442,20.38
CA_1,HOBBIES_1_093,11443,20.38
CA_1,HOBBIES_1_093,11444,20.38
CA_1,HOBBIES_1_093,11445,20.38
CA_1,HOBBIES_1_093,11446,20.38
CA_1,HOBBIES_1_093,11447,20.38
CA_1,HOBBIES_1_093,11448,20.38
CA_1,HOBBIES_1_093,11449,20.38
CA_1,HOBBIES_1_093,11450,20.38
CA_1,HOBBIES_1_093,11451,20.38
CA_1,HOBBIES_1_093,11452,20.38
CA_1,HOBBIES_1_093,11501,20.38
CA_1,HOBBIES_1_093,11502,20.38
CA_1,HOBBIES_1_093,11503,20.38
CA_1,HOBBIES_1_093,11504,20.38
CA_1,HOBBIES_1_093,11505,20.38
CA_1,HOBBIES_1_093,11506,20.38
CA_1,HOBBIES_1_093,11507,20.38
CA_1,HOBBIES_1_093,11508,20.38
CA_1,HOBBIES_1_093,11509,20.38
CA_1,HOBBIES_1_093,11510,20.38
CA_1,HOBBIES_1_093,11511,20.38
CA_1,HOBBIES_1_093,11512,20.38
CA_1,HOBBIES_1_093,11513,20.38
CA_1,HOBBIES_1_093,11514,20.38
CA_1,HOBBIES_1_093,11515,20.38
CA_1,HOBBIES_1_093,11516,20.38
CA_1,HOBBIES_1_093,11517,20.38
CA_1,HOBBIES_1_093,11518,20.38
CA_1,HOBBIES_1_093,11519,20.38
CA_1,HOBBIES_1_093,11520,20.38
CA_1,HOBBIES_1_093,11521,20.38
CA_1,HOBBIES_1_093,11522,20.38
CA_1,HOBBIES_1_093,11523,20.38
CA_1,HOBBIES_1_093,11524,20.38
CA_1,HOBBIES_1_093,11525,20.38
CA_1,HOBBIES_1_093,11526,20.38
CA_1,HOBBIES_1_093,11527,20.38
CA_1,HOBBIES_1_093,11528,20.38
CA_1,HOBBIES_1_093,11529,20.38
CA_1,HOBBIES_1_093,11530,20.38
CA_1,HOBBIES_1_093,11531,20.38
CA_1,HOBBIES_1_093,11532,20.38
CA_1,HOBBIES_1_093,11533,20.38
CA_1,HOBBIES_1_093,11534,20.38
CA_1,HOBBIES_1_093,11535,20.38
CA_1,HOBBIES_1_093,11536,20.38
CA_1,HOBBIES_1_093,11537,20.38
CA_1,HOBBIES_1_093,11538,20.38
CA_1,HOBBIES_1_093,11539,20.38
CA_1,HOBBIES_1_093,11540,19.96
CA_1,HOBBIES_1_093,11541,19.96
CA_1,HOBBIES_1_093,11542,19.96
CA_1,HOBBIES_1_093,11543,19.96
CA_1,HOBBIES_1_093,11544,19.96
CA_1,HOBBIES_1_093,11545,19.96
CA_1,HOBBIES_1_093,11546,19.96
CA_1,HOBBIES_1_093,11547,19.96
CA_1,HOBBIES_1_093,11548,19.96
CA_1,HOBBIES_1_093,11549,19.96
CA_1,HOBBIES_1_093,11550,19.96
CA_1,HOBBIES_1_093,11551,19.96
CA_1,HOBBIES_1_093,11552,19.96
CA_1,HOBBIES_1_093,11601,19.96
CA_1,HOBBIES_1_093,11602,19.96
CA_1,HOBBIES_1_093,11603,19.96
CA_1,HOBBIES_1_093,11604,19.96
CA_1,HOBBIES_1_093,11605,19.96
CA_1,HOBBIES_1_093,11606,19.96
CA_1,HOBBIES_1_093,11607,19.96
CA_1,HOBBIES_1_093,11608,19.96
CA_1,HOBBIES_1_093,11609,19.96
CA_1,HOBBIES_1_093,11610,19.96
CA_1,HOBBIES_1_093,11611,19.96
CA_1,HOBBIES_1_093,11612,19.96
CA_1,HOBBIES_1_093,11613,19.96
CA_1,HOBBIES_1_093,11614,19.96
CA_1,HOBBIES_1_093,11615,19.96
CA_1,HOBBIES_1_093,11616,19.96
CA_1,HOBBIES_1_093,11617,19.96
CA_1,HOBBIES_1_093,11618,19.96
CA_1,HOBBIES_1_093,11619,19.96
CA_1,HOBBIES_1_093,11620,19.96
CA_1,HOBBIES_1_093,11621,19.96
CA_1,HOBBIES_1_094,11111,12.97
CA_1,HOBBIES_1_094,11112,12.97
CA_1,HOBBIES_1_094,11113,12.97
CA_1,HOBBIES_1_094,11114,12.97
CA_1,HOBBIES_1_094,11115,12.97
CA_1,HOBBIES_1_094,11116,12.97
CA_1,HOBBIES_1_094,11117,12.97
CA_1,HOBBIES_1_094,11118,12.97
CA_1,HOBBIES_1_094,11119,12.97
CA_1,HOBBIES_1_094,11120,12.97
CA_1,HOBBIES_1_094,11121,12.97
CA_1,HOBBIES_1_094,11122,12.97
CA_1,HOBBIES_1_094,11123,12.97
CA_1,HOBBIES_1_094,11124,12.97
CA_1,HOBBIES_1_094,11125,12.97
CA_1,HOBBIES_1_094,11126,12.97
CA_1,HOBBIES_1_094,11127,12.97
CA_1,HOBBIES_1_094,11128,12.97
CA_1,HOBBIES_1_094,11129,12.97
CA_1,HOBBIES_1_094,11130,12.97
CA_1,HOBBIES_1_094,11131,12.97
CA_1,HOBBIES_1_094,11132,12.97
CA_1,HOBBIES_1_094,11133,12.97
CA_1,HOBBIES_1_094,11134,12.97
CA_1,HOBBIES_1_094,11135,12.97
CA_1,HOBBIES_1_094,11136,12.97
CA_1,HOBBIES_1_094,11137,12.97
CA_1,HOBBIES_1_094,11138,12.97
CA_1,HOBBIES_1_094,11139,12.97
CA_1,HOBBIES_1_094,11140,12.97
CA_1,HOBBIES_1_094,11141,12.97
CA_1,HOBBIES_1_094,11142,12.97
CA_1,HOBBIES_1_094,11143,12.97
CA_1,HOBBIES_1_094,11144,12.97
CA_1,HOBBIES_1_094,11145,12.97
CA_1,HOBBIES_1_094,11146,12.97
CA_1,HOBBIES_1_094,11147,12.97
CA_1,HOBBIES_1_094,11148,12.97
CA_1,HOBBIES_1_094,11149,12.97
CA_1,HOBBIES_1_094,11150,12.97
CA_1,HOBBIES_1_094,11151,12.97
CA_1,HOBBIES_1_094,11152,12.97
CA_1,HOBBIES_1_094,11201,12.97
CA_1,HOBBIES_1_094,11202,12.97
CA_1,HOBBIES_1_094,11203,12.97
CA_1,HOBBIES_1_094,11204,12.97
CA_1,HOBBIES_1_094,11205,12.97
CA_1,HOBBIES_1_094,11206,12.97
CA_1,HOBBIES_1_094,11207,12.97
CA_1,HOBBIES_1_094,11208,12.97
CA_1,HOBBIES_1_094,11209,12.97
CA_1,HOBBIES_1_094,11210,12.97
CA_1,HOBBIES_1_094,11211,12.97
CA_1,HOBBIES_1_094,11212,12.97
CA_1,HOBBIES_1_094,11213,12.97
CA_1,HOBBIES_1_094,11214,12.97
CA_1,HOBBIES_1_094,11215,12.97
CA_1,HOBBIES_1_094,11216,12.97
CA_1,HOBBIES_1_094,11217,12.97
CA_1,HOBBIES_1_094,11218,12.97
CA_1,HOBBIES_1_094,11219,12.97
CA_1,HOBBIES_1_094,11220,12.97
CA_1,HOBBIES_1_094,11221,12.97
CA_1,HOBBIES_1_094,11222,12.97
CA_1,HOBBIES_1_094,11223,12.97
CA_1,HOBBIES_1_094,11224,12.97
CA_1,HOBBIES_1_094,11225,12.97
CA_1,HOBBIES_1_094,11226,12.97
CA_1,HOBBIES_1_094,11227,12.97
CA_1,HOBBIES_1_094,11228,12.97
CA_1,HOBBIES_1_094,11229,12.97
CA_1,HOBBIES_1_094,11230,12.97
CA_1,HOBBIES_1_094,11231,12.97
CA_1,HOBBIES_1_094,11232,12.97
CA_1,HOBBIES_1_094,11233,12.97
CA_1,HOBBIES_1_094,11234,12.97
CA_1,HOBBIES_1_094,11235,12.97
CA_1,HOBBIES_1_094,11236,12.97
CA_1,HOBBIES_1_094,11237,12.97
CA_1,HOBBIES_1_094,11238,12.97
CA_1,HOBBIES_1_094,11239,12.97
CA_1,HOBBIES_1_094,11240,12.97
CA_1,HOBBIES_1_094,11241,12.97
CA_1,HOBBIES_1_094,11242,12.97
CA_1,HOBBIES_1_094,11243,12.97
CA_1,HOBBIES_1_094,11244,12.97
CA_1,HOBBIES_1_094,11245,12.97
CA_1,HOBBIES_1_094,11246,12.97
CA_1,HOBBIES_1_094,11247,12.97
CA_1,HOBBIES_1_094,11248,12.97
CA_1,HOBBIES_1_094,11249,12.97
CA_1,HOBBIES_1_094,11250,12.97
CA_1,HOBBIES_1_094,11251,12.97
CA_1,HOBBIES_1_094,11252,12.97
CA_1,HOBBIES_1_094,11301,12.97
CA_1,HOBBIES_1_094,11302,12.97
CA_1,HOBBIES_1_094,11303,12.97
CA_1,HOBBIES_1_094,11304,12.97
CA_1,HOBBIES_1_094,11305,12.97
CA_1,HOBBIES_1_094,11306,12.97
CA_1,HOBBIES_1_094,11307,12.97
CA_1,HOBBIES_1_094,11308,12.97
CA_1,HOBBIES_1_094,11309,12.97
CA_1,HOBBIES_1_094,11310,12.97
CA_1,HOBBIES_1_094,11311,12.97
CA_1,HOBBIES_1_094,11312,12.97
CA_1,HOBBIES_1_094,11313,12.97
CA_1,HOBBIES_1_094,11314,9.98
CA_1,HOBBIES_1_094,11315,12.97
CA_1,HOBBIES_1_094,11316,12.97
CA_1,HOBBIES_1_094,11317,12.97
CA_1,HOBBIES_1_094,11318,12.97
CA_1,HOBBIES_1_094,11319,12.97
CA_1,HOBBIES_1_094,11320,12.97
CA_1,HOBBIES_1_094,11321,12.97
CA_1,HOBBIES_1_094,11322,12.97
CA_1,HOBBIES_1_094,11323,12.97
CA_1,HOBBIES_1_094,11324,12.97
CA_1,HOBBIES_1_094,11325,12.97
CA_1,HOBBIES_1_094,11326,12.97
CA_1,HOBBIES_1_094,11327,12.97
CA_1,HOBBIES_1_094,11328,12.97
CA_1,HOBBIES_1_094,11329,12.97
CA_1,HOBBIES_1_094,11330,12.97
CA_1,HOBBIES_1_094,11331,12.97
CA_1,HOBBIES_1_094,11332,12.97
CA_1,HOBBIES_1_094,11333,12.97
CA_1,HOBBIES_1_094,11334,12.97
CA_1,HOBBIES_1_094,11335,12.97
CA_1,HOBBIES_1_094,11336,12.97
CA_1,HOBBIES_1_094,11337,12.97
CA_1,HOBBIES_1_094,11338,12.97
CA_1,HOBBIES_1_094,11339,12.97
CA_1,HOBBIES_1_094,11340,12.97
CA_1,HOBBIES_1_094,11341,12.97
CA_1,HOBBIES_1_094,11342,12.97
CA_1,HOBBIES_1_094,11343,12.97
CA_1,HOBBIES_1_094,11344,12.97
CA_1,HOBBIES_1_094,11345,12.97
CA_1,HOBBIES_1_094,11346,12.97
CA_1,HOBBIES_1_094,11347,12.97
CA_1,HOBBIES_1_094,11348,12.97
CA_1,HOBBIES_1_094,11349,12.97
CA_1,HOBBIES_1_094,11350,12.97
CA_1,HOBBIES_1_094,11351,12.97
CA_1,HOBBIES_1_094,11352,12.97
CA_1,HOBBIES_1_094,11353,12.97
CA_1,HOBBIES_1_094,11401,12.97
CA_1,HOBBIES_1_094,11402,12.97
CA_1,HOBBIES_1_094,11403,12.97
CA_1,HOBBIES_1_094,11404,12.97
CA_1,HOBBIES_1_094,11405,12.97
CA_1,HOBBIES_1_094,11406,12.97
CA_1,HOBBIES_1_094,11407,12.97
CA_1,HOBBIES_1_094,11408,12.97
CA_1,HOBBIES_1_094,11409,12.97
CA_1,HOBBIES_1_094,11410,12.97
CA_1,HOBBIES_1_094,11411,12.97
CA_1,HOBBIES_1_094,11412,12.97
CA_1,HOBBIES_1_094,11413,12.97
CA_1,HOBBIES_1_094,11414,12.97
CA_1,HOBBIES_1_094,11415,12.97
CA_1,HOBBIES_1_094,11416,12.97
CA_1,HOBBIES_1_094,11417,12.97
CA_1,HOBBIES_1_094,11418,12.97
CA_1,HOBBIES_1_094,11419,12.97
CA_1,HOBBIES_1_094,11420,12.97
CA_1,HOBBIES_1_094,11421,12.97
CA_1,HOBBIES_1_094,11422,12.97
CA_1,HOBBIES_1_094,11423,12.97
CA_1,HOBBIES_1_094,11424,12.97
CA_1,HOBBIES_1_094,11425,12.97
CA_1,HOBBIES_1_094,11426,12.97
CA_1,HOBBIES_1_094,11427,12.97
CA_1,HOBBIES_1_094,11428,12.97
CA_1,HOBBIES_1_094,11429,12.97
CA_1,HOBBIES_1_094,11430,12.97
CA_1,HOBBIES_1_094,11431,12.97
CA_1,HOBBIES_1_094,11432,12.97
CA_1,HOBBIES_1_094,11433,12.97
CA_1,HOBBIES_1_094,11434,12.97
CA_1,HOBBIES_1_094,11435,12.97
CA_1,HOBBIES_1_094,11436,12.97
CA_1,HOBBIES_1_094,11437,12.97
CA_1,HOBBIES_1_094,11438,12.97
CA_1,HOBBIES_1_094,11439,12.97
CA_1,HOBBIES_1_094,11440,12.97
CA_1,HOBBIES_1_094,11441,12.97
CA_1,HOBBIES_1_094,11442,12.97
CA_1,HOBBIES_1_094,11443,12.97
CA_1,HOBBIES_1_094,11444,12.97
CA_1,HOBBIES_1_094,11445,12.97
CA_1,HOBBIES_1_094,11446,12.97
CA_1,HOBBIES_1_094,11447,12.97
CA_1,HOBBIES_1_094,11448,12.97
CA_1,HOBBIES_1_094,11449,12.97
CA_1,HOBBIES_1_094,11450,12.97
CA_1,HOBBIES_1_094,11451,12.97
CA_1,HOBBIES_1_094,11452,12.97
CA_1,HOBBIES_1_094,11501,12.97
CA_1,HOBBIES_1_094,11502,12.97
CA_1,HOBBIES_1_094,11503,12.97
CA_1,HOBBIES_1_094,11504,12.97
CA_1,HOBBIES_1_094,11505,12.97
CA_1,HOBBIES_1_094,11506,12.97
CA_1,HOBBIES_1_094,11507,12.97
CA_1,HOBBIES_1_094,11508,12.97
CA_1,HOBBIES_1_094,11509,12.97
CA_1,HOBBIES_1_094,11510,12.97
CA_1,HOBBIES_1_094,11511,12.97
CA_1,HOBBIES_1_094,11512,12.97
CA_1,HOBBIES_1_094,11513,12.97
CA_1,HOBBIES_1_094,11514,12.97
CA_1,HOBBIES_1_094,11515,12.97
CA_1,HOBBIES_1_094,11516,12.97
CA_1,HOBBIES_1_094,11517,12.97
CA_1,HOBBIES_1_094,11518,12.97
CA_1,HOBBIES_1_094,11519,12.97
CA_1,HOBBIES_1_094,11520,12.97
CA_1,HOBBIES_1_094,11521,12.97
CA_1,HOBBIES_1_094,11522,12.97
CA_1,HOBBIES_1_094,11523,12.97
CA_1,HOBBIES_1_094,11524,12.97
CA_1,HOBBIES_1_094,11525,12.97
CA_1,HOBBIES_1_094,11526,12.97
CA_1,HOBBIES_1_094,11527,12.97
CA_1,HOBBIES_1_094,11528,12.97
CA_1,HOBBIES_1_094,11529,12.97
CA_1,HOBBIES_1_094,11530,12.97
CA_1,HOBBIES_1_094,11531,12.97
CA_1,HOBBIES_1_094,11532,12.97
CA_1,HOBBIES_1_094,11533,12.97
CA_1,HOBBIES_1_094,11534,12.97
CA_1,HOBBIES_1_094,11535,12.97
CA_1,HOBBIES_1_094,11536,12.97
CA_1,HOBBIES_1_094,11537,12.97
CA_1,HOBBIES_1_094,11538,12.97
CA_1,HOBBIES_1_094,11539,12.97
CA_1,HOBBIES_1_094,11540,12.97
CA_1,HOBBIES_1_094,11541,12.97
CA_1,HOBBIES_1_094,11542,12.97
CA_1,HOBBIES_1_094,11543,12.97
CA_1,HOBBIES_1_094,11544,12.97
CA_1,HOBBIES_1_094,11545,12.97
CA_1,HOBBIES_1_094,11546,12.97
CA_1,HOBBIES_1_094,11547,12.97
CA_1,HOBBIES_1_094,11548,12.97
CA_1,HOBBIES_1_094,11549,12.97
CA_1,HOBBIES_1_094,11550,12.97
CA_1,HOBBIES_1_094,11551,12.97
CA_1,HOBBIES_1_094,11552,12.97
CA_1,HOBBIES_1_094,11601,12.97
CA_1,HOBBIES_1_094,11602,12.97
CA_1,HOBBIES_1_094,11603,12.97
CA_1,HOBBIES_1_094,11604,12.97
CA_1,HOBBIES_1_094,11605,12.97
CA_1,HOBBIES_1_094,11606,12.97
CA_1,HOBBIES_1_094,11607,12.97
CA_1,HOBBIES_1_094,11608,12.97
CA_1,HOBBIES_1_094,11609,12.97
CA_1,HOBBIES_1_094,11610,12.97
CA_1,HOBBIES_1_094,11611,12.97
CA_1,HOBBIES_1_094,11612,12.97
CA_1,HOBBIES_1_094,11613,12.97
CA_1,HOBBIES_1_094,11614,12.97
CA_1,HOBBIES_1_094,11615,12.97
CA_1,HOBBIES_1_094,11616,12.97
CA_1,HOBBIES_1_094,11617,12.97
CA_1,HOBBIES_1_094,11618,12.97
CA_1,HOBBIES_1_094,11619,12.97
CA_1,HOBBIES_1_094,11620,12.97
CA_1,HOBBIES_1_094,11621,12.97
CA_1,HOBBIES_1_095,11204,7.68
CA_1,HOBBIES_1_095,11205,7.68
CA_1,HOBBIES_1_095,11206,7.68
CA_1,HOBBIES_1_095,11207,7.68
CA_1,HOBBIES_1_095,11208,7.68
CA_1,HOBBIES_1_095,11209,7.68
CA_1,HOBBIES_1_095,11210,7.68
CA_1,HOBBIES_1_095,11211,7.68
CA_1,HOBBIES_1_095,11212,7.68
CA_1,HOBBIES_1_095,11213,7.68
CA_1,HOBBIES_1_095,11214,7.68
CA_1,HOBBIES_1_095,11215,7.68
CA_1,HOBBIES_1_095,11216,7.68
CA_1,HOBBIES_1_095,11217,7.68
CA_1,HOBBIES_1_095,11218,7.68
CA_1,HOBBIES_1_095,11219,7.68
CA_1,HOBBIES_1_095,11220,7.68
CA_1,HOBBIES_1_095,11221,7.68
CA_1,HOBBIES_1_095,11222,7.68
CA_1,HOBBIES_1_095,11223,7.68
CA_1,HOBBIES_1_095,11224,7.68
CA_1,HOBBIES_1_095,11225,7.68
CA_1,HOBBIES_1_095,11226,7.68
CA_1,HOBBIES_1_095,11227,7.68
CA_1,HOBBIES_1_095,11228,7.68
CA_1,HOBBIES_1_095,11229,7.68
CA_1,HOBBIES_1_095,11230,7.68
CA_1,HOBBIES_1_095,11231,7.68
CA_1,HOBBIES_1_095,11232,7.68
CA_1,HOBBIES_1_095,11233,7.68
CA_1,HOBBIES_1_095,11234,7.68
CA_1,HOBBIES_1_095,11235,7.68
CA_1,HOBBIES_1_095,11236,7.68
CA_1,HOBBIES_1_095,11237,7.68
CA_1,HOBBIES_1_095,11238,7.68
CA_1,HOBBIES_1_095,11239,7.68
CA_1,HOBBIES_1_095,11240,7.68
CA_1,HOBBIES_1_095,11241,7.68
CA_1,HOBBIES_1_095,11242,7.68
CA_1,HOBBIES_1_095,11243,7.68
CA_1,HOBBIES_1_095,11244,7.68
CA_1,HOBBIES_1_095,11245,7.68
CA_1,HOBBIES_1_095,11246,7.68
CA_1,HOBBIES_1_095,11247,7.68
CA_1,HOBBIES_1_095,11248,7.68
CA_1,HOBBIES_1_095,11249,7.68
CA_1,HOBBIES_1_095,11250,7.68
CA_1,HOBBIES_1_095,11251,7.68
CA_1,HOBBIES_1_095,11252,7.68
CA_1,HOBBIES_1_095,11301,7.68
CA_1,HOBBIES_1_095,11302,7.68
CA_1,HOBBIES_1_095,11303,7.68
CA_1,HOBBIES_1_095,11304,7.68
CA_1,HOBBIES_1_095,11305,7.68
CA_1,HOBBIES_1_095,11306,7.68
CA_1,HOBBIES_1_095,11307,7.68
CA_1,HOBBIES_1_095,11308,7.68
CA_1,HOBBIES_1_095,11309,7.68
CA_1,HOBBIES_1_095,11310,7.68
CA_1,HOBBIES_1_095,11311,7.68
CA_1,HOBBIES_1_095,11312,7.68
CA_1,HOBBIES_1_095,11313,7.68
CA_1,HOBBIES_1_095,11314,7.68
CA_1,HOBBIES_1_095,11315,7.68
CA_1,HOBBIES_1_095,11316,7.68
CA_1,HOBBIES_1_095,11317,7.68
CA_1,HOBBIES_1_095,11318,7.68
CA_1,HOBBIES_1_095,11319,7.68
CA_1,HOBBIES_1_095,11320,7.68
CA_1,HOBBIES_1_095,11321,7.68
CA_1,HOBBIES_1_095,11322,7.68
CA_1,HOBBIES_1_095,11323,7.68
CA_1,HOBBIES_1_095,11324,7.68
CA_1,HOBBIES_1_095,11325,7.68
CA_1,HOBBIES_1_095,11326,7.68
CA_1,HOBBIES_1_095,11327,7.68
CA_1,HOBBIES_1_095,11328,7.68
CA_1,HOBBIES_1_095,11329,7.68
CA_1,HOBBIES_1_095,11330,7.68
CA_1,HOBBIES_1_095,11331,7.68
CA_1,HOBBIES_1_095,11332,7.68
CA_1,HOBBIES_1_095,11333,7.68
CA_1,HOBBIES_1_095,11334,7.68
CA_1,HOBBIES_1_095,11335,7.68
CA_1,HOBBIES_1_095,11336,7.68
CA_1,HOBBIES_1_095,11337,7.68
CA_1,HOBBIES_1_095,11338,7.68
CA_1,HOBBIES_1_095,11339,7.68
CA_1,HOBBIES_1_095,11340,7.68
CA_1,HOBBIES_1_095,11341,7.68
CA_1,HOBBIES_1_095,11342,7.68
CA_1,HOBBIES_1_095,11343,7.68
CA_1,HOBBIES_1_095,11344,7.68
CA_1,HOBBIES_1_095,11345,7.68
CA_1,HOBBIES_1_095,11346,7.68
CA_1,HOBBIES_1_095,11347,7.68
CA_1,HOBBIES_1_095,11348,7.68
CA_1,HOBBIES_1_095,11349,7.68
CA_1,HOBBIES_1_095,11350,7.68
CA_1,HOBBIES_1_095,11351,7.68
CA_1,HOBBIES_1_095,11352,7.68
CA_1,HOBBIES_1_095,11353,7.68
CA_1,HOBBIES_1_095,11401,7.68
CA_1,HOBBIES_1_095,11402,7.68
CA_1,HOBBIES_1_095,11403,7.68
CA_1,HOBBIES_1_095,11404,7.68
CA_1,HOBBIES_1_095,11405,7.68
CA_1,HOBBIES_1_095,11406,7.68
CA_1,HOBBIES_1_095,11407,7.68
CA_1,HOBBIES_1_095,11408,7.68
CA_1,HOBBIES_1_095,11409,7.68
CA_1,HOBBIES_1_095,11410,7.68
CA_1,HOBBIES_1_095,11411,7.68
CA_1,HOBBIES_1_095,11412,7.68
CA_1,HOBBIES_1_095,11413,7.68
CA_1,HOBBIES_1_095,11414,7.68
CA_1,HOBBIES_1_095,11415,7.68
CA_1,HOBBIES_1_095,11416,7.68
CA_1,HOBBIES_1_095,11417,7.68
CA_1,HOBBIES_1_095,11418,7.68
CA_1,HOBBIES_1_095,11419,7.68
CA_1,HOBBIES_1_095,11420,7.68
CA_1,HOBBIES_1_095,11421,7.68
CA_1,HOBBIES_1_095,11422,7.68
CA_1,HOBBIES_1_095,11423,7.68
CA_1,HOBBIES_1_095,11424,7.68
CA_1,HOBBIES_1_095,11425,7.68
CA_1,HOBBIES_1_095,11426,7.68
CA_1,HOBBIES_1_095,11427,7.68
CA_1,HOBBIES_1_095,11428,7.68
CA_1,HOBBIES_1_095,11429,7.68
CA_1,HOBBIES_1_095,11430,7.68
CA_1,HOBBIES_1_095,11431,7.68
CA_1,HOBBIES_1_095,11432,7.68
CA_1,HOBBIES_1_095,11433,7.68
CA_1,HOBBIES_1_095,11434,7.68
CA_1,HOBBIES_1_095,11435,7.68
CA_1,HOBBIES_1_095,11436,7.68
CA_1,HOBBIES_1_095,11437,7.68
CA_1,HOBBIES_1_095,11438,7.68
CA_1,HOBBIES_1_095,11439,7.68
CA_1,HOBBIES_1_095,11440,7.68
CA_1,HOBBIES_1_095,11441,7.68
CA_1,HOBBIES_1_095,11442,7.68
CA_1,HOBBIES_1_095,11443,7.68
CA_1,HOBBIES_1_095,11444,7.68
CA_1,HOBBIES_1_095,11445,7.68
CA_1,HOBBIES_1_095,11446,7.68
CA_1,HOBBIES_1_095,11447,7.68
CA_1,HOBBIES_1_095,11448,7.68
CA_1,HOBBIES_1_095,11449,7.68
CA_1,HOBBIES_1_095,11450,7.68
CA_1,HOBBIES_1_095,11451,7.68
CA_1,HOBBIES_1_095,11452,7.68
CA_1,HOBBIES_1_095,11501,7.68
CA_1,HOBBIES_1_095,11502,7.68
CA_1,HOBBIES_1_095,11503,7.68
CA_1,HOBBIES_1_095,11504,7.68
CA_1,HOBBIES_1_095,11505,7.68
CA_1,HOBBIES_1_095,11506,7.68
CA_1,HOBBIES_1_095,11507,7.68
CA_1,HOBBIES_1_095,11508,7.68
CA_1,HOBBIES_1_095,11509,7.68
CA_1,HOBBIES_1_095,11510,7.68
CA_1,HOBBIES_1_095,11511,7.68
CA_1,HOBBIES_1_095,11512,7.68
CA_1,HOBBIES_1_095,11513,7.68
CA_1,HOBBIES_1_095,11514,7.68
CA_1,HOBBIES_1_095,11515,7.68
CA_1,HOBBIES_1_095,11516,7.68
CA_1,HOBBIES_1_095,11517,7.68
CA_1,HOBBIES_1_095,11518,7.68
CA_1,HOBBIES_1_095,11519,7.68
CA_1,HOBBIES_1_095,11520,7.68
CA_1,HOBBIES_1_095,11521,7.68
CA_1,HOBBIES_1_095,11522,7.68
CA_1,HOBBIES_1_095,11523,7.68
CA_1,HOBBIES_1_095,11524,7.68
CA_1,HOBBIES_1_095,11525,7.68
CA_1,HOBBIES_1_095,11526,7.68
CA_1,HOBBIES_1_095,11527,7.68
CA_1,HOBBIES_1_095,11528,7.68
CA_1,HOBBIES_1_095,11529,7.68
CA_1,HOBBIES_1_095,11530,7.68
CA_1,HOBBIES_1_095,11531,7.68
CA_1,HOBBIES_1_095,11532,7.68
CA_1,HOBBIES_1_095,11533,7.68
CA_1,HOBBIES_1_095,11534,7.68
CA_1,HOBBIES_1_095,11535,7.68
CA_1,HOBBIES_1_095,11536,7.68
CA_1,HOBBIES_1_095,11537,7.68
CA_1,HOBBIES_1_095,11538,7.68
CA_1,HOBBIES_1_095,11539,7.68
CA_1,HOBBIES_1_095,11540,7.68
CA_1,HOBBIES_1_095,11541,7.68
CA_1,HOBBIES_1_095,11542,7.68
CA_1,HOBBIES_1_095,11543,7.68
CA_1,HOBBIES_1_095,11544,7.68
CA_1,HOBBIES_1_095,11545,7.68
CA_1,HOBBIES_1_095,11546,7.68
CA_1,HOBBIES_1_095,11547,7.68
CA_1,HOBBIES_1_095,11548,7.68
CA_1,HOBBIES_1_095,11549,7.68
CA_1,HOBBIES_1_095,11550,7.68
CA_1,HOBBIES_1_095,11551,7.68
CA_1,HOBBIES_1_095,11552,7.68
CA_1,HOBBIES_1_095,11601,7.68
CA_1,HOBBIES_1_095,11602,7.68
CA_1,HOBBIES_1_095,11603,7.68
CA_1,HOBBIES_1_095,11604,7.68
CA_1,HOBBIES_1_095,11605,7.68
CA_1,HOBBIES_1_095,11606,7.68
CA_1,HOBBIES_1_095,11607,7.68
CA_1,HOBBIES_1_095,11608,7.68
CA_1,HOBBIES_1_095,11609,7.68
CA_1,HOBBIES_1_095,11610,7.68
CA_1,HOBBIES_1_095,11611,7.68
CA_1,HOBBIES_1_095,11612,7.68
CA_1,HOBBIES_1_095,11613,7.68
CA_1,HOBBIES_1_095,11614,7.68
CA_1,HOBBIES_1_095,11615,7.68
CA_1,HOBBIES_1_095,11616,7.68
CA_1,HOBBIES_1_095,11617,7.68
CA_1,HOBBIES_1_095,11618,7.68
CA_1,HOBBIES_1_095,11619,7.68
CA_1,HOBBIES_1_095,11620,7.68
CA_1,HOBBIES_1_095,11621,7.68
CA_1,HOBBIES_1_097,11101,3.98
CA_1,HOBBIES_1_097,11102,3.98
CA_1,HOBBIES_1_097,11103,3.98
CA_1,HOBBIES_1_097,11104,3.98
CA_1,HOBBIES_1_097,11105,3.98
CA_1,HOBBIES_1_097,11106,3.98
CA_1,HOBBIES_1_097,11107,3.98
CA_1,HOBBIES_1_097,11108,3.98
CA_1,HOBBIES_1_097,11109,3.98
CA_1,HOBBIES_1_097,11110,3.98
CA_1,HOBBIES_1_097,11111,3.98
CA_1,HOBBIES_1_097,11112,3.98
CA_1,HOBBIES_1_097,11113,3.98
CA_1,HOBBIES_1_097,11114,4.3
CA_1,HOBBIES_1_097,11115,4.3
CA_1,HOBBIES_1_097,11116,4.3
CA_1,HOBBIES_1_097,11117,4.3
CA_1,HOBBIES_1_097,11118,4.3
CA_1,HOBBIES_1_097,11119,4.3
CA_1,HOBBIES_1_097,11120,4.3
CA_1,HOBBIES_1_097,11121,4.3
CA_1,HOBBIES_1_097,11122,4.3
CA_1,HOBBIES_1_097,11123,4.3
CA_1,HOBBIES_1_097,11124,4.3
CA_1,HOBBIES_1_097,11125,4.3
CA_1,HOBBIES_1_097,11126,4.3
CA_1,HOBBIES_1_097,11127,3.98
CA_1,HOBBIES_1_097,11128,3.98
CA_1,HOBBIES_1_097,11129,3.98
CA_1,HOBBIES_1_097,11130,3.98
CA_1,HOBBIES_1_097,11131,3.98
CA_1,HOBBIES_1_097,11132,3.98
CA_1,HOBBIES_1_097,11133,3.98
CA_1,HOBBIES_1_097,11134,3.98
CA_1,HOBBIES_1_097,11135,3.98
CA_1,HOBBIES_1_097,11136,3.98
CA_1,HOBBIES_1_097,11137,3.98
CA_1,HOBBIES_1_097,11138,3.98
CA_1,HOBBIES_1_097,11139,3.98
CA_1,HOBBIES_1_097,11140,3.98
CA_1,HOBBIES_1_097,11141,3.98
CA_1,HOBBIES_1_097,11142,3.98
CA_1,HOBBIES_1_097,11143,3.98
CA_1,HOBBIES_1_097,11144,3.98
CA_1,HOBBIES_1_097,11145,3.98
CA_1,HOBBIES_1_097,11146,3.98
CA_1,HOBBIES_1_097,11147,3.98
CA_1,HOBBIES_1_097,11148,3.98
CA_1,HOBBIES_1_097,11149,3.98
CA_1,HOBBIES_1_097,11150,3.98
CA_1,HOBBIES_1_097,11151,3.98
CA_1,HOBBIES_1_097,11152,3.98
CA_1,HOBBIES_1_097,11201,3.98
CA_1,HOBBIES_1_097,11202,3.98
CA_1,HOBBIES_1_097,11203,3.98
CA_1,HOBBIES_1_097,11204,3.98
CA_1,HOBBIES_1_097,11205,3.98
CA_1,HOBBIES_1_097,11206,3.98
CA_1,HOBBIES_1_097,11207,3.98
CA_1,HOBBIES_1_097,11208,3.98
CA_1,HOBBIES_1_097,11209,3.98
CA_1,HOBBIES_1_097,11210,3.98
CA_1,HOBBIES_1_097,11211,3.98
CA_1,HOBBIES_1_097,11212,3.98
CA_1,HOBBIES_1_097,11213,3.98
CA_1,HOBBIES_1_097,11214,3.98
CA_1,HOBBIES_1_097,11215,3.98
CA_1,HOBBIES_1_097,11216,3.98
CA_1,HOBBIES_1_097,11217,3.98
CA_1,HOBBIES_1_097,11218,3.98
CA_1,HOBBIES_1_097,11219,3.98
CA_1,HOBBIES_1_097,11220,3.98
CA_1,HOBBIES_1_097,11221,3.98
CA_1,HOBBIES_1_097,11222,3.98
CA_1,HOBBIES_1_097,11223,3.98
CA_1,HOBBIES_1_097,11224,3.98
CA_1,HOBBIES_1_097,11225,3.98
CA_1,HOBBIES_1_097,11226,3.98
CA_1,HOBBIES_1_097,11227,3.98
CA_1,HOBBIES_1_097,11228,3.98
CA_1,HOBBIES_1_097,11229,3.98
CA_1,HOBBIES_1_097,11230,3.98
CA_1,HOBBIES_1_097,11231,3.98
CA_1,HOBBIES_1_097,11232,3.98
CA_1,HOBBIES_1_097,11233,3.98
CA_1,HOBBIES_1_097,11234,3.98
CA_1,HOBBIES_1_097,11235,3.98
CA_1,HOBBIES_1_097,11236,3.98
CA_1,HOBBIES_1_097,11237,3.98
CA_1,HOBBIES_1_097,11238,3.98
CA_1,HOBBIES_1_097,11239,3.98
CA_1,HOBBIES_1_097,11240,3.98
CA_1,HOBBIES_1_097,11241,3.98
CA_1,HOBBIES_1_097,11242,3.98
CA_1,HOBBIES_1_097,11243,3.98
CA_1,HOBBIES_1_097,11244,4.24
CA_1,HOBBIES_1_097,11245,4.24
CA_1,HOBBIES_1_097,11246,4.24
CA_1,HOBBIES_1_097,11247,4.24
CA_1,HOBBIES_1_097,11248,4.24
CA_1,HOBBIES_1_097,11249,4.24
CA_1,HOBBIES_1_097,11250,4.24
CA_1,HOBBIES_1_097,11251,4.24
CA_1,HOBBIES_1_097,11252,4.24
CA_1,HOBBIES_1_097,11301,4.24
CA_1,HOBBIES_1_097,11302,4.24
CA_1,HOBBIES_1_097,11303,4.24
CA_1,HOBBIES_1_097,11304,4.24
CA_1,HOBBIES_1_097,11305,4.24
CA_1,HOBBIES_1_097,11306,4.24
CA_1,HOBBIES_1_097,11307,4.24
CA_1,HOBBIES_1_097,11308,4.24
CA_1,HOBBIES_1_097,11309,4.24
CA_1,HOBBIES_1_097,11310,4.24
CA_1,HOBBIES_1_097,11311,4.24
CA_1,HOBBIES_1_097,11312,4.24
CA_1,HOBBIES_1_097,11313,4.24
CA_1,HOBBIES_1_097,11314,4.24
CA_1,HOBBIES_1_097,11315,4.24
CA_1,HOBBIES_1_097,11316,4.24
CA_1,HOBBIES_1_097,11317,4.24
CA_1,HOBBIES_1_097,11318,4.24
CA_1,HOBBIES_1_097,11319,4.24
CA_1,HOBBIES_1_097,11320,4.24
CA_1,HOBBIES_1_097,11321,4.24
CA_1,HOBBIES_1_097,11322,4.24
CA_1,HOBBIES_1_097,11323,4.24
CA_1,HOBBIES_1_097,11324,4.24
CA_1,HOBBIES_1_097,11325,4.24
CA_1,HOBBIES_1_097,11326,4.24
CA_1,HOBBIES_1_097,11327,4.24
CA_1,HOBBIES_1_097,11328,4.24
CA_1,HOBBIES_1_097,11329,4.24
CA_1,HOBBIES_1_097,11330,4.24
CA_1,HOBBIES_1_097,11331,4.24
CA_1,HOBBIES_1_097,11332,4.24
CA_1,HOBBIES_1_097,11333,4.24
CA_1,HOBBIES_1_097,11334,4.24
CA_1,HOBBIES_1_097,11335,4.24
CA_1,HOBBIES_1_097,11336,4.24
CA_1,HOBBIES_1_097,11337,4.24
CA_1,HOBBIES_1_097,11338,4.24
CA_1,HOBBIES_1_097,11339,4.24
CA_1,HOBBIES_1_097,11340,4.24
CA_1,HOBBIES_1_097,11341,4.24
CA_1,HOBBIES_1_097,11342,4.24
CA_1,HOBBIES_1_097,11343,4.24
CA_1,HOBBIES_1_097,11344,4.24
CA_1,HOBBIES_1_097,11345,4.24
CA_1,HOBBIES_1_097,11346,4.24
CA_1,HOBBIES_1_097,11347,4.24
CA_1,HOBBIES_1_097,11348,4.24
CA_1,HOBBIES_1_097,11349,4.24
CA_1,HOBBIES_1_097,11350,4.24
CA_1,HOBBIES_1_097,11351,4.24
CA_1,HOBBIES_1_097,11352,4.24
CA_1,HOBBIES_1_097,11353,4.24
CA_1,HOBBIES_1_097,11401,4.24
CA_1,HOBBIES_1_097,11402,4.24
CA_1,HOBBIES_1_097,11403,4.24
CA_1,HOBBIES_1_097,11404,4.24
CA_1,HOBBIES_1_097,11405,4.24
CA_1,HOBBIES_1_097,11406,4.24
CA_1,HOBBIES_1_097,11407,4.24
CA_1,HOBBIES_1_097,11408,4.24
CA_1,HOBBIES_1_097,11409,4.24
CA_1,HOBBIES_1_097,11410,4.24
CA_1,HOBBIES_1_097,11411,4.24
CA_1,HOBBIES_1_097,11412,4.24
CA_1,HOBBIES_1_097,11413,4.24
CA_1,HOBBIES_1_097,11414,4.24
CA_1,HOBBIES_1_097,11415,4.24
CA_1,HOBBIES_1_097,11416,4.24
CA_1,HOBBIES_1_097,11417,4.24
CA_1,HOBBIES_1_097,11418,4.24
CA_1,HOBBIES_1_097,11419,4.24
CA_1,HOBBIES_1_097,11420,4.24
CA_1,HOBBIES_1_097,11421,4.24
CA_1,HOBBIES_1_097,11422,4.24
CA_1,HOBBIES_1_097,11423,4.24
CA_1,HOBBIES_1_097,11424,4.24
CA_1,HOBBIES_1_097,11425,4.24
CA_1,HOBBIES_1_097,11426,4.24
CA_1,HOBBIES_1_097,11427,4.24
CA_1,HOBBIES_1_097,11428,4.24
CA_1,HOBBIES_1_097,11429,4.24
CA_1,HOBBIES_1_097,11430,4.24
CA_1,HOBBIES_1_097,11431,4.24
CA_1,HOBBIES_1_097,11432,4.24
CA_1,HOBBIES_1_097,11433,4.24
CA_1,HOBBIES_1_097,11434,4.24
CA_1,HOBBIES_1_097,11435,4.24
CA_1,HOBBIES_1_097,11436,4.24
CA_1,HOBBIES_1_097,11437,4.24
CA_1,HOBBIES_1_097,11438,4.24
CA_1,HOBBIES_1_097,11439,4.24
CA_1,HOBBIES_1_097,11440,4.24
CA_1,HOBBIES_1_097,11441,4.24
CA_1,HOBBIES_1_097,11442,4.24
CA_1,HOBBIES_1_097,11443,4.24
CA_1,HOBBIES_1_097,11444,4.24
CA_1,HOBBIES_1_097,11445,4.24
CA_1,HOBBIES_1_097,11446,4.24
CA_1,HOBBIES_1_097,11447,4.24
CA_1,HOBBIES_1_097,11448,4.24
CA_1,HOBBIES_1_097,11449,4.24
CA_1,HOBBIES_1_097,11450,4.24
CA_1,HOBBIES_1_097,11451,4.24
CA_1,HOBBIES_1_097,11452,4.24
CA_1,HOBBIES_1_097,11501,4.24
CA_1,HOBBIES_1_097,11502,4.24
CA_1,HOBBIES_1_097,11503,4.24
CA_1,HOBBIES_1_097,11504,4.24
CA_1,HOBBIES_1_097,11505,4.24
CA_1,HOBBIES_1_097,11506,4.24
CA_1,HOBBIES_1_097,11507,4.24
CA_1,HOBBIES_1_097,11508,4.24
CA_1,HOBBIES_1_097,11509,4.24
CA_1,HOBBIES_1_097,11510,4.24
CA_1,HOBBIES_1_097,11511,4.24
CA_1,HOBBIES_1_097,11512,4.24
CA_1,HOBBIES_1_097,11513,4.24
CA_1,HOBBIES_1_097,11514,4.24
CA_1,HOBBIES_1_097,11515,4.24
CA_1,HOBBIES_1_097,11516,4.24
CA_1,HOBBIES_1_097,11517,4.24
CA_1,HOBBIES_1_097,11518,4.24
CA_1,HOBBIES_1_097,11519,4.24
CA_1,HOBBIES_1_097,11520,4.24
CA_1,HOBBIES_1_097,11521,4.24
CA_1,HOBBIES_1_097,11522,4.24
CA_1,HOBBIES_1_097,11523,4.24
CA_1,HOBBIES_1_097,11524,4.24
CA_1,HOBBIES_1_097,11525,4.24
CA_1,HOBBIES_1_097,11526,4.24
CA_1,HOBBIES_1_097,11527,4.24
CA_1,HOBBIES_1_097,11528,4.24
CA_1,HOBBIES_1_097,11529,4.24
CA_1,HOBBIES_1_097,11530,4.24
CA_1,HOBBIES_1_097,11531,4.24
CA_1,HOBBIES_1_097,11532,4.24
CA_1,HOBBIES_1_097,11533,4.24
CA_1,HOBBIES_1_097,11534,4.24
CA_1,HOBBIES_1_097,11535,4.24
CA_1,HOBBIES_1_097,11536,4.24
CA_1,HOBBIES_1_097,11537,4.24
CA_1,HOBBIES_1_097,11538,4.24
CA_1,HOBBIES_1_097,11539,4.24
CA_1,HOBBIES_1_097,11540,4.24
CA_1,HOBBIES_1_097,11541,4.24
CA_1,HOBBIES_1_097,11542,4.24
CA_1,HOBBIES_1_097,11543,4.24
CA_1,HOBBIES_1_097,11544,4.24
CA_1,HOBBIES_1_097,11545,4.24
CA_1,HOBBIES_1_097,11546,4.24
CA_1,HOBBIES_1_097,11547,4.24
CA_1,HOBBIES_1_097,11548,4.24
CA_1,HOBBIES_1_097,11549,4.24
CA_1,HOBBIES_1_097,11550,4.24
CA_1,HOBBIES_1_097,11551,4.24
CA_1,HOBBIES_1_097,11552,4.24
CA_1,HOBBIES_1_097,11601,4.24
CA_1,HOBBIES_1_097,11602,4.24
CA_1,HOBBIES_1_097,11603,4.24
CA_1,HOBBIES_1_097,11604,4.24
CA_1,HOBBIES_1_097,11605,4.24
CA_1,HOBBIES_1_097,11606,4.24
CA_1,HOBBIES_1_097,11607,4.24
CA_1,HOBBIES_1_097,11608,4.24
CA_1,HOBBIES_1_097,11609,4.24
CA_1,HOBBIES_1_097,11610,4.24
CA_1,HOBBIES_1_097,11611,4.24
CA_1,HOBBIES_1_097,11612,4.24
CA_1,HOBBIES_1_097,11613,4.24
CA_1,HOBBIES_1_097,11614,4.24
CA_1,HOBBIES_1_097,11615,4.24
CA_1,HOBBIES_1_097,11616,4.24
CA_1,HOBBIES_1_097,11617,4.24
CA_1,HOBBIES_1_097,11618,4.24
CA_1,HOBBIES_1_097,11619,4.24
CA_1,HOBBIES_1_097,11620,4.24
CA_1,HOBBIES_1_097,11621,4.24
CA_1,HOBBIES_1_098,11101,14.26
CA_1,HOBBIES_1_098,11102,14.26
CA_1,HOBBIES_1_098,11103,14.26
CA_1,HOBBIES_1_098,11104,14.26
CA_1,HOBBIES_1_098,11105,14.26
CA_1,HOBBIES_1_098,11106,14.26
CA_1,HOBBIES_1_098,11107,14.26
CA_1,HOBBIES_1_098,11108,14.26
CA_1,HOBBIES_1_098,11109,14.26
CA_1,HOBBIES_1_098,11110,15.68
CA_1,HOBBIES_1_098,11111,15.68
CA_1,HOBBIES_1_098,11112,15.68
CA_1,HOBBIES_1_098,11113,15.68
CA_1,HOBBIES_1_098,11114,15.68
CA_1,HOBBIES_1_098,11115,15.68
CA_1,HOBBIES_1_098,11116,15.68
CA_1,HOBBIES_1_098,11117,14.97
CA_1,HOBBIES_1_098,11118,14.97
CA_1,HOBBIES_1_098,11119,14.97
CA_1,HOBBIES_1_098,11120,14.97
CA_1,HOBBIES_1_098,11121,14.97
CA_1,HOBBIES_1_098,11122,14.97
CA_1,HOBBIES_1_098,11123,14.97
CA_1,HOBBIES_1_098,11124,14.97
CA_1,HOBBIES_1_098,11125,14.97
CA_1,HOBBIES_1_098,11126,14.97
CA_1,HOBBIES_1_098,11127,14.97
CA_1,HOBBIES_1_098,11128,14.97
CA_1,HOBBIES_1_098,11129,14.97
CA_1,HOBBIES_1_098,11130,14.97
CA_1,HOBBIES_1_098,11131,14.97
CA_1,HOBBIES_1_098,11132,14.97
CA_1,HOBBIES_1_098,11133,14.97
CA_1,HOBBIES_1_098,11134,14.97
CA_1,HOBBIES_1_098,11135,14.97
CA_1,HOBBIES_1_098,11136,14.97
CA_1,HOBBIES_1_098,11137,14.97
CA_1,HOBBIES_1_098,11138,14.97
CA_1,HOBBIES_1_098,11139,14.97
CA_1,HOBBIES_1_098,11140,14.97
CA_1,HOBBIES_1_098,11141,14.97
CA_1,HOBBIES_1_098,11142,14.97
CA_1,HOBBIES_1_098,11143,14.97
CA_1,HOBBIES_1_098,11144,14.97
CA_1,HOBBIES_1_098,11145,14.97
CA_1,HOBBIES_1_098,11146,14.97
CA_1,HOBBIES_1_098,11147,14.97
CA_1,HOBBIES_1_098,11148,14.97
CA_1,HOBBIES_1_098,11149,14.97
CA_1,HOBBIES_1_098,11150,14.97
CA_1,HOBBIES_1_098,11151,14.97
CA_1,HOBBIES_1_098,11152,14.97
CA_1,HOBBIES_1_098,11201,14.97
CA_1,HOBBIES_1_098,11202,14.97
CA_1,HOBBIES_1_098,11203,14.97
CA_1,HOBBIES_1_098,11204,14.97
CA_1,HOBBIES_1_098,11205,14.97
CA_1,HOBBIES_1_098,11206,14.97
CA_1,HOBBIES_1_098,11207,14.97
CA_1,HOBBIES_1_098,11208,14.97
CA_1,HOBBIES_1_098,11209,14.97
CA_1,HOBBIES_1_098,11210,14.97
CA_1,HOBBIES_1_098,11211,14.97
CA_1,HOBBIES_1_098,11212,14.97
CA_1,HOBBIES_1_098,11213,14.97
CA_1,HOBBIES_1_098,11214,14.97
CA_1,HOBBIES_1_098,11215,14.97
CA_1,HOBBIES_1_098,11216,14.97
CA_1,HOBBIES_1_098,11217,14.97
CA_1,HOBBIES_1_098,11218,14.97
CA_1,HOBBIES_1_098,11219,14.97
CA_1,HOBBIES_1_098,11220,14.97
CA_1,HOBBIES_1_098,11221,14.97
CA_1,HOBBIES_1_098,11222,14.97
CA_1,HOBBIES_1_098,11223,14.97
CA_1,HOBBIES_1_098,11224,14.97
CA_1,HOBBIES_1_098,11225,14.97
CA_1,HOBBIES_1_098,11226,14.97
CA_1,HOBBIES_1_098,11227,14.97
CA_1,HOBBIES_1_098,11228,14.97
CA_1,HOBBIES_1_098,11229,14.97
CA_1,HOBBIES_1_098,11230,14.97
CA_1,HOBBIES_1_098,11231,14.97
CA_1,HOBBIES_1_098,11232,14.97
CA_1,HOBBIES_1_098,11233,14.97
CA_1,HOBBIES_1_098,11234,14.97
CA_1,HOBBIES_1_098,11235,14.97
CA_1,HOBBIES_1_098,11236,14.97
CA_1,HOBBIES_1_098,11237,14.97
CA_1,HOBBIES_1_098,11238,14.97
CA_1,HOBBIES_1_098,11239,14.97
CA_1,HOBBIES_1_098,11240,14.97
CA_1,HOBBIES_1_098,11241,14.97
CA_1,HOBBIES_1_098,11242,14.97
CA_1,HOBBIES_1_098,11243,14.97
CA_1,HOBBIES_1_098,11244,14.97
CA_1,HOBBIES_1_098,11245,14.88
CA_1,HOBBIES_1_098,11246,14.88
CA_1,HOBBIES_1_098,11247,14.88
CA_1,HOBBIES_1_098,11248,14.88
CA_1,HOBBIES_1_098,11249,14.88
CA_1,HOBBIES_1_098,11250,14.88
CA_1,HOBBIES_1_098,11251,14.88
CA_1,HOBBIES_1_098,11252,14.88
CA_1,HOBBIES_1_098,11301,14.88
CA_1,HOBBIES_1_098,11302,14.88
CA_1,HOBBIES_1_098,11303,14.88
CA_1,HOBBIES_1_098,11304,14.88
CA_1,HOBBIES_1_098,11305,14.88
CA_1,HOBBIES_1_098,11306,15.48
CA_1,HOBBIES_1_098,11307,15.48
CA_1,HOBBIES_1_098,11308,15.48
CA_1,HOBBIES_1_098,11309,15.48
CA_1,HOBBIES_1_098,11310,15.48
CA_1,HOBBIES_1_098,11311,15.48
CA_1,HOBBIES_1_098,11312,15.48
CA_1,HOBBIES_1_098,11313,15.48
CA_1,HOBBIES_1_098,11314,15.48
CA_1,HOBBIES_1_098,11315,15.48
CA_1,HOBBIES_1_098,11316,15.48
CA_1,HOBBIES_1_098,11317,15.48
CA_1,HOBBIES_1_098,11318,15.48
CA_1,HOBBIES_1_098,11319,15.48
CA_1,HOBBIES_1_098,11320,15.48
CA_1,HOBBIES_1_098,11321,15.48
CA_1,HOBBIES_1_098,11322,15.48
CA_1,HOBBIES_1_098,11323,15.48
CA_1,HOBBIES_1_098,11324,15.48
CA_1,HOBBIES_1_098,11325,15.48
CA_1,HOBBIES_1_098,11326,15.48
CA_1,HOBBIES_1_098,11327,15.48
CA_1,HOBBIES_1_098,11328,15.48
CA_1,HOBBIES_1_098,11329,15.48
CA_1,HOBBIES_1_098,11330,15.48
CA_1,HOBBIES_1_098,11331,15.48
CA_1,HOBBIES_1_098,11332,15.48
CA_1,HOBBIES_1_098,11333,15.48
CA_1,HOBBIES_1_098,11334,15.48
CA_1,HOBBIES_1_098,11335,15.48
CA_1,HOBBIES_1_098,11336,15.48
CA_1,HOBBIES_1_098,11337,15.48
CA_1,HOBBIES_1_098,11338,15.48
CA_1,HOBBIES_1_098,11339,15.48
CA_1,HOBBIES_1_098,11340,15.48
CA_1,HOBBIES_1_098,11341,15.48
CA_1,HOBBIES_1_098,11342,15.48
CA_1,HOBBIES_1_098,11343,15.48
CA_1,HOBBIES_1_098,11344,15.48
CA_1,HOBBIES_1_098,11345,15.48
CA_1,HOBBIES_1_098,11346,15.48
CA_1,HOBBIES_1_098,11347,15.48
CA_1,HOBBIES_1_098,11348,15.48
CA_1,HOBBIES_1_098,11349,15.48
CA_1,HOBBIES_1_098,11350,15.48
CA_1,HOBBIES_1_098,11351,15.48
CA_1,HOBBIES_1_098,11352,15.48
CA_1,HOBBIES_1_098,11353,15.48
CA_1,HOBBIES_1_098,11401,15.48
CA_1,HOBBIES_1_098,11402,15.48
CA_1,HOBBIES_1_098,11403,15.48
CA_1,HOBBIES_1_098,11404,15.48
CA_1,HOBBIES_1_098,11405,15.48
CA_1,HOBBIES_1_098,11406,15.48
CA_1,HOBBIES_1_098,11407,15.48
CA_1,HOBBIES_1_098,11408,15.48
CA_1,HOBBIES_1_098,11409,15.48
CA_1,HOBBIES_1_098,11410,15.48
CA_1,HOBBIES_1_098,11411,15.48
CA_1,HOBBIES_1_098,11412,15.48
CA_1,HOBBIES_1_098,11413,15.48
CA_1,HOBBIES_1_098,11414,15.48
CA_1,HOBBIES_1_098,11415,15.48
CA_1,HOBBIES_1_098,11416,15.48
CA_1,HOBBIES_1_098,11417,15.48
CA_1,HOBBIES_1_098,11418,15.48
CA_1,HOBBIES_1_098,11419,15.48
CA_1,HOBBIES_1_098,11420,15.48
CA_1,HOBBIES_1_098,11421,15.48
CA_1,HOBBIES_1_098,11422,15.48
CA_1,HOBBIES_1_098,11423,15.48
CA_1,HOBBIES_1_098,11424,15.48
CA_1,HOBBIES_1_098,11425,15.48
CA_1,HOBBIES_1_098,11426,15.48
CA_1,HOBBIES_1_098,11427,15.48
CA_1,HOBBIES_1_098,11428,15.48
CA_1,HOBBIES_1_098,11429,15.48
CA_1,HOBBIES_1_098,11430,15.48
CA_1,HOBBIES_1_098,11431,15.48
CA_1,HOBBIES_1_098,11432,15.48
CA_1,HOBBIES_1_098,11433,15.48
CA_1,HOBBIES_1_098,11434,15.48
CA_1,HOBBIES_1_098,11435,15.48
CA_1,HOBBIES_1_098,11436,15.48
CA_1,HOBBIES_1_098,11437,15.48
CA_1,HOBBIES_1_098,11438,15.48
CA_1,HOBBIES_1_098,11439,15.48
CA_1,HOBBIES_1_098,11440,15.48
CA_1,HOBBIES_1_098,11441,15.48
CA_1,HOBBIES_1_098,11442,15.48
CA_1,HOBBIES_1_098,11443,15.48
CA_1,HOBBIES_1_098,11444,15.48
CA_1,HOBBIES_1_098,11445,15.48
CA_1,HOBBIES_1_098,11446,15.48
CA_1,HOBBIES_1_098,11447,15.48
CA_1,HOBBIES_1_098,11448,15.48
CA_1,HOBBIES_1_098,11449,15.48
CA_1,HOBBIES_1_098,11450,15.48
CA_1,HOBBIES_1_098,11451,15.48
CA_1,HOBBIES_1_098,11452,15.48
CA_1,HOBBIES_1_098,11501,15.48
CA_1,HOBBIES_1_098,11502,15.48
CA_1,HOBBIES_1_098,11503,15.48
CA_1,HOBBIES_1_098,11504,15.48
CA_1,HOBBIES_1_098,11505,13.98
CA_1,HOBBIES_1_098,11506,13.98
CA_1,HOBBIES_1_098,11507,13.98
CA_1,HOBBIES_1_098,11508,13.98
CA_1,HOBBIES_1_098,11509,13.98
CA_1,HOBBIES_1_098,11510,13.98
CA_1,HOBBIES_1_098,11511,13.98
CA_1,HOBBIES_1_098,11512,13.98
CA_1,HOBBIES_1_098,11513,13.98
CA_1,HOBBIES_1_098,11514,13.98
CA_1,HOBBIES_1_098,11515,13.98
CA_1,HOBBIES_1_098,11516,13.98
CA_1,HOBBIES_1_098,11517,13.98
CA_1,HOBBIES_1_098,11518,13.98
CA_1,HOBBIES_1_098,11519,13.98
CA_1,HOBBIES_1_098,11520,13.98
CA_1,HOBBIES_1_098,11521,13.98
CA_1,HOBBIES_1_098,11522,13.98
CA_1,HOBBIES_1_098,11523,13.98
CA_1,HOBBIES_1_098,11524,13.98
CA_1,HOBBIES_1_098,11525,13.98
CA_1,HOBBIES_1_098,11526,13.98
CA_1,HOBBIES_1_098,11527,13.98
CA_1,HOBBIES_1_098,11528,13.98
CA_1,HOBBIES_1_098,11529,13.98
CA_1,HOBBIES_1_098,11530,13.98
CA_1,HOBBIES_1_098,11531,13.98
CA_1,HOBBIES_1_098,11532,13.98
CA_1,HOBBIES_1_098,11533,13.98
CA_1,HOBBIES_1_098,11534,13.98
CA_1,HOBBIES_1_098,11535,13.98
CA_1,HOBBIES_1_098,11536,13.98
CA_1,HOBBIES_1_098,11537,13.98
CA_1,HOBBIES_1_098,11538,13.98
CA_1,HOBBIES_1_098,11539,13.98
CA_1,HOBBIES_1_098,11540,13.98
CA_1,HOBBIES_1_098,11541,13.98
CA_1,HOBBIES_1_098,11542,13.98
CA_1,HOBBIES_1_098,11543,13.98
CA_1,HOBBIES_1_098,11544,13.98
CA_1,HOBBIES_1_098,11545,13.98
CA_1,HOBBIES_1_098,11546,13.98
CA_1,HOBBIES_1_098,11547,13.98
CA_1,HOBBIES_1_098,11548,13.98
CA_1,HOBBIES_1_098,11549,13.98
CA_1,HOBBIES_1_098,11550,13.98
CA_1,HOBBIES_1_098,11551,13.98
CA_1,HOBBIES_1_098,11552,13.98
CA_1,HOBBIES_1_098,11601,13.98
CA_1,HOBBIES_1_098,11602,13.98
CA_1,HOBBIES_1_098,11603,13.98
CA_1,HOBBIES_1_098,11604,13.98
CA_1,HOBBIES_1_098,11605,13.98
CA_1,HOBBIES_1_098,11606,13.98
CA_1,HOBBIES_1_098,11607,13.98
CA_1,HOBBIES_1_098,11608,13.98
CA_1,HOBBIES_1_098,11609,13.98
CA_1,HOBBIES_1_098,11610,13.98
CA_1,HOBBIES_1_098,11611,13.98
CA_1,HOBBIES_1_098,11612,13.98
CA_1,HOBBIES_1_098,11613,13.98
CA_1,HOBBIES_1_098,11614,13.98
CA_1,HOBBIES_1_098,11615,13.98
CA_1,HOBBIES_1_098,11616,13.98
CA_1,HOBBIES_1_098,11617,13.98
CA_1,HOBBIES_1_098,11618,13.98
CA_1,HOBBIES_1_098,11619,13.98
CA_1,HOBBIES_1_098,11620,13.98
CA_1,HOBBIES_1_098,11621,13.98
CA_1,HOBBIES_1_099,11101,14.26
CA_1,HOBBIES_1_099,11102,14.26
CA_1,HOBBIES_1_099,11103,14.26
CA_1,HOBBIES_1_099,11104,14.26
CA_1,HOBBIES_1_099,11105,14.26
CA_1,HOBBIES_1_099,11106,14.26
CA_1,HOBBIES_1_099,11107,14.26
CA_1,HOBBIES_1_099,11108,14.26
CA_1,HOBBIES_1_099,11109,14.26
CA_1,HOBBIES_1_099,11110,15.68
CA_1,HOBBIES_1_099,11111,15.68
CA_1,HOBBIES_1_099,11112,15.68
CA_1,HOBBIES_1_099,11113,15.68
CA_1,HOBBIES_1_099,11114,15.68
CA_1,HOBBIES_1_099,11115,15.68
CA_1,HOBBIES_1_099,11116,15.68
CA_1,HOBBIES_1_099,11117,14.97
CA_1,HOBBIES_1_099,11118,14.97
CA_1,HOBBIES_1_099,11119,14.97
CA_1,HOBBIES_1_099,11120,14.97
CA_1,HOBBIES_1_099,11121,14.97
CA_1,HOBBIES_1_099,11122,14.97
CA_1,HOBBIES_1_099,11123,14.97
CA_1,HOBBIES_1_099,11124,14.97
CA_1,HOBBIES_1_099,11125,14.97
CA_1,HOBBIES_1_099,11126,14.97
CA_1,HOBBIES_1_099,11127,14.97
CA_1,HOBBIES_1_099,11128,14.97
CA_1,HOBBIES_1_099,11129,14.97
CA_1,HOBBIES_1_099,11130,14.97
CA_1,HOBBIES_1_099,11131,14.97
CA_1,HOBBIES_1_099,11132,14.97
CA_1,HOBBIES_1_099,11133,14.97
CA_1,HOBBIES_1_099,11134,14.97
CA_1,HOBBIES_1_099,11135,14.97
CA_1,HOBBIES_1_099,11136,14.97
CA_1,HOBBIES_1_099,11137,14.97
CA_1,HOBBIES_1_099,11138,14.97
CA_1,HOBBIES_1_099,11139,14.97
CA_1,HOBBIES_1_099,11140,14.97
CA_1,HOBBIES_1_099,11141,14.97
CA_1,HOBBIES_1_099,11142,14.97
CA_1,HOBBIES_1_099,11143,14.97
CA_1,HOBBIES_1_099,11144,14.97
CA_1,HOBBIES_1_099,11145,14.97
CA_1,HOBBIES_1_099,11146,14.97
CA_1,HOBBIES_1_099,11147,14.97
CA_1,HOBBIES_1_099,11148,14.97
CA_1,HOBBIES_1_099,11149,14.97
CA_1,HOBBIES_1_099,11150,14.97
CA_1,HOBBIES_1_099,11151,14.97
CA_1,HOBBIES_1_099,11152,14.97
CA_1,HOBBIES_1_099,11201,14.97
CA_1,HOBBIES_1_099,11202,14.97
CA_1,HOBBIES_1_099,11203,14.97
CA_1,HOBBIES_1_099,11204,14.97
CA_1,HOBBIES_1_099,11205,14.97
CA_1,HOBBIES_1_099,11206,14.97
CA_1,HOBBIES_1_099,11207,14.97
CA_1,HOBBIES_1_099,11208,14.97
CA_1,HOBBIES_1_099,11209,14.97
CA_1,HOBBIES_1_099,11210,14.97
CA_1,HOBBIES_1_099,11211,14.97
CA_1,HOBBIES_1_099,11212,14.97
CA_1,HOBBIES_1_099,11213,14.97
CA_1,HOBBIES_1_099,11214,14.97
CA_1,HOBBIES_1_099,11215,14.97
CA_1,HOBBIES_1_099,11216,14.97
CA_1,HOBBIES_1_099,11217,14.97
CA_1,HOBBIES_1_099,11218,14.97
CA_1,HOBBIES_1_099,11219,14.97
CA_1,HOBBIES_1_099,11220,14.97
CA_1,HOBBIES_1_099,11221,14.97
CA_1,HOBBIES_1_099,11222,14.97
CA_1,HOBBIES_1_099,11223,14.97
CA_1,HOBBIES_1_099,11224,14.97
CA_1,HOBBIES_1_099,11225,14.97
CA_1,HOBBIES_1_099,11226,14.97
CA_1,HOBBIES_1_099,11227,14.97
CA_1,HOBBIES_1_099,11228,14.97
CA_1,HOBBIES_1_099,11229,14.97
CA_1,HOBBIES_1_099,11230,14.97
CA_1,HOBBIES_1_099,11231,14.97
CA_1,HOBBIES_1_099,11232,14.97
CA_1,HOBBIES_1_099,11233,14.97
CA_1,HOBBIES_1_099,11234,14.97
CA_1,HOBBIES_1_099,11235,14.97
CA_1,HOBBIES_1_099,11236,14.97
CA_1,HOBBIES_1_099,11237,14.97
CA_1,HOBBIES_1_099,11238,14.97
CA_1,HOBBIES_1_099,11239,14.97
CA_1,HOBBIES_1_099,11240,14.97
CA_1,HOBBIES_1_099,11241,14.97
CA_1,HOBBIES_1_099,11242,14.97
CA_1,HOBBIES_1_099,11243,14.97
CA_1,HOBBIES_1_099,11244,14.97
CA_1,HOBBIES_1_099,11245,14.88
CA_1,HOBBIES_1_099,11246,14.88
CA_1,HOBBIES_1_099,11247,14.88
CA_1,HOBBIES_1_099,11248,14.88
CA_1,HOBBIES_1_099,11249,14.88
CA_1,HOBBIES_1_099,11250,14.88
CA_1,HOBBIES_1_099,11251,14.88
CA_1,HOBBIES_1_099,11252,14.88
CA_1,HOBBIES_1_099,11301,14.88
CA_1,HOBBIES_1_099,11302,14.88
CA_1,HOBBIES_1_099,11303,14.88
CA_1,HOBBIES_1_099,11304,14.88
CA_1,HOBBIES_1_099,11305,14.88
CA_1,HOBBIES_1_099,11306,14.88
CA_1,HOBBIES_1_099,11307,15.48
CA_1,HOBBIES_1_099,11308,15.48
CA_1,HOBBIES_1_099,11309,15.48
CA_1,HOBBIES_1_099,11310,15.48
CA_1,HOBBIES_1_099,11311,15.48
CA_1,HOBBIES_1_099,11312,15.48
CA_1,HOBBIES_1_099,11313,15.48
CA_1,HOBBIES_1_099,11314,15.48
CA_1,HOBBIES_1_099,11315,15.48
CA_1,HOBBIES_1_099,11316,15.48
CA_1,HOBBIES_1_099,11317,15.48
CA_1,HOBBIES_1_099,11318,15.48
CA_1,HOBBIES_1_099,11319,15.48
CA_1,HOBBIES_1_099,11320,15.48
CA_1,HOBBIES_1_099,11321,15.48
CA_1,HOBBIES_1_099,11322,15.48
CA_1,HOBBIES_1_099,11323,15.48
CA_1,HOBBIES_1_099,11324,15.48
CA_1,HOBBIES_1_099,11325,15.48
CA_1,HOBBIES_1_099,11326,15.48
CA_1,HOBBIES_1_099,11327,15.48
CA_1,HOBBIES_1_099,11328,15.48
CA_1,HOBBIES_1_099,11329,15.48
CA_1,HOBBIES_1_099,11330,15.48
CA_1,HOBBIES_1_099,11331,15.48
CA_1,HOBBIES_1_099,11332,15.48
CA_1,HOBBIES_1_099,11333,15.48
CA_1,HOBBIES_1_099,11334,15.48
CA_1,HOBBIES_1_099,11335,15.48
CA_1,HOBBIES_1_099,11336,15.48
CA_1,HOBBIES_1_099,11337,15.48
CA_1,HOBBIES_1_099,11338,15.48
CA_1,HOBBIES_1_099,11339,15.48
CA_1,HOBBIES_1_099,11340,15.48
CA_1,HOBBIES_1_099,11341,15.48
CA_1,HOBBIES_1_099,11342,15.48
CA_1,HOBBIES_1_099,11343,15.48
CA_1,HOBBIES_1_099,11344,15.48
CA_1,HOBBIES_1_099,11345,15.48
CA_1,HOBBIES_1_099,11346,15.48
CA_1,HOBBIES_1_099,11347,15.48
CA_1,HOBBIES_1_099,11348,15.48
CA_1,HOBBIES_1_099,11349,15.48
CA_1,HOBBIES_1_099,11350,15.48
CA_1,HOBBIES_1_099,11351,15.48
CA_1,HOBBIES_1_099,11352,15.48
CA_1,HOBBIES_1_099,11353,15.48
CA_1,HOBBIES_1_099,11401,15.48
CA_1,HOBBIES_1_099,11402,15.48
CA_1,HOBBIES_1_099,11403,15.48
CA_1,HOBBIES_1_099,11404,15.48
CA_1,HOBBIES_1_099,11405,15.48
CA_1,HOBBIES_1_099,11406,15.48
CA_1,HOBBIES_1_099,11407,15.48
CA_1,HOBBIES_1_099,11408,15.48
CA_1,HOBBIES_1_099,11409,15.48
CA_1,HOBBIES_1_099,11410,15.48
CA_1,HOBBIES_1_099,11411,15.48
CA_1,HOBBIES_1_099,11412,15.48
CA_1,HOBBIES_1_099,11413,15.48
CA_1,HOBBIES_1_099,11414,15.48
CA_1,HOBBIES_1_099,11415,15.48
CA_1,HOBBIES_1_099,11416,15.48
CA_1,HOBBIES_1_099,11417,15.48
CA_1,HOBBIES_1_099,11418,15.48
CA_1,HOBBIES_1_099,11419,15.48
CA_1,HOBBIES_1_099,11420,15.48
CA_1,HOBBIES_1_099,11421,15.48
CA_1,HOBBIES_1_099,11422,15.48
CA_1,HOBBIES_1_099,11423,15.48
CA_1,HOBBIES_1_099,11424,15.48
CA_1,HOBBIES_1_099,11425,15.48
CA_1,HOBBIES_1_099,11426,15.48
CA_1,HOBBIES_1_099,11427,15.48
CA_1,HOBBIES_1_099,11428,15.48
CA_1,HOBBIES_1_099,11429,15.48
CA_1,HOBBIES_1_099,11430,15.48
CA_1,HOBBIES_1_099,11431,15.48
CA_1,HOBBIES_1_099,11432,15.48
CA_1,HOBBIES_1_099,11433,15.48
CA_1,HOBBIES_1_099,11434,15.48
CA_1,HOBBIES_1_099,11435,15.48
CA_1,HOBBIES_1_099,11436,15.48
CA_1,HOBBIES_1_099,11437,15.48
CA_1,HOBBIES_1_099,11438,15.48
CA_1,HOBBIES_1_099,11439,15.48
CA_1,HOBBIES_1_099,11440,15.48
CA_1,HOBBIES_1_099,11441,15.48
CA_1,HOBBIES_1_099,11442,15.48
CA_1,HOBBIES_1_099,11443,15.48
CA_1,HOBBIES_1_099,11444,15.48
CA_1,HOBBIES_1_099,11445,15.48
CA_1,HOBBIES_1_099,11446,15.48
CA_1,HOBBIES_1_099,11447,15.48
CA_1,HOBBIES_1_099,11448,15.48
CA_1,HOBBIES_1_099,11449,15.48
CA_1,HOBBIES_1_099,11450,15.48
CA_1,HOBBIES_1_099,11451,15.48
CA_1,HOBBIES_1_099,11452,15.48
CA_1,HOBBIES_1_099,11501,15.48
CA_1,HOBBIES_1_099,11502,15.48
CA_1,HOBBIES_1_099,11503,15.48
CA_1,HOBBIES_1_099,11504,15.48
CA_1,HOBBIES_1_099,11505,13.98
CA_1,HOBBIES_1_099,11506,13.98
CA_1,HOBBIES_1_099,11507,13.98
CA_1,HOBBIES_1_099,11508,13.98
CA_1,HOBBIES_1_099,11509,13.98
CA_1,HOBBIES_1_099,11510,13.98
CA_1,HOBBIES_1_099,11511,13.98
CA_1,HOBBIES_1_099,11512,13.98
CA_1,HOBBIES_1_099,11513,13.98
CA_1,HOBBIES_1_099,11514,13.98
CA_1,HOBBIES_1_099,11515,13.98
CA_1,HOBBIES_1_099,11516,13.98
CA_1,HOBBIES_1_099,11517,13.98
CA_1,HOBBIES_1_099,11518,13.98
CA_1,HOBBIES_1_099,11519,13.98
CA_1,HOBBIES_1_099,11520,13.98
CA_1,HOBBIES_1_099,11521,13.98
CA_1,HOBBIES_1_099,11522,13.98
CA_1,HOBBIES_1_099,11523,13.98
CA_1,HOBBIES_1_099,11524,13.98
CA_1,HOBBIES_1_099,11525,13.98
CA_1,HOBBIES_1_099,11526,13.98
CA_1,HOBBIES_1_099,11527,13.98
CA_1,HOBBIES_1_099,11528,13.98
CA_1,HOBBIES_1_099,11529,13.98
CA_1,HOBBIES_1_099,11530,13.98
CA_1,HOBBIES_1_099,11531,13.98
CA_1,HOBBIES_1_099,11532,13.98
CA_1,HOBBIES_1_099,11533,13.98
CA_1,HOBBIES_1_099,11534,13.98
CA_1,HOBBIES_1_099,11535,13.98
CA_1,HOBBIES_1_099,11536,13.98
CA_1,HOBBIES_1_099,11537,13.98
CA_1,HOBBIES_1_099,11538,13.98
CA_1,HOBBIES_1_099,11539,13.98
CA_1,HOBBIES_1_099,11540,13.98
CA_1,HOBBIES_1_099,11541,13.98
CA_1,HOBBIES_1_099,11542,13.98
CA_1,HOBBIES_1_099,11543,13.98
CA_1,HOBBIES_1_099,11544,13.98
CA_1,HOBBIES_1_099,11545,13.98
CA_1,HOBBIES_1_099,11546,13.98
CA_1,HOBBIES_1_099,11547,13.98
CA_1,HOBBIES_1_099,11548,13.98
CA_1,HOBBIES_1_099,11549,13.98
CA_1,HOBBIES_1_099,11550,13.98
CA_1,HOBBIES_1_099,11551,13.98
CA_1,HOBBIES_1_099,11552,13.98
CA_1,HOBBIES_1_099,11601,13.98
CA_1,HOBBIES_1_099,11602,13.98
CA_1,HOBBIES_1_099,11603,13.98
CA_1,HOBBIES_1_099,11604,13.98
CA_1,HOBBIES_1_099,11605,13.98
CA_1,HOBBIES_1_099,11606,13.98
CA_1,HOBBIES_1_099,11607,13.98
CA_1,HOBBIES_1_099,11608,13.98
CA_1,HOBBIES_1_099,11609,13.98
CA_1,HOBBIES_1_099,11610,13.98
CA_1,HOBBIES_1_099,11611,13.98
CA_1,HOBBIES_1_099,11612,13.98
CA_1,HOBBIES_1_099,11613,13.98
CA_1,HOBBIES_1_099,11614,13.98
CA_1,HOBBIES_1_099,11615,13.98
CA_1,HOBBIES_1_099,11616,13.98
CA_1,HOBBIES_1_099,11617,13.98
CA_1,HOBBIES_1_099,11618,13.98
CA_1,HOBBIES_1_099,11619,13.98
CA_1,HOBBIES_1_099,11620,13.98
CA_1,HOBBIES_1_099,11621,13.98
CA_1,HOBBIES_1_100,11101,10.0
CA_1,HOBBIES_1_100,11102,10.0
CA_1,HOBBIES_1_100,11103,10.0
CA_1,HOBBIES_1_100,11104,10.0
CA_1,HOBBIES_1_100,11105,10.0
CA_1,HOBBIES_1_100,11106,10.0
CA_1,HOBBIES_1_100,11107,11.48
CA_1,HOBBIES_1_100,11108,11.48
CA_1,HOBBIES_1_100,11109,11.48
CA_1,HOBBIES_1_100,11110,11.48
CA_1,HOBBIES_1_100,11111,11.48
CA_1,HOBBIES_1_100,11112,11.48
CA_1,HOBBIES_1_100,11113,11.48
CA_1,HOBBIES_1_100,11114,11.48
CA_1,HOBBIES_1_100,11115,11.48
CA_1,HOBBIES_1_100,11116,11.48
CA_1,HOBBIES_1_100,11117,11.48
CA_1,HOBBIES_1_100,11118,11.48
CA_1,HOBBIES_1_100,11119,11.48
CA_1,HOBBIES_1_100,11120,11.48
CA_1,HOBBIES_1_100,11121,11.48
CA_1,HOBBIES_1_100,11122,11.48
CA_1,HOBBIES_1_100,11123,11.48
CA_1,HOBBIES_1_100,11124,11.48
CA_1,HOBBIES_1_100,11125,11.48
CA_1,HOBBIES_1_100,11126,11.48
CA_1,HOBBIES_1_100,11127,11.48
CA_1,HOBBIES_1_100,11128,11.48
CA_1,HOBBIES_1_100,11129,11.48
CA_1,HOBBIES_1_100,11130,11.48
CA_1,HOBBIES_1_100,11131,11.48
CA_1,HOBBIES_1_100,11132,11.48
CA_1,HOBBIES_1_100,11133,11.48
CA_1,HOBBIES_1_100,11134,11.48
CA_1,HOBBIES_1_100,11135,11.48
CA_1,HOBBIES_1_100,11136,11.48
CA_1,HOBBIES_1_100,11137,11.48
CA_1,HOBBIES_1_100,11138,11.48
CA_1,HOBBIES_1_100,11139,11.48
CA_1,HOBBIES_1_100,11140,11.48
CA_1,HOBBIES_1_100,11141,11.48
CA_1,HOBBIES_1_100,11142,11.48
CA_1,HOBBIES_1_100,11143,11.48
CA_1,HOBBIES_1_100,11144,11.48
CA_1,HOBBIES_1_100,11145,11.48
CA_1,HOBBIES_1_100,11146,11.48
CA_1,HOBBIES_1_100,11147,11.48
CA_1,HOBBIES_1_100,11148,11.48
CA_1,HOBBIES_1_100,11149,11.48
CA_1,HOBBIES_1_100,11150,11.48
CA_1,HOBBIES_1_100,11151,11.48
CA_1,HOBBIES_1_100,11152,11.48
CA_1,HOBBIES_1_100,11201,11.48
CA_1,HOBBIES_1_100,11202,11.48
CA_1,HOBBIES_1_100,11203,11.48
CA_1,HOBBIES_1_100,11204,11.48
CA_1,HOBBIES_1_100,11205,11.48
CA_1,HOBBIES_1_100,11206,11.48
CA_1,HOBBIES_1_100,11207,11.48
CA_1,HOBBIES_1_100,11208,11.48
CA_1,HOBBIES_1_100,11209,11.48
CA_1,HOBBIES_1_100,11210,11.48
CA_1,HOBBIES_1_100,11211,11.48
CA_1,HOBBIES_1_100,11212,11.48
CA_1,HOBBIES_1_100,11213,11.48
CA_1,HOBBIES_1_100,11214,11.48
CA_1,HOBBIES_1_100,11215,11.48
CA_1,HOBBIES_1_100,11216,11.48
CA_1,HOBBIES_1_100,11217,11.48
CA_1,HOBBIES_1_100,11218,11.48
CA_1,HOBBIES_1_100,11219,11.48
CA_1,HOBBIES_1_100,11220,11.48
CA_1,HOBBIES_1_100,11221,11.48
CA_1,HOBBIES_1_100,11222,11.48
CA_1,HOBBIES_1_100,11223,11.48
CA_1,HOBBIES_1_100,11224,11.48
CA_1,HOBBIES_1_100,11225,11.48
CA_1,HOBBIES_1_100,11226,11.48
CA_1,HOBBIES_1_100,11227,11.48
CA_1,HOBBIES_1_100,11228,11.48
CA_1,HOBBIES_1_100,11229,11.48
CA_1,HOBBIES_1_100,11230,11.48
CA_1,HOBBIES_1_100,11231,11.48
CA_1,HOBBIES_1_100,11232,11.48
CA_1,HOBBIES_1_100,11233,11.48
CA_1,HOBBIES_1_100,11234,11.48
CA_1,HOBBIES_1_100,11235,11.48
CA_1,HOBBIES_1_100,11236,11.48
CA_1,HOBBIES_1_100,11237,11.48
CA_1,HOBBIES_1_100,11238,11.48
CA_1,HOBBIES_1_100,11239,11.48
CA_1,HOBBIES_1_100,11240,11.48
CA_1,HOBBIES_1_100,11241,11.48
CA_1,HOBBIES_1_100,11242,11.48
CA_1,HOBBIES_1_100,11243,11.48
CA_1,HOBBIES_1_100,11244,11.48
CA_1,HOBBIES_1_100,11245,11.48
CA_1,HOBBIES_1_100,11246,11.48
CA_1,HOBBIES_1_100,11247,11.48
CA_1,HOBBIES_1_100,11248,11.48
CA_1,HOBBIES_1_100,11249,11.48
CA_1,HOBBIES_1_100,11250,11.48
CA_1,HOBBIES_1_100,11251,11.48
CA_1,HOBBIES_1_100,11252,11.48
CA_1,HOBBIES_1_100,11301,10.98
CA_1,HOBBIES_1_100,11302,10.98
CA_1,HOBBIES_1_100,11303,10.98
CA_1,HOBBIES_1_100,11304,10.98
CA_1,HOBBIES_1_100,11305,10.98
CA_1,HOBBIES_1_100,11306,10.98
CA_1,HOBBIES_1_100,11307,10.98
CA_1,HOBBIES_1_100,11308,10.98
CA_1,HOBBIES_1_100,11309,10.98
CA_1,HOBBIES_1_100,11310,10.98
CA_1,HOBBIES_1_100,11311,10.98
CA_1,HOBBIES_1_100,11312,10.98
CA_1,HOBBIES_1_100,11313,10.98
CA_1,HOBBIES_1_100,11314,10.98
CA_1,HOBBIES_1_100,11315,10.98
CA_1,HOBBIES_1_100,11316,10.98
CA_1,HOBBIES_1_100,11317,10.98
CA_1,HOBBIES_1_100,11318,10.98
CA_1,HOBBIES_1_100,11319,10.98
CA_1,HOBBIES_1_100,11320,10.98
CA_1,HOBBIES_1_100,11321,10.98
CA_1,HOBBIES_1_100,11322,10.98
CA_1,HOBBIES_1_100,11323,10.98
CA_1,HOBBIES_1_100,11324,10.98
CA_1,HOBBIES_1_100,11325,10.98
CA_1,HOBBIES_1_100,11326,10.98
CA_1,HOBBIES_1_100,11327,10.98
CA_1,HOBBIES_1_100,11328,10.98
CA_1,HOBBIES_1_100,11329,10.98
CA_1,HOBBIES_1_100,11330,10.98
CA_1,HOBBIES_1_100,11331,10.98
CA_1,HOBBIES_1_100,11332,10.98
CA_1,HOBBIES_1_100,11333,10.98
CA_1,HOBBIES_1_100,11334,10.98
CA_1,HOBBIES_1_100,11335,10.98
CA_1,HOBBIES_1_100,11336,10.98
CA_1,HOBBIES_1_100,11337,10.98
CA_1,HOBBIES_1_100,11338,10.98
CA_1,HOBBIES_1_100,11339,10.98
CA_1,HOBBIES_1_100,11340,10.98
CA_1,HOBBIES_1_100,11341,10.98
CA_1,HOBBIES_1_100,11342,10.98
CA_1,HOBBIES_1_100,11343,10.98
CA_1,HOBBIES_1_100,11344,10.98
CA_1,HOBBIES_1_100,11345,10.98
CA_1,HOBBIES_1_100,11346,10.98
CA_1,HOBBIES_1_100,11347,10.98
CA_1,HOBBIES_1_100,11348,10.98
CA_1,HOBBIES_1_100,11349,10.98
CA_1,HOBBIES_1_100,11350,10.98
CA_1,HOBBIES_1_100,11351,10.98
CA_1,HOBBIES_1_100,11352,10.98
CA_1,HOBBIES_1_100,11353,10.98
CA_1,HOBBIES_1_100,11401,10.98
CA_1,HOBBIES_1_100,11402,10.98
CA_1,HOBBIES_1_100,11403,10.98
CA_1,HOBBIES_1_100,11404,10.98
CA_1,HOBBIES_1_100,11405,10.98
CA_1,HOBBIES_1_100,11406,10.98
CA_1,HOBBIES_1_100,11407,10.98
CA_1,HOBBIES_1_100,11408,10.98
CA_1,HOBBIES_1_100,11409,10.98
CA_1,HOBBIES_1_100,11410,10.98
CA_1,HOBBIES_1_100,11411,10.98
CA_1,HOBBIES_1_100,11412,10.98
CA_1,HOBBIES_1_100,11413,10.98
CA_1,HOBBIES_1_100,11414,10.98
CA_1,HOBBIES_1_100,11415,10.98
CA_1,HOBBIES_1_100,11416,10.98
CA_1,HOBBIES_1_100,11417,10.98
CA_1,HOBBIES_1_100,11418,10.98
CA_1,HOBBIES_1_100,11419,10.98
CA_1,HOBBIES_1_100,11420,10.98
CA_1,HOBBIES_1_100,11421,10.98
CA_1,HOBBIES_1_100,11422,10.98
CA_1,HOBBIES_1_100,11423,10.98
CA_1,HOBBIES_1_100,11424,10.98
CA_1,HOBBIES_1_100,11425,10.98
CA_1,HOBBIES_1_100,11426,10.98
CA_1,HOBBIES_1_100,11427,10.98
CA_1,HOBBIES_1_100,11428,10.98
CA_1,HOBBIES_1_100,11429,10.98
CA_1,HOBBIES_1_100,11430,10.98
CA_1,HOBBIES_1_100,11431,10.98
CA_1,HOBBIES_1_100,11432,10.98
CA_1,HOBBIES_1_100,11433,10.98
CA_1,HOBBIES_1_100,11434,10.98
CA_1,HOBBIES_1_100,11435,10.98
CA_1,HOBBIES_1_100,11436,10.98
CA_1,HOBBIES_1_100,11437,10.98
CA_1,HOBBIES_1_100,11438,10.98
CA_1,HOBBIES_1_100,11439,10.98
CA_1,HOBBIES_1_100,11440,10.98
CA_1,HOBBIES_1_100,11441,10.98
CA_1,HOBBIES_1_100,11442,10.98
CA_1,HOBBIES_1_100,11443,10.98
CA_1,HOBBIES_1_100,11444,10.98
CA_1,HOBBIES_1_100,11445,10.98
CA_1,HOBBIES_1_100,11446,10.98
CA_1,HOBBIES_1_100,11447,10.98
CA_1,HOBBIES_1_100,11448,10.98
CA_1,HOBBIES_1_100,11449,10.98
CA_1,HOBBIES_1_100,11450,10.98
CA_1,HOBBIES_1_100,11451,10.98
CA_1,HOBBIES_1_100,11452,10.98
CA_1,HOBBIES_1_100,11501,10.98
CA_1,HOBBIES_1_100,11502,10.98
CA_1,HOBBIES_1_100,11503,10.98
CA_1,HOBBIES_1_100,11504,10.98
CA_1,HOBBIES_1_100,11505,10.98
CA_1,HOBBIES_1_100,11506,10.98
CA_1,HOBBIES_1_100,11507,10.98
CA_1,HOBBIES_1_100,11508,10.98
CA_1,HOBBIES_1_100,11509,10.98
CA_1,HOBBIES_1_100,11510,10.98
CA_1,HOBBIES_1_100,11511,10.98
CA_1,HOBBIES_1_100,11512,11.28
CA_1,HOBBIES_1_100,11513,11.28
CA_1,HOBBIES_1_100,11514,11.28
CA_1,HOBBIES_1_100,11515,11.28
CA_1,HOBBIES_1_100,11516,11.28
CA_1,HOBBIES_1_100,11517,11.28
CA_1,HOBBIES_1_100,11518,11.28
CA_1,HOBBIES_1_100,11519,11.28
CA_1,HOBBIES_1_100,11520,11.28
CA_1,HOBBIES_1_100,11521,11.28
CA_1,HOBBIES_1_100,11522,11.28
CA_1,HOBBIES_1_100,11523,11.28
CA_1,HOBBIES_1_100,11524,11.28
CA_1,HOBBIES_1_100,11525,11.28
CA_1,HOBBIES_1_100,11526,11.28
CA_1,HOBBIES_1_100,11527,11.28
CA_1,HOBBIES_1_100,11528,11.28
CA_1,HOBBIES_1_100,11529,11.28
CA_1,HOBBIES_1_100,11530,11.28
CA_1,HOBBIES_1_100,11531,11.28
CA_1,HOBBIES_1_100,11532,11.28
CA_1,HOBBIES_1_100,11533,11.28
CA_1,HOBBIES_1_100,11534,11.28
CA_1,HOBBIES_1_100,11535,11.28
CA_1,HOBBIES_1_100,11536,11.28
CA_1,HOBBIES_1_100,11537,11.28
CA_1,HOBBIES_1_100,11538,11.28
CA_1,HOBBIES_1_100,11539,11.28
CA_1,HOBBIES_1_100,11540,11.28
CA_1,HOBBIES_1_100,11541,11.28
CA_1,HOBBIES_1_100,11542,11.28
CA_1,HOBBIES_1_100,11543,11.28
CA_1,HOBBIES_1_100,11544,11.28
CA_1,HOBBIES_1_100,11545,11.28
CA_1,HOBBIES_1_100,11546,11.28
CA_1,HOBBIES_1_100,11547,11.28
CA_1,HOBBIES_1_100,11548,11.28
CA_1,HOBBIES_1_100,11549,11.28
CA_1,HOBBIES_1_100,11550,11.28
CA_1,HOBBIES_1_100,11551,11.28
CA_1,HOBBIES_1_100,11552,11.28
CA_1,HOBBIES_1_100,11601,11.28
CA_1,HOBBIES_1_100,11602,11.28
CA_1,HOBBIES_1_100,11603,11.28
CA_1,HOBBIES_1_100,11604,11.28
CA_1,HOBBIES_1_100,11605,11.28
CA_1,HOBBIES_1_100,11606,11.28
CA_1,HOBBIES_1_100,11607,11.28
CA_1,HOBBIES_1_100,11608,11.28
CA_1,HOBBIES_1_100,11609,11.28
CA_1,HOBBIES_1_100,11610,11.28
CA_1,HOBBIES_1_100,11611,11.28
CA_1,HOBBIES_1_100,11612,11.28
CA_1,HOBBIES_1_100,11613,11.28
CA_1,HOBBIES_1_100,11614,11.28
CA_1,HOBBIES_1_100,11615,11.28
CA_1,HOBBIES_1_100,11616,11.28
CA_1,HOBBIES_1_100,11617,11.28
CA_1,HOBBIES_1_100,11618,11.28
CA_1,HOBBIES_1_100,11619,11.28
CA_1,HOBBIES_1_100,11620,11.28
CA_1,HOBBIES_1_100,11621,11.28
CA_1,HOBBIES_1_102,11223,4.98
CA_1,HOBBIES_1_102,11224,4.98
CA_1,HOBBIES_1_102,11225,4.98
CA_1,HOBBIES_1_102,11226,4.98
CA_1,HOBBIES_1_102,11227,4.98
CA_1,HOBBIES_1_102,11228,4.98
CA_1,HOBBIES_1_102,11229,4.98
CA_1,HOBBIES_1_102,11230,4.98
CA_1,HOBBIES_1_102,11231,4.98
CA_1,HOBBIES_1_102,11232,4.98
CA_1,HOBBIES_1_102,11233,4.98
CA_1,HOBBIES_1_102,11234,4.98
CA_1,HOBBIES_1_102,11235,4.98
CA_1,HOBBIES_1_102,11236,4.98
CA_1,HOBBIES_1_102,11237,4.98
CA_1,HOBBIES_1_102,11238,4.98
CA_1,HOBBIES_1_102,11239,4.98
CA_1,HOBBIES_1_102,11240,4.98
CA_1,HOBBIES_1_102,11241,4.98
CA_1,HOBBIES_1_102,11242,4.98
CA_1,HOBBIES_1_102,11243,4.98
CA_1,HOBBIES_1_102,11244,4.98
CA_1,HOBBIES_1_102,11245,4.98
CA_1,HOBBIES_1_102,11246,4.98
CA_1,HOBBIES_1_102,11247,4.98
CA_1,HOBBIES_1_102,11248,4.98
CA_1,HOBBIES_1_102,11249,4.98
CA_1,HOBBIES_1_102,11250,4.98
CA_1,HOBBIES_1_102,11251,4.98
CA_1,HOBBIES_1_102,11252,4.98
CA_1,HOBBIES_1_102,11301,4.98
CA_1,HOBBIES_1_102,11302,4.98
CA_1,HOBBIES_1_102,11303,4.98
CA_1,HOBBIES_1_102,11304,4.98
CA_1,HOBBIES_1_102,11305,4.98
CA_1,HOBBIES_1_102,11306,4.98
CA_1,HOBBIES_1_102,11307,4.98
CA_1,HOBBIES_1_102,11308,4.98
CA_1,HOBBIES_1_102,11309,4.98
CA_1,HOBBIES_1_102,11310,4.98
CA_1,HOBBIES_1_102,11311,4.98
CA_1,HOBBIES_1_102,11312,4.98
CA_1,HOBBIES_1_102,11313,4.98
CA_1,HOBBIES_1_102,11314,4.98
CA_1,HOBBIES_1_102,11315,4.98
CA_1,HOBBIES_1_102,11316,4.98
CA_1,HOBBIES_1_102,11317,4.98
CA_1,HOBBIES_1_102,11318,4.98
CA_1,HOBBIES_1_102,11319,4.98
CA_1,HOBBIES_1_102,11320,4.98
CA_1,HOBBIES_1_102,11321,4.98
CA_1,HOBBIES_1_102,11322,4.98
CA_1,HOBBIES_1_102,11323,4.98
CA_1,HOBBIES_1_102,11324,4.98
CA_1,HOBBIES_1_102,11325,4.98
CA_1,HOBBIES_1_102,11326,4.98
CA_1,HOBBIES_1_102,11327,4.98
CA_1,HOBBIES_1_102,11328,4.98
CA_1,HOBBIES_1_102,11329,4.98
CA_1,HOBBIES_1_102,11330,4.98
CA_1,HOBBIES_1_102,11331,4.98
CA_1,HOBBIES_1_102,11332,4.98
CA_1,HOBBIES_1_102,11333,4.98
CA_1,HOBBIES_1_102,11334,4.98
CA_1,HOBBIES_1_102,11335,4.98
CA_1,HOBBIES_1_102,11336,4.98
CA_1,HOBBIES_1_102,11337,4.98
CA_1,HOBBIES_1_102,11338,4.98
CA_1,HOBBIES_1_102,11339,4.98
CA_1,HOBBIES_1_102,11340,4.98
CA_1,HOBBIES_1_102,11341,4.98
CA_1,HOBBIES_1_102,11342,4.98
CA_1,HOBBIES_1_102,11343,4.98
CA_1,HOBBIES_1_102,11344,4.98
CA_1,HOBBIES_1_102,11345,4.98
CA_1,HOBBIES_1_102,11346,4.98
CA_1,HOBBIES_1_102,11347,4.98
CA_1,HOBBIES_1_102,11348,4.98
CA_1,HOBBIES_1_102,11349,4.98
CA_1,HOBBIES_1_102,11350,4.98
CA_1,HOBBIES_1_102,11351,4.98
CA_1,HOBBIES_1_102,11352,4.98
CA_1,HOBBIES_1_102,11353,4.98
CA_1,HOBBIES_1_102,11401,4.98
CA_1,HOBBIES_1_102,11402,4.98
CA_1,HOBBIES_1_102,11403,4.98
CA_1,HOBBIES_1_102,11404,4.98
CA_1,HOBBIES_1_102,11405,4.98
CA_1,HOBBIES_1_102,11406,4.98
CA_1,HOBBIES_1_102,11407,4.98
CA_1,HOBBIES_1_102,11408,4.98
CA_1,HOBBIES_1_102,11409,4.98
CA_1,HOBBIES_1_102,11410,4.98
CA_1,HOBBIES_1_102,11411,4.98
CA_1,HOBBIES_1_102,11412,4.98
CA_1,HOBBIES_1_102,11413,4.98
CA_1,HOBBIES_1_102,11414,4.98
CA_1,HOBBIES_1_102,11415,4.98
CA_1,HOBBIES_1_102,11416,4.98
CA_1,HOBBIES_1_102,11417,4.98
CA_1,HOBBIES_1_102,11418,4.98
CA_1,HOBBIES_1_102,11419,4.98
CA_1,HOBBIES_1_102,11420,4.98
CA_1,HOBBIES_1_102,11421,4.98
CA_1,HOBBIES_1_102,11422,4.98
CA_1,HOBBIES_1_102,11423,4.98
CA_1,HOBBIES_1_102,11424,4.98
CA_1,HOBBIES_1_102,11425,4.98
CA_1,HOBBIES_1_102,11426,4.98
CA_1,HOBBIES_1_102,11427,4.98
CA_1,HOBBIES_1_102,11428,4.98
CA_1,HOBBIES_1_102,11429,4.98
CA_1,HOBBIES_1_102,11430,4.98
CA_1,HOBBIES_1_102,11431,4.98
CA_1,HOBBIES_1_102,11432,4.98
CA_1,HOBBIES_1_102,11433,4.98
CA_1,HOBBIES_1_102,11434,4.98
CA_1,HOBBIES_1_102,11435,4.98
CA_1,HOBBIES_1_102,11436,4.98
CA_1,HOBBIES_1_102,11437,4.98
CA_1,HOBBIES_1_102,11438,4.98
CA_1,HOBBIES_1_102,11439,4.98
CA_1,HOBBIES_1_102,11440,4.98
CA_1,HOBBIES_1_102,11441,4.98
CA_1,HOBBIES_1_102,11442,4.98
CA_1,HOBBIES_1_102,11443,4.98
CA_1,HOBBIES_1_102,11444,4.98
CA_1,HOBBIES_1_102,11445,4.98
CA_1,HOBBIES_1_102,11446,4.98
CA_1,HOBBIES_1_102,11447,4.98
CA_1,HOBBIES_1_102,11448,4.98
CA_1,HOBBIES_1_102,11449,4.98
CA_1,HOBBIES_1_102,11450,4.98
CA_1,HOBBIES_1_102,11451,4.98
CA_1,HOBBIES_1_102,11452,4.98
CA_1,HOBBIES_1_102,11501,4.98
CA_1,HOBBIES_1_102,11502,4.98
CA_1,HOBBIES_1_102,11503,4.98
CA_1,HOBBIES_1_102,11504,4.98
CA_1,HOBBIES_1_102,11505,4.98
CA_1,HOBBIES_1_102,11506,4.98
CA_1,HOBBIES_1_102,11507,4.98
CA_1,HOBBIES_1_102,11508,4.98
CA_1,HOBBIES_1_102,11509,4.98
CA_1,HOBBIES_1_102,11510,4.98
CA_1,HOBBIES_1_102,11511,4.98
CA_1,HOBBIES_1_102,11512,4.98
CA_1,HOBBIES_1_102,11513,4.98
CA_1,HOBBIES_1_102,11514,4.98
CA_1,HOBBIES_1_102,11515,4.98
CA_1,HOBBIES_1_102,11516,4.98
CA_1,HOBBIES_1_102,11517,4.98
CA_1,HOBBIES_1_102,11518,4.98
CA_1,HOBBIES_1_102,11519,4.98
CA_1,HOBBIES_1_102,11520,4.98
CA_1,HOBBIES_1_102,11521,4.98
CA_1,HOBBIES_1_102,11522,4.98
CA_1,HOBBIES_1_102,11523,4.98
CA_1,HOBBIES_1_102,11524,4.98
CA_1,HOBBIES_1_102,11525,4.98
CA_1,HOBBIES_1_102,11526,4.98
CA_1,HOBBIES_1_102,11527,4.98
CA_1,HOBBIES_1_102,11528,4.98
CA_1,HOBBIES_1_102,11529,4.98
CA_1,HOBBIES_1_102,11530,4.98
CA_1,HOBBIES_1_102,11531,4.98
CA_1,HOBBIES_1_102,11532,4.98
CA_1,HOBBIES_1_102,11533,4.98
CA_1,HOBBIES_1_102,11534,4.98
CA_1,HOBBIES_1_102,11535,4.98
CA_1,HOBBIES_1_102,11536,4.98
CA_1,HOBBIES_1_102,11537,4.98
CA_1,HOBBIES_1_102,11538,4.98
CA_1,HOBBIES_1_102,11539,4.98
CA_1,HOBBIES_1_102,11540,4.98
CA_1,HOBBIES_1_102,11541,4.98
CA_1,HOBBIES_1_102,11542,4.98
CA_1,HOBBIES_1_102,11543,4.98
CA_1,HOBBIES_1_102,11544,4.98
CA_1,HOBBIES_1_102,11545,4.98
CA_1,HOBBIES_1_102,11546,4.98
CA_1,HOBBIES_1_102,11547,4.98
CA_1,HOBBIES_1_102,11548,4.98
CA_1,HOBBIES_1_102,11549,4.98
CA_1,HOBBIES_1_102,11550,4.98
CA_1,HOBBIES_1_102,11551,4.98
CA_1,HOBBIES_1_102,11552,4.98
CA_1,HOBBIES_1_102,11601,4.98
CA_1,HOBBIES_1_102,11602,4.98
CA_1,HOBBIES_1_102,11603,4.98
CA_1,HOBBIES_1_102,11604,4.98
CA_1,HOBBIES_1_102,11605,4.98
CA_1,HOBBIES_1_102,11606,4.98
CA_1,HOBBIES_1_102,11607,4.98
CA_1,HOBBIES_1_102,11608,4.98
CA_1,HOBBIES_1_102,11609,4.98
CA_1,HOBBIES_1_102,11610,4.98
CA_1,HOBBIES_1_102,11611,4.98
CA_1,HOBBIES_1_102,11612,4.98
CA_1,HOBBIES_1_102,11613,4.98
CA_1,HOBBIES_1_102,11614,4.98
CA_1,HOBBIES_1_102,11615,4.98
CA_1,HOBBIES_1_102,11616,4.98
CA_1,HOBBIES_1_102,11617,4.98
CA_1,HOBBIES_1_102,11618,4.98
CA_1,HOBBIES_1_102,11619,4.98
CA_1,HOBBIES_1_102,11620,4.98
CA_1,HOBBIES_1_102,11621,4.98
CA_1,HOBBIES_1_103,11101,0.7
CA_1,HOBBIES_1_103,11102,0.7
CA_1,HOBBIES_1_103,11103,0.72
CA_1,HOBBIES_1_103,11104,0.72
CA_1,HOBBIES_1_103,11105,0.72
CA_1,HOBBIES_1_103,11106,0.72
CA_1,HOBBIES_1_103,11107,0.72
CA_1,HOBBIES_1_103,11108,0.72
CA_1,HOBBIES_1_103,11109,0.72
CA_1,HOBBIES_1_103,11110,0.72
CA_1,HOBBIES_1_103,11111,0.72
CA_1,HOBBIES_1_103,11112,0.72
CA_1,HOBBIES_1_103,11113,0.72
CA_1,HOBBIES_1_103,11114,0.68
CA_1,HOBBIES_1_103,11115,0.68
CA_1,HOBBIES_1_103,11116,0.68
CA_1,HOBBIES_1_103,11117,0.68
CA_1,HOBBIES_1_103,11118,0.68
CA_1,HOBBIES_1_103,11119,0.68
CA_1,HOBBIES_1_103,11120,0.68
CA_1,HOBBIES_1_103,11121,0.68
CA_1,HOBBIES_1_103,11122,0.68
CA_1,HOBBIES_1_103,11123,0.68
CA_1,HOBBIES_1_103,11124,0.68
CA_1,HOBBIES_1_103,11125,0.68
CA_1,HOBBIES_1_103,11126,0.68
CA_1,HOBBIES_1_103,11127,0.68
CA_1,HOBBIES_1_103,11128,0.68
CA_1,HOBBIES_1_103,11129,0.7
CA_1,HOBBIES_1_103,11130,0.7
CA_1,HOBBIES_1_103,11131,0.7
CA_1,HOBBIES_1_103,11132,0.7
CA_1,HOBBIES_1_103,11133,0.7
CA_1,HOBBIES_1_103,11134,0.7
CA_1,HOBBIES_1_103,11135,0.7
CA_1,HOBBIES_1_103,11136,0.7
CA_1,HOBBIES_1_103,11137,0.7
CA_1,HOBBIES_1_103,11138,0.7
CA_1,HOBBIES_1_103,11139,0.7
CA_1,HOBBIES_1_103,11140,0.7
CA_1,HOBBIES_1_103,11141,0.7
CA_1,HOBBIES_1_103,11142,0.7
CA_1,HOBBIES_1_103,11143,0.7
CA_1,HOBBIES_1_103,11144,0.7
CA_1,HOBBIES_1_103,11145,0.7
CA_1,HOBBIES_1_103,11146,0.7
CA_1,HOBBIES_1_103,11147,0.7
CA_1,HOBBIES_1_103,11148,0.7
CA_1,HOBBIES_1_103,11149,0.7
CA_1,HOBBIES_1_103,11150,0.72
CA_1,HOBBIES_1_103,11151,0.72
CA_1,HOBBIES_1_103,11152,0.72
CA_1,HOBBIES_1_103,11201,0.72
CA_1,HOBBIES_1_103,11202,0.72
CA_1,HOBBIES_1_103,11203,0.72
CA_1,HOBBIES_1_103,11204,0.72
CA_1,HOBBIES_1_103,11205,0.72
CA_1,HOBBIES_1_103,11206,0.72
CA_1,HOBBIES_1_103,11207,0.72
CA_1,HOBBIES_1_103,11208,0.72
CA_1,HOBBIES_1_103,11209,0.72
CA_1,HOBBIES_1_103,11210,0.72
CA_1,HOBBIES_1_103,11211,0.72
CA_1,HOBBIES_1_103,11212,0.72
CA_1,HOBBIES_1_103,11213,0.72
CA_1,HOBBIES_1_103,11214,0.72
CA_1,HOBBIES_1_103,11215,0.72
CA_1,HOBBIES_1_103,11216,0.72
CA_1,HOBBIES_1_103,11217,0.72
CA_1,HOBBIES_1_103,11218,0.72
CA_1,HOBBIES_1_103,11219,0.72
CA_1,HOBBIES_1_103,11220,0.72
CA_1,HOBBIES_1_103,11221,0.72
CA_1,HOBBIES_1_103,11222,0.72
CA_1,HOBBIES_1_103,11223,0.72
CA_1,HOBBIES_1_103,11224,0.72
CA_1,HOBBIES_1_103,11225,0.72
CA_1,HOBBIES_1_103,11226,0.72
CA_1,HOBBIES_1_103,11227,0.72
CA_1,HOBBIES_1_103,11228,0.72
CA_1,HOBBIES_1_103,11229,0.72
CA_1,HOBBIES_1_103,11230,0.72
CA_1,HOBBIES_1_103,11231,0.72
CA_1,HOBBIES_1_103,11232,0.72
CA_1,HOBBIES_1_103,11233,0.72
CA_1,HOBBIES_1_103,11234,0.72
CA_1,HOBBIES_1_103,11235,0.72
CA_1,HOBBIES_1_103,11236,0.72
CA_1,HOBBIES_1_103,11237,0.72
CA_1,HOBBIES_1_103,11238,0.72
CA_1,HOBBIES_1_103,11239,0.72
CA_1,HOBBIES_1_103,11240,0.72
CA_1,HOBBIES_1_103,11241,0.72
CA_1,HOBBIES_1_103,11242,0.72
CA_1,HOBBIES_1_103,11243,0.72
CA_1,HOBBIES_1_103,11244,0.72
CA_1,HOBBIES_1_103,11245,0.72
CA_1,HOBBIES_1_103,11246,0.72
CA_1,HOBBIES_1_103,11247,0.72
CA_1,HOBBIES_1_103,11248,0.72
CA_1,HOBBIES_1_103,11249,0.72
CA_1,HOBBIES_1_103,11250,0.72
CA_1,HOBBIES_1_103,11251,0.72
CA_1,HOBBIES_1_103,11252,0.72
CA_1,HOBBIES_1_103,11301,0.72
CA_1,HOBBIES_1_103,11302,0.72
CA_1,HOBBIES_1_103,11303,0.72
CA_1,HOBBIES_1_103,11304,0.72
CA_1,HOBBIES_1_103,11305,0.72
CA_1,HOBBIES_1_103,11306,0.72
CA_1,HOBBIES_1_103,11307,0.72
CA_1,HOBBIES_1_103,11308,0.72
CA_1,HOBBIES_1_103,11309,0.72
CA_1,HOBBIES_1_103,11310,0.72
CA_1,HOBBIES_1_103,11311,0.72
CA_1,HOBBIES_1_103,11312,0.72
CA_1,HOBBIES_1_103,11313,0.72
CA_1,HOBBIES_1_103,11314,0.72
CA_1,HOBBIES_1_103,11315,0.72
CA_1,HOBBIES_1_103,11316,0.72
CA_1,HOBBIES_1_103,11317,0.72
CA_1,HOBBIES_1_103,11318,0.72
CA_1,HOBBIES_1_103,11319,0.72
CA_1,HOBBIES_1_103,11320,0.72
CA_1,HOBBIES_1_103,11321,0.72
CA_1,HOBBIES_1_103,11322,0.72
CA_1,HOBBIES_1_103,11323,0.72
CA_1,HOBBIES_1_103,11324,0.72
CA_1,HOBBIES_1_103,11325,0.72
CA_1,HOBBIES_1_103,11326,0.72
CA_1,HOBBIES_1_103,11327,0.72
CA_1,HOBBIES_1_103,11328,0.72
CA_1,HOBBIES_1_103,11329,0.72
CA_1,HOBBIES_1_103,11330,0.72
CA_1,HOBBIES_1_103,11331,0.72
CA_1,HOBBIES_1_103,11332,0.72
CA_1,HOBBIES_1_103,11333,0.72
CA_1,HOBBIES_1_103,11334,0.72
CA_1,HOBBIES_1_103,11335,0.72
CA_1,HOBBIES_1_103,11336,0.72
CA_1,HOBBIES_1_103,11337,0.72
CA_1,HOBBIES_1_103,11338,0.72
CA_1,HOBBIES_1_103,11339,0.72
CA_1,HOBBIES_1_103,11340,0.72
CA_1,HOBBIES_1_103,11341,0.72
CA_1,HOBBIES_1_103,11342,0.7
CA_1,HOBBIES_1_103,11343,0.7
CA_1,HOBBIES_1_103,11344,0.7
CA_1,HOBBIES_1_103,11345,0.7
CA_1,HOBBIES_1_103,11346,0.7
CA_1,HOBBIES_1_103,11347,0.7
CA_1,HOBBIES_1_103,11348,0.7
CA_1,HOBBIES_1_103,11349,0.7
CA_1,HOBBIES_1_103,11350,0.7
CA_1,HOBBIES_1_103,11351,0.7
CA_1,HOBBIES_1_103,11352,0.7
CA_1,HOBBIES_1_103,11353,0.7
CA_1,HOBBIES_1_103,11401,0.7
CA_1,HOBBIES_1_103,11402,0.7
CA_1,HOBBIES_1_103,11403,0.7
CA_1,HOBBIES_1_103,11404,0.7
CA_1,HOBBIES_1_103,11405,0.7
CA_1,HOBBIES_1_103,11406,0.7
CA_1,HOBBIES_1_103,11407,0.7
CA_1,HOBBIES_1_103,11408,0.7
CA_1,HOBBIES_1_103,11409,0.7
CA_1,HOBBIES_1_103,11410,0.7
CA_1,HOBBIES_1_103,11411,0.7
CA_1,HOBBIES_1_103,11412,0.7
CA_1,HOBBIES_1_103,11413,0.7
CA_1,HOBBIES_1_103,11414,0.7
CA_1,HOBBIES_1_103,11415,0.7
CA_1,HOBBIES_1_103,11416,0.7
CA_1,HOBBIES_1_103,11417,0.7
CA_1,HOBBIES_1_103,11418,0.7
CA_1,HOBBIES_1_103,11419,0.7
CA_1,HOBBIES_1_103,11420,0.7
CA_1,HOBBIES_1_103,11421,0.7
CA_1,HOBBIES_1_103,11422,0.7
CA_1,HOBBIES_1_103,11423,0.7
CA_1,HOBBIES_1_103,11424,0.7
CA_1,HOBBIES_1_103,11425,0.7
CA_1,HOBBIES_1_103,11426,0.7
CA_1,HOBBIES_1_103,11427,0.7
CA_1,HOBBIES_1_103,11428,0.7
CA_1,HOBBIES_1_103,11429,0.7
CA_1,HOBBIES_1_103,11430,0.7
CA_1,HOBBIES_1_103,11431,0.7
CA_1,HOBBIES_1_103,11432,0.7
CA_1,HOBBIES_1_103,11433,0.7
CA_1,HOBBIES_1_103,11434,0.7
CA_1,HOBBIES_1_103,11435,0.7
CA_1,HOBBIES_1_103,11436,0.7
CA_1,HOBBIES_1_103,11437,0.7
CA_1,HOBBIES_1_103,11438,0.7
CA_1,HOBBIES_1_103,11439,0.7
CA_1,HOBBIES_1_103,11440,0.7
CA_1,HOBBIES_1_103,11441,0.7
CA_1,HOBBIES_1_103,11442,0.7
CA_1,HOBBIES_1_103,11443,0.7
CA_1,HOBBIES_1_103,11444,0.7
CA_1,HOBBIES_1_103,11445,0.7
CA_1,HOBBIES_1_103,11446,0.7
CA_1,HOBBIES_1_103,11447,0.7
CA_1,HOBBIES_1_103,11448,0.7
CA_1,HOBBIES_1_103,11449,0.7
CA_1,HOBBIES_1_103,11450,0.7
CA_1,HOBBIES_1_103,11451,0.7
CA_1,HOBBIES_1_103,11452,0.7
CA_1,HOBBIES_1_103,11501,0.7
CA_1,HOBBIES_1_103,11502,0.7
CA_1,HOBBIES_1_103,11503,0.7
CA_1,HOBBIES_1_103,11504,0.7
CA_1,HOBBIES_1_103,11505,0.7
CA_1,HOBBIES_1_103,11506,0.7
CA_1,HOBBIES_1_103,11507,0.7
CA_1,HOBBIES_1_103,11508,0.7
CA_1,HOBBIES_1_103,11509,0.7
CA_1,HOBBIES_1_103,11510,0.7
CA_1,HOBBIES_1_103,11511,0.7
CA_1,HOBBIES_1_103,11512,0.7
CA_1,HOBBIES_1_103,11513,0.7
CA_1,HOBBIES_1_103,11514,0.7
CA_1,HOBBIES_1_103,11515,0.7
CA_1,HOBBIES_1_103,11516,0.7
CA_1,HOBBIES_1_103,11517,0.7
CA_1,HOBBIES_1_103,11518,0.7
CA_1,HOBBIES_1_103,11519,0.7
CA_1,HOBBIES_1_103,11520,0.7
CA_1,HOBBIES_1_103,11521,0.7
CA_1,HOBBIES_1_103,11522,0.7
CA_1,HOBBIES_1_103,11523,0.7
CA_1,HOBBIES_1_103,11524,0.7
CA_1,HOBBIES_1_103,11525,0.7
CA_1,HOBBIES_1_103,11526,0.7
CA_1,HOBBIES_1_103,11527,0.7
CA_1,HOBBIES_1_103,11528,0.7
CA_1,HOBBIES_1_103,11529,0.7
CA_1,HOBBIES_1_103,11530,0.7
CA_1,HOBBIES_1_103,11531,0.7
CA_1,HOBBIES_1_103,11532,0.7
CA_1,HOBBIES_1_103,11533,0.7
CA_1,HOBBIES_1_103,11534,0.7
CA_1,HOBBIES_1_103,11535,0.7
CA_1,HOBBIES_1_103,11536,0.7
CA_1,HOBBIES_1_103,11537,0.7
CA_1,HOBBIES_1_103,11538,0.7
CA_1,HOBBIES_1_103,11539,0.7
CA_1,HOBBIES_1_103,11540,0.7
CA_1,HOBBIES_1_103,11541,0.7
CA_1,HOBBIES_1_103,11542,0.7
CA_1,HOBBIES_1_103,11543,0.7
CA_1,HOBBIES_1_103,11544,0.7
CA_1,HOBBIES_1_103,11545,0.7
CA_1,HOBBIES_1_103,11546,0.7
CA_1,HOBBIES_1_103,11547,0.7
CA_1,HOBBIES_1_103,11548,0.7
CA_1,HOBBIES_1_103,11549,0.7
CA_1,HOBBIES_1_103,11550,0.7
CA_1,HOBBIES_1_103,11551,0.7
CA_1,HOBBIES_1_103,11552,0.7
CA_1,HOBBIES_1_103,11601,0.7
CA_1,HOBBIES_1_103,11602,0.7
CA_1,HOBBIES_1_103,11603,0.7
CA_1,HOBBIES_1_103,11604,0.7
CA_1,HOBBIES_1_103,11605,0.7
CA_1,HOBBIES_1_103,11606,0.7
CA_1,HOBBIES_1_103,11607,0.7
CA_1,HOBBIES_1_103,11608,0.7
CA_1,HOBBIES_1_103,11609,0.7
CA_1,HOBBIES_1_103,11610,0.7
CA_1,HOBBIES_1_103,11611,0.7
CA_1,HOBBIES_1_103,11612,0.7
CA_1,HOBBIES_1_103,11613,0.7
CA_1,HOBBIES_1_103,11614,0.7
CA_1,HOBBIES_1_103,11615,0.7
CA_1,HOBBIES_1_103,11616,0.7
CA_1,HOBBIES_1_103,11617,0.7
CA_1,HOBBIES_1_103,11618,0.7
CA_1,HOBBIES_1_103,11619,0.7
CA_1,HOBBIES_1_103,11620,0.7
CA_1,HOBBIES_1_103,11621,0.7
CA_1,HOBBIES_1_104,11409,23.98
CA_1,HOBBIES_1_104,11410,23.98
CA_1,HOBBIES_1_104,11411,23.98
CA_1,HOBBIES_1_104,11412,23.98
CA_1,HOBBIES_1_104,11413,23.98
CA_1,HOBBIES_1_104,11414,23.98
CA_1,HOBBIES_1_104,11415,23.98
CA_1,HOBBIES_1_104,11416,23.98
CA_1,HOBBIES_1_104,11417,23.98
CA_1,HOBBIES_1_104,11418,23.98
CA_1,HOBBIES_1_104,11419,23.98
CA_1,HOBBIES_1_104,11420,23.98
CA_1,HOBBIES_1_104,11421,23.98
CA_1,HOBBIES_1_104,11422,23.98
CA_1,HOBBIES_1_104,11423,23.98
CA_1,HOBBIES_1_104,11424,23.98
CA_1,HOBBIES_1_104,11425,23.98
CA_1,HOBBIES_1_104,11426,23.98
CA_1,HOBBIES_1_104,11427,23.98
CA_1,HOBBIES_1_104,11428,23.98
CA_1,HOBBIES_1_104,11429,23.98
CA_1,HOBBIES_1_104,11430,23.98
CA_1,HOBBIES_1_104,11431,23.98
CA_1,HOBBIES_1_104,11432,23.98
CA_1,HOBBIES_1_104,11433,23.98
CA_1,HOBBIES_1_104,11434,23.98
CA_1,HOBBIES_1_104,11435,23.98
CA_1,HOBBIES_1_104,11436,23.98
CA_1,HOBBIES_1_104,11437,23.98
CA_1,HOBBIES_1_104,11438,23.98
CA_1,HOBBIES_1_104,11439,23.98
CA_1,HOBBIES_1_104,11440,23.98
CA_1,HOBBIES_1_104,11441,23.98
CA_1,HOBBIES_1_104,11442,23.98
CA_1,HOBBIES_1_104,11443,23.98
CA_1,HOBBIES_1_104,11444,23.98
CA_1,HOBBIES_1_104,11445,23.98
CA_1,HOBBIES_1_104,11446,23.98
CA_1,HOBBIES_1_104,11447,23.98
CA_1,HOBBIES_1_104,11448,23.98
CA_1,HOBBIES_1_104,11449,23.98
CA_1,HOBBIES_1_104,11450,23.98
CA_1,HOBBIES_1_104,11451,23.98
CA_1,HOBBIES_1_104,11452,23.98
CA_1,HOBBIES_1_104,11501,23.98
CA_1,HOBBIES_1_104,11502,23.98
CA_1,HOBBIES_1_104,11503,23.98
CA_1,HOBBIES_1_104,11504,23.98
CA_1,HOBBIES_1_104,11505,23.98
CA_1,HOBBIES_1_104,11506,23.98
CA_1,HOBBIES_1_104,11507,23.98
CA_1,HOBBIES_1_104,11508,23.98
CA_1,HOBBIES_1_104,11509,23.98
CA_1,HOBBIES_1_104,11510,23.98
CA_1,HOBBIES_1_104,11511,23.98
CA_1,HOBBIES_1_104,11512,23.98
CA_1,HOBBIES_1_104,11513,23.98
CA_1,HOBBIES_1_104,11514,23.98
CA_1,HOBBIES_1_104,11515,23.98
CA_1,HOBBIES_1_104,11516,23.98
CA_1,HOBBIES_1_104,11517,23.98
CA_1,HOBBIES_1_104,11518,23.98
CA_1,HOBBIES_1_104,11519,23.98
CA_1,HOBBIES_1_104,11520,23.98
CA_1,HOBBIES_1_104,11521,23.98
CA_1,HOBBIES_1_104,11522,23.98
CA_1,HOBBIES_1_104,11523,23.98
CA_1,HOBBIES_1_104,11524,23.98
CA_1,HOBBIES_1_104,11525,23.98
CA_1,HOBBIES_1_104,11526,23.98
CA_1,HOBBIES_1_104,11527,23.98
CA_1,HOBBIES_1_104,11528,23.98
CA_1,HOBBIES_1_104,11529,23.98
CA_1,HOBBIES_1_104,11530,23.98
CA_1,HOBBIES_1_104,11531,23.98
CA_1,HOBBIES_1_104,11532,23.98
CA_1,HOBBIES_1_104,11533,23.98
CA_1,HOBBIES_1_104,11534,23.98
CA_1,HOBBIES_1_104,11535,23.98
CA_1,HOBBIES_1_104,11536,23.98
CA_1,HOBBIES_1_104,11537,23.98
CA_1,HOBBIES_1_104,11538,23.98
CA_1,HOBBIES_1_104,11539,23.98
CA_1,HOBBIES_1_104,11540,23.98
CA_1,HOBBIES_1_104,11541,23.98
CA_1,HOBBIES_1_104,11542,23.98
CA_1,HOBBIES_1_104,11543,23.98
CA_1,HOBBIES_1_104,11544,23.98
CA_1,HOBBIES_1_104,11545,23.98
CA_1,HOBBIES_1_104,11546,23.98
CA_1,HOBBIES_1_104,11547,23.98
CA_1,HOBBIES_1_104,11548,23.98
CA_1,HOBBIES_1_104,11549,23.98
CA_1,HOBBIES_1_104,11550,23.98
CA_1,HOBBIES_1_104,11551,23.98
CA_1,HOBBIES_1_104,11552,23.98
CA_1,HOBBIES_1_104,11601,23.98
CA_1,HOBBIES_1_104,11602,23.98
CA_1,HOBBIES_1_104,11603,23.98
CA_1,HOBBIES_1_104,11604,23.98
CA_1,HOBBIES_1_104,11605,23.98
CA_1,HOBBIES_1_104,11606,23.98
CA_1,HOBBIES_1_104,11607,23.98
CA_1,HOBBIES_1_104,11608,23.98
CA_1,HOBBIES_1_104,11609,23.98
CA_1,HOBBIES_1_104,11610,23.98
CA_1,HOBBIES_1_104,11611,23.98
CA_1,HOBBIES_1_104,11612,23.98
CA_1,HOBBIES_1_104,11613,23.98
CA_1,HOBBIES_1_104,11614,23.98
CA_1,HOBBIES_1_104,11615,23.98
CA_1,HOBBIES_1_104,11616,23.98
CA_1,HOBBIES_1_104,11617,23.98
CA_1,HOBBIES_1_104,11618,23.98
CA_1,HOBBIES_1_104,11619,23.98
CA_1,HOBBIES_1_104,11620,23.98
CA_1,HOBBIES_1_104,11621,23.98
